-0.4697,0.5311,-0.4095,0.5741
0.2962,-0.6223,0.3013,-0.659
-0.415,0.451,0.5764,-0.5405
0.8688,-0.3854,0.3062,-0.0539
0.3724,-0.0111,-0.2367,-0.8973
0.8484,-0.4062,0.3266,-0.0926
-0.0804,0.3056,-0.6774,0.6643
-0.5203,0.8419,0.0444,-0.1363
0.4631,-0.4189,-0.3158,0.7144
0.1502,0.2648,0.7303,-0.6116
-0.0403,-0.2506,-0.7041,0.6632
-0.2781,0.5446,0.4016,-0.6817
0.5598,-0.6748,0.4802,-0.0267
0.4739,-0.6516,0.511,-0.2995
0.7166,-0.6943,0.0257,-0.0612
0.6801,0.0642,-0.7255,-0.0835
0.0992,0.41,0.8728,0.2456
0.4407,-0.2288,-0.3458,0.7961
-0.2662,0.3901,-0.6187,0.6279
0.0799,-0.1484,-0.9467,-0.2744
0.723,0.1129,-0.6815,-0.01
-0.7503,0.5927,0.1668,0.2406
-0.8416,0.4344,0.115,-0.2997
-0.1324,-0.8425,-0.3781,-0.3602
0.2456,-0.1341,0.7551,-0.5929
0.1237,0.9861,0.0575,-0.0953
0.2834,-0.1232,-0.8722,0.3792
0.8998,-0.407,0.0805,0.1352
0.2287,-0.0946,-0.7279,0.6394
-0.0603,0.6185,-0.2745,-0.7338
-0.069,0.0593,0.9088,-0.4071
0.0264,-0.4114,0.7321,-0.5422
-0.814,0.3709,-0.3965,0.2065
0.4787,-0.6,-0.5573,0.3166
0.0692,-0.2558,0.4387,-0.8587
0.3316,-0.6182,0.3323,-0.6305
0.2936,0.1076,0.6616,-0.6815
0.435,0.691,0.0231,-0.5768
-0.8227,0.499,0.0449,-0.2686
0.7637,0.0583,0.4517,0.4576
0.3917,0.3903,-0.8283,-0.0903
0.6029,-0.5141,0.4472,-0.4149
0.6087,-0.7315,-0.2762,-0.1347
0.0368,0.7042,0.0126,0.7089
0.0276,-0.1078,0.79,-0.6029
-0.4568,-0.7136,0.411,-0.3363
0.2611,-0.418,0.3455,-0.7986
-0.458,0.5644,-0.3613,0.5841
0.2799,-0.2108,-0.6184,0.7034
0.6524,-0.4289,-0.5392,0.3157
0.2987,0.5632,-0.003,0.7705
0.4212,-0.6497,-0.5341,0.3395
0.3106,-0.1386,-0.5646,0.752
0.7144,-0.6799,-0.1074,-0.1256
0.1887,0.9734,-0.1167,-0.0577
0.6565,-0.1951,0.637,-0.354
0.2065,0.1047,-0.2285,-0.9456
0.6287,0.1431,0.7518,0.1377
-0.5715,-0.3694,-0.01,0.7327
0.9662,0.0699,-0.2041,0.1415
0.7221,0.3277,0.609,-0.0204
0.7521,-0.4697,0.4375,-0.1496
0.5906,-0.1942,0.5819,-0.5243
0.3109,-0.5984,0.2857,-0.6809
0.3356,-0.6364,-0.2265,0.6566
0.6365,-0.3168,-0.6496,0.2693
0.8104,-0.578,0.0557,0.078
0.6029,0.2287,-0.7607,-0.0736
0.6442,-0.3795,-0.5956,0.2936
-0.1103,-0.0951,-0.3889,0.9097
0.6941,-0.7045,-0.1115,-0.0974
0.3227,-0.9213,-0.2091,0.0581
-0.5608,0.4894,0.4625,-0.4817
-0.2153,0.5215,-0.5047,0.6534
0.2899,-0.7501,0.5263,-0.276
0.5539,0.2476,0.794,0.0389
0.1265,0.9601,-0.1331,-0.2108
0.3131,-0.1043,0.8389,-0.4329
0.7201,-0.1706,-0.5732,0.352
0.1909,-0.5943,0.7111,-0.3235
0.2596,0.1163,0.4471,-0.8481
0.6103,-0.1178,-0.6103,-0.491
0.2323,-0.7622,0.3718,-0.4763
0.6788,-0.5859,-0.3677,0.2465
0.7497,-0.2166,-0.539,0.3171
-0.2834,0.4126,-0.7288,0.4673
0.0715,-0.6511,0.4452,0.6105
0.2889,-0.1577,0.5904,-0.737
0.7244,-0.1163,-0.5904,-0.3363
0.1727,-0.1466,-0.9561,-0.186
0.1278,-0.6195,0.6839,0.3635
-0.0979,-0.7624,0.2401,0.5929
-0.8034,0.2833,-0.4048,0.3323
-0.3053,0.6832,0.2576,-0.6113
0.2243,-0.3075,0.9225,0.0638
0.4229,-0.6567,0.3629,-0.5082
0.4088,-0.8991,0.1559,0.0128
-0.0086,0.1225,0.744,-0.6568
0.1413,0.0073,-0.9634,-0.2276
-0.0873,0.687,0.2546,0.675
-0.5489,0.7827,-0.2234,-0.1901
0.5769,-0.5284,-0.572,0.2465
0.196,0.922,-0.3265,0.0694
-0.687,0.4291,0.4051,-0.4241
0.2846,0.073,-0.8711,0.3935
0.5572,-0.7018,0.0862,-0.4353
-0.1202,0.7193,0.1685,0.6632
-0.6136,0.6147,-0.2813,-0.4081
0.9021,-0.4223,0.0716,-0.0526
0.2007,-0.2775,0.3788,-0.8598
0.5163,-0.8495,-0.1089,-0.0046
0.2727,0.552,0.1815,0.7668
0.3166,-0.7478,-0.4435,0.3792
0.6599,-0.7306,0.1543,-0.0835
0.5629,-0.1399,-0.4313,-0.691
0.4228,-0.3985,-0.6055,0.5438
0.5328,-0.5557,0.2177,-0.6
0.6954,0.0702,-0.7132,-0.053
-0.1512,0.4035,-0.7926,0.4315
-0.1233,0.6778,0.2307,0.6871
-0.2415,0.6076,0.3207,-0.6853
0.6483,0.0843,0.6943,0.3007
0.1899,-0.0851,-0.8762,0.4348
0.4435,-0.6025,-0.4792,0.459
0.7774,-0.1609,-0.44,0.4198
0.7049,0.0555,0.7049,0.0555
0.4429,0.0007,0.5137,-0.7348
-0.2575,0.6343,-0.2947,0.6667
0.4673,-0.123,0.3922,-0.7827
0.4018,-0.5584,-0.6382,0.3456
0.3265,-0.6272,-0.6272,0.3265
0.2593,-0.8253,0.3,-0.402
0.0274,-0.6599,0.5202,-0.5415
0.5246,-0.4295,0.4794,-0.5572
-0.5648,-0.4045,0.5863,0.4166
0.4833,-0.4683,-0.6714,0.3105
0.6509,-0.2763,0.6509,-0.2763
0.6382,-0.5996,-0.4782,-0.0671
0.0149,-0.2192,-0.8632,0.4545
-0.7561,0.2968,0.5278,-0.2482
0.0365,0.7032,-0.0128,-0.71
0.6652,-0.3161,-0.6342,0.2355
-0.2198,-0.5671,-0.0689,-0.7908
0.6026,-0.2796,-0.6226,0.4136
0.3403,-0.6662,-0.3437,0.5676
0.7381,0.3911,-0.3277,-0.4415
0.0837,0.5622,-0.1697,-0.8051
-0.3334,0.5882,0.373,-0.6354
0.4215,-0.0618,0.5003,-0.7538
0.6566,0.1268,0.6871,0.284
-0.1425,0.1399,0.8677,-0.4552
0.6195,-0.555,0.4421,-0.3358
0.2725,0.5989,0.064,0.7504
0.5777,-0.2824,0.7132,-0.2789
0.6259,-0.2144,-0.4904,0.5672
-0.4139,0.8823,-0.1161,-0.1916
0.6104,0.306,0.7235,0.1018
0.9276,-0.1052,0.1919,0.3026
0.5201,-0.5353,-0.4239,0.5131
0.2007,-0.4313,0.7265,-0.4959
0.7589,0.3771,0.0792,-0.5249
0.4135,-0.5066,-0.3399,0.6759
0.5754,-0.2043,-0.4668,0.6397
0.649,-0.699,0.2935,0.0633
-0.112,-0.7764,0.2706,0.5581
0.2271,-0.1334,0.7314,-0.629
-0.6059,0.5895,-0.0914,0.5264
-0.3388,0.645,0.2805,-0.6249
0.364,0.4109,0.4165,0.7247
0.1855,0.61,-0.1548,-0.7546
-0.7555,0.2992,-0.4659,0.3502
-0.2638,0.5968,0.4478,-0.6113
0.5556,0.1779,0.8045,0.1112
-0.1442,-0.7162,-0.0521,-0.6808
0.0076,0.6959,0.0663,0.715
0.1762,-0.3968,0.7032,-0.563
0.1888,0.6752,0.1891,0.6875
0.2364,-0.1053,0.8824,-0.3929
0.5812,-0.7251,0.0489,-0.3661
0.5557,0.2755,-0.7754,-0.1188
0.7127,-0.2226,-0.3926,0.5371
-0.9069,0.4023,0.068,-0.1052
0.8259,-0.4094,-0.2799,0.2682
-0.5846,0.7299,0.1809,-0.3045
0.0879,0.0683,-0.2379,-0.9649
-0.2962,0.4675,0.7543,-0.3533
-0.0091,-0.5228,-0.2164,-0.8245
0.5955,-0.6822,-0.4046,0.1277
0.0275,-0.6104,-0.5657,0.5538
0.4015,-0.3565,0.5557,-0.6347
-0.6499,0.4691,-0.4597,0.3824
0.2226,-0.827,0.2854,-0.4303
-0.4989,0.4884,-0.5431,0.4664
0.8003,0.3721,-0.2334,0.4082
0.6673,0.037,0.7267,0.1589
0.7376,-0.6246,-0.2508,0.0547
0.707,-0.0123,0.4545,0.5417
0.0336,-0.3329,-0.1112,-0.9358
0.4545,0.721,-0.4629,0.2434
0.7832,-0.5582,-0.1618,0.2208
0.4709,-0.8429,-0.2602,-0.0019
-0.1228,-0.8214,-0.2105,-0.5156
0.2037,-0.6725,-0.6331,0.3247
-0.1221,-0.7578,-0.1703,-0.618
0.3333,0.7013,-0.0013,0.6302
0.0809,0.79,0.2537,0.5522
0.4624,-0.555,0.6028,-0.3388
0.5208,0.43,0.06,0.735
0.3402,-0.7497,-0.2584,0.5053
0.5142,-0.4289,-0.3594,0.65
0.3787,-0.5721,-0.5329,0.4952
0.4639,-0.5068,-0.4537,0.5676
0.0941,0.9292,-0.2001,-0.296
0.5176,-0.5764,-0.1068,0.6232
0.2285,0.8975,-0.3475,0.1467
0.4522,-0.5386,-0.4936,0.5117
-0.292,-0.5604,0.1016,0.7683
0.1759,0.5499,0.1845,0.7953
-0.9126,0.3798,0.0234,-0.1498
0.63,-0.321,0.63,-0.321
0.384,-0.0381,0.6855,-0.6173
0.6271,-0.4072,-0.5286,0.402
-0.7033,0.5989,-0.2827,0.2583
0.4771,-0.5502,0.5785,-0.3674
0.5106,-0.7626,-0.3686,0.1478
0.4433,-0.1616,-0.6041,0.6422
0.6441,-0.4145,0.5374,-0.3528
0.6184,-0.3023,0.3299,-0.646
0.0542,0.0134,-0.793,0.6066
0.6003,0.7967,-0.042,-0.0557
-0.2783,0.5747,0.5964,-0.4864
0.5684,0.3221,-0.7496,-0.1061
0.7904,0.05,0.4815,0.3755
0.6266,-0.3153,-0.639,0.3157
-0.439,0.634,-0.0849,0.6309
0.696,-0.3742,0.2066,-0.5769
0.1461,0.176,0.8561,-0.4634
0.4649,-0.8204,0.3219,-0.0847
0.6244,0.3504,-0.6981,-0.004
0.6104,-0.7111,0.2719,-0.2186
0.6639,0.133,-0.7058,-0.2085
-0.742,0.6613,-0.0432,-0.1012
0.5105,-0.3764,0.4257,-0.6453
0.6248,-0.2761,0.6504,-0.3322
-0.1151,-0.1681,0.6676,-0.7161
0.6034,0.2469,-0.7576,0.0313
0.5665,-0.2107,0.489,-0.6289
-0.1469,0.4172,0.7998,-0.4058
0.7605,-0.2446,0.2966,-0.5234
-0.5159,0.3983,-0.6511,0.3889
0.234,-0.8158,0.3175,-0.4229
-0.5798,-0.4467,0.5182,0.4424
0.404,-0.8949,0.1896,-0.0018
0.6326,-0.66,0.3647,-0.1767
0.6524,-0.526,-0.5123,0.1878
-0.2667,0.558,-0.7099,0.337
0.3943,-0.5849,-0.5428,0.4558
0.3312,0.3729,-0.8613,-0.0969
0.4869,-0.2169,0.71,-0.4603
0.7838,-0.4245,0.2565,-0.3737
0.1316,0.2033,0.9289,0.28
-0.3692,0.8864,-0.0316,0.2774
0.109,0.0796,-0.7729,0.62
-0.3654,0.5957,0.4443,-0.5606
0.3804,-0.642,0.5642,-0.3534
0.1228,0.6964,-0.1228,-0.6964
0.1445,0.9253,-0.3487,0.0356
-0.5955,0.54,0.3029,-0.5118
-0.2732,0.5405,-0.5243,0.5985
0.5022,-0.4605,-0.399,0.6136
0.186,0.6882,-0.2038,-0.671
0.8344,0.2102,-0.0372,-0.5082
0.6565,-0.4114,-0.2745,0.5696
0.5805,-0.598,0.473,-0.2859
0.57,0.1772,0.7944,0.1128
0.0178,-0.6074,-0.5014,0.6159
-0.819,0.3135,-0.4292,0.2163
0.1129,0.891,-0.4397,0.0068
0.546,-0.4819,0.3623,-0.5817
0.5829,-0.7094,-0.3164,0.2384
0.4979,-0.7824,0.3557,0.1154
0.1432,0.0716,-0.6254,0.7637
-0.3261,0.286,0.7821,-0.4475
0.695,-0.1418,-0.5943,0.3791
0.1015,0.1105,-0.5988,0.7867
0.0829,0.709,0.1017,0.6929
-0.2269,-0.6308,-0.0766,-0.738
0.7564,-0.2208,-0.4412,0.4294
-0.5093,0.6607,0.0322,0.5505
0.4965,-0.4352,-0.5177,0.5441
-0.0023,-0.689,0.352,0.6336
0.6028,-0.1984,-0.729,-0.2565
0.6974,0.1167,0.6974,0.1167
0.4069,-0.6242,-0.3926,0.5391
0.3782,0.1106,-0.4027,0.8262
0.5342,-0.7846,-0.2773,0.1489
0.1725,0.6887,-0.1816,-0.6804
0.4081,-0.6855,0.3831,-0.4657
0.4501,0.1885,-0.8702,-0.0681
0.5479,-0.0506,-0.395,-0.7357
0.8124,-0.4596,0.1761,-0.3127
0.1945,0.2072,0.7197,-0.6335
0.5069,0.753,0.1852,0.3764
0.5222,-0.1174,-0.3844,-0.7522
0.331,0.0172,-0.1619,-0.9295
-0.813,0.3193,0.4383,-0.2119
0.5183,-0.1137,-0.3409,0.776
0.8081,0.0956,0.5522,0.1812
0.5337,0.4639,-0.5337,-0.4639
0.7254,0.1459,0.6183,0.2649
0.7056,0.2241,-0.4386,0.5094
-0.4915,0.3712,-0.6369,0.4638
0.5681,-0.5546,0.4727,-0.3825
0.4622,-0.5881,0.5354,-0.3923
0.1683,-0.5909,-0.5782,0.5369
0.2602,-0.6194,-0.3364,0.6599
0.6974,0.1167,-0.6974,-0.1167
-0.1274,0.4806,-0.7688,-0.4022
0.4484,-0.5316,0.2247,-0.6825
0.6497,-0.4955,-0.1918,0.5436
-0.6927,0.646,0.2023,-0.2489
0.6074,0.2801,-0.7431,-0.0193
0.4978,-0.6109,0.4956,-0.3653
0.3787,-0.04,-0.7781,0.4995
0.6917,-0.2389,-0.5322,0.4256
-0.2697,-0.9057,0.1212,-0.3037
-0.2433,-0.603,-0.0828,-0.7552
-0.1213,0.3688,0.8389,-0.3814
-0.8247,0.4489,0.1791,-0.2939
0.5319,-0.7876,-0.2948,0.0989
0.5749,-0.5285,0.5148,-0.3539
0.8259,-0.2667,-0.4014,0.2926
0.711,-0.4564,-0.1833,0.5026
0.3309,0.5807,-0.0497,0.7422
0.8422,-0.4189,-0.0147,0.3392
-0.0979,0.2282,0.2611,0.9328
0.3741,-0.7324,0.2245,-0.5226
0.597,-0.536,-0.5021,0.3228
0.8341,-0.4651,0.0521,-0.2918
0.524,-0.4428,-0.4816,0.5453
0.7267,-0.6776,0.0772,0.0828
0.4836,-0.7977,-0.3509,0.0816
-0.409,0.8221,0.0252,0.3953
0.4309,-0.4011,0.4521,-0.6701
0.6271,-0.2718,0.559,-0.4694
0.3489,-0.8198,-0.2872,0.3518
0.6292,-0.477,-0.0131,0.6135
0.2128,-0.6637,-0.5553,0.4538
0.705,-0.2998,-0.4097,0.4953
0.6667,-0.6866,0.0751,-0.2801
0.8936,-0.4015,-0.106,-0.1707
0.6687,0.1486,-0.7056,-0.1813
-0.6103,0.7569,0.1403,-0.1868
-0.5912,0.732,-0.1378,0.3092
0.6994,0.0669,-0.671,-0.2369
-0.8286,0.3035,-0.2914,0.3694
0.4956,-0.4362,0.6542,-0.3689
-0.374,0.5987,0.483,-0.5181
0.2521,-0.5132,0.5398,-0.6178
0.5707,-0.2681,0.7142,-0.3039
0.901,-0.3414,0.0336,-0.2655
-0.407,0.887,-0.0277,0.2166
-0.0433,-0.7042,-0.0554,-0.7065
0.8888,0.2238,0.3987,-0.0314
0.2248,0.9705,0.0281,0.083
0.3088,-0.6332,-0.2661,0.6579
-0.8159,0.3385,-0.0872,0.4605
0.2183,0.915,-0.3394,0.0049
0.1851,0.0126,-0.5256,0.8302
-0.6123,0.5514,0.0826,-0.5606
0.7849,-0.5786,-0.0015,0.2216
-0.82,0.36,-0.0133,0.4448
-0.3374,0.5985,-0.2351,0.6875
0.358,-0.2797,0.8415,-0.2924
0.5057,-0.5232,0.5266,-0.4395
0.1556,0.7306,-0.1137,-0.6551
-0.1161,-0.5526,0.8078,0.1692
0.5515,-0.2231,0.7093,-0.3782
-0.4407,0.4466,-0.5869,0.5117
0.3161,-0.5885,0.3138,-0.6748
0.5937,-0.1488,0.6794,-0.4047
0.5566,0.1914,0.801,0.1096
0.5699,-0.5596,-0.561,0.2176
0.1262,0.4036,0.4163,-0.8049
0.5201,-0.3867,-0.6409,0.4113
0.4202,-0.5976,-0.458,0.5065
0.677,-0.2365,0.4269,-0.5509
0.0448,0.1857,-0.1889,-0.9632
0.4691,0.256,-0.7902,0.3
0.6686,-0.3815,-0.3792,0.5134
0.8141,-0.3788,0.1943,-0.395
0.1665,-0.3594,-0.7517,0.5273
-0.6437,0.3531,-0.5453,0.4044
-0.6389,0.3162,0.6267,-0.3148
0.6855,0.323,0.6448,-0.1003
0.5697,-0.2978,0.68,-0.3528
0.5124,-0.3289,0.6636,-0.4348
0.5715,-0.3391,0.6116,-0.4292
-0.9562,-0.1753,0.0771,0.2214
0.5422,-0.1929,-0.6278,0.5241
0.5409,-0.7318,-0.3727,0.1817
0.426,-0.2081,0.5952,-0.6488
0.5684,-0.5431,-0.5044,0.357
0.3136,-0.5902,0.2711,-0.6927
0.433,-0.2253,0.6317,0.6023
0.1966,0.635,-0.1445,-0.733
0.5714,-0.6451,0.4678,-0.1964
0.5688,-0.7712,-0.2065,-0.1975
0.208,0.7922,-0.5505,-0.1614
0.5132,-0.5171,-0.5116,0.4554
-0.1565,-0.6945,-0.1617,-0.6834
0.5384,-0.5788,0.5693,-0.226
-0.6699,0.4202,-0.4617,0.402
-0.0382,0.0975,0.8836,-0.4564
0.8684,0.2917,0.3969,-0.0572
0.5445,-0.1669,-0.4634,0.6789
0.2572,-0.6664,-0.295,0.6346
0.2169,-0.1078,-0.3834,0.8913
0.4508,-0.5609,-0.2591,0.6442
-0.0712,-0.7507,-0.5096,-0.4143
-0.0565,-0.4706,0.0025,0.8805
0.2842,-0.5731,-0.2996,0.7078
-0.6735,-0.0535,0.735,0.0573
0.7085,0.0376,0.703,0.0487
0.4407,-0.3935,-0.5282,0.6099
0.9389,0.2602,-0.1894,0.1217
0.3267,-0.5143,0.6861,-0.3975
0.5687,0.3909,-0.7159,0.1061
0.4775,-0.4638,-0.5119,0.543
0.628,0.3011,-0.714,-0.0711
0.5969,-0.5516,-0.2685,0.5171
0.6931,0.0101,0.6648,0.2785
0.4998,-0.6405,0.5313,-0.2401
0.4123,-0.3406,0.4949,-0.6849
0.4056,-0.0662,-0.7789,0.4736
0.3519,0.1648,0.7144,0.5819
-0.1637,0.2407,-0.6918,0.6608
-0.1053,0.6031,-0.5632,0.5549
-0.2433,0.6389,0.3418,-0.6449
0.6523,-0.6104,0.0677,0.4442
0.0962,-0.2566,-0.7809,0.5614
0.1231,-0.2459,0.7778,-0.5652
0.4036,-0.8682,-0.11,-0.2669
-0.217,0.4292,0.7032,-0.5237
0.0927,0.0736,0.8206,-0.5592
0.4891,-0.5349,0.5095,-0.4637
0.5257,-0.6553,0.4209,-0.3422
0.2173,-0.7177,-0.4846,0.4504
0.5344,-0.5099,0.6406,-0.2101
0.0678,-0.0184,0.9663,0.2477
0.2725,-0.7712,-0.3986,0.4149
-0.1389,-0.6438,-0.1904,-0.728
-0.4842,0.5323,-0.4041,0.5647
0.3083,0.1082,-0.5512,0.7677
0.1177,-0.1206,0.5345,-0.8282
0.6811,-0.0065,0.4163,0.6023
0.4062,0.564,-0.4149,-0.5871
0.2821,-0.6682,-0.4842,0.4894
0.7734,-0.5763,-0.2601,0.0448
-0.427,0.4433,0.7439,-0.2603
0.8074,-0.0197,0.5259,0.2668
0.2353,0.4976,0.0836,0.8307
0.0738,0.3563,-0.6365,0.68
0.5377,-0.4908,-0.6797,0.0899
-0.0639,0.3347,0.0861,0.9362
0.3027,0.3328,-0.0599,-0.8911
0.4636,-0.3764,-0.5126,0.617
0.5886,0.6729,-0.1973,0.4022
0.5478,-0.5544,-0.1266,0.6136
0.3675,0.8977,0.2098,0.1227
0.6393,-0.0654,-0.4824,0.5953
0.8787,0.1983,0.4299,-0.0608
0.5086,-0.1621,0.5174,-0.6688
0.2747,-0.6244,-0.3001,0.6667
0.5601,-0.2716,0.7028,-0.3443
0.7112,-0.6624,-0.2298,-0.0513
0.2059,0.6682,0.0976,-0.7082
-0.0918,0.6161,-0.3917,0.6771
-0.0612,0.2181,0.8966,-0.3805
-0.6742,0.5509,0.151,-0.4681
0.7993,-0.3998,0.4316,-0.1227
0.157,-0.2895,-0.0926,-0.9397
0.2304,-0.1204,0.8927,-0.368
0.6022,-0.3767,0.5546,-0.4334
-0.2609,-0.9187,0.1695,-0.2432
0.1888,0.6701,0.1652,0.6986
0.6117,-0.4606,0.5208,-0.3774
0.5273,-0.495,0.515,-0.4601
0.2003,-0.6563,0.3812,-0.6195
0.6664,-0.1747,-0.5252,0.4995
-0.8934,0.3633,0.0187,-0.2636
0.597,-0.5951,0.3962,-0.364
0.5252,-0.5465,0.5342,-0.3744
-0.6458,0.7233,-0.0307,0.2427
-0.9202,0.3426,-0.0343,0.1864
-0.5519,0.4948,0.3138,-0.5934
0.6793,-0.3815,-0.5671,0.2673
0.4737,-0.3335,-0.6163,0.5335
0.1274,-0.2682,-0.7683,0.5671
0.0836,0.3495,-0.4702,0.8061
0.1462,-0.2902,-0.9251,-0.1965
0.0383,0.3675,0.539,-0.7569
0.488,-0.602,-0.5859,0.237
0.3134,-0.667,0.2949,-0.6082
0.6994,0.1898,0.6878,0.0424
0.3841,0.0167,-0.9153,-0.1199
0.3203,-0.4938,-0.3001,0.7507
0.3316,-0.0233,0.8092,-0.4845
0.5198,-0.2721,0.5136,-0.6261
0.4577,-0.5436,0.4608,-0.5317
0.5851,-0.4914,0.5912,-0.2581
-0.1476,-0.5815,0.0342,0.7993
0.1104,0.727,-0.1227,-0.6665
-0.0823,-0.3822,0.6145,-0.6852
0.3696,0.1018,0.9211,0.0681
-0.3402,-0.7346,-0.1232,-0.574
-0.8218,0.4236,-0.284,0.254
0.6647,-0.1965,0.6287,-0.3525
-0.2913,-0.8958,0.0871,-0.3241
0.7022,0.0491,-0.7016,-0.1108
0.708,-0.4316,-0.3659,0.4226
0.8528,0.0388,-0.4501,-0.262
-0.1861,0.7111,0.3906,-0.5542
0.2203,-0.6611,0.4046,-0.5922
0.6007,-0.7906,0.0958,-0.0695
0.5759,-0.6108,-0.4781,0.2581
0.3003,-0.5531,0.3708,-0.683
0.4019,-0.899,0.0785,-0.1551
-0.5461,0.496,0.3209,-0.5939
0.3371,-0.5085,0.5058,-0.6099
0.7768,-0.0805,0.5277,0.3341
0.5134,-0.461,-0.3868,0.6118
-0.2741,-0.6109,-0.0381,-0.7417
0.4957,-0.8271,0.2532,0.0781
0.6463,-0.3041,0.3373,-0.6132
0.5846,-0.1472,-0.5338,0.593
0.5198,-0.7479,-0.4066,0.0717
-0.317,0.4832,0.6468,-0.4976
-0.621,0.4845,-0.1507,0.5974
-0.0751,-0.2645,-0.8232,0.4968
0.7414,0.1368,0.635,0.1683
0.5237,-0.6549,-0.3468,0.4201
0.2505,0.5238,-0.1061,-0.8072
-0.1435,0.3582,-0.8395,0.3825
0.516,-0.5321,0.3268,-0.5864
0.2991,-0.7421,0.3332,-0.4989
-0.5349,0.5095,0.4637,-0.4891
0.7282,-0.5359,0.1459,-0.4015
0.4482,-0.5443,-0.6044,0.3708
0.3965,-0.4913,0.6167,-0.4701
0.0047,-0.0528,0.9667,0.2505
0.5724,-0.2935,0.5561,-0.5263
0.0482,-0.7656,0.6074,-0.2064
0.4152,-0.4656,0.5431,-0.562
0.5098,-0.3969,0.3684,-0.6684
0.2801,-0.7048,0.293,-0.5822
0.5259,-0.7651,0.358,0.0991
0.564,-0.7869,-0.2087,-0.1385
-0.5562,0.4534,-0.3575,0.5977
0.0924,0.3337,-0.7765,0.5264
0.293,0.7315,0.0792,0.6106
0.1991,-0.0619,-0.7434,0.6355
-0.9457,-0.0662,-0.0054,-0.3181
-0.7331,-0.3751,-0.0769,0.5621
0.6427,-0.0722,-0.4683,-0.6021
0.5398,-0.336,-0.6193,0.4607
-0.8222,0.2473,0.3832,-0.3406
0.0112,0.7532,-0.4676,-0.4624
0.9114,-0.4009,0.0281,-0.0881
0.5608,-0.5624,-0.5387,0.2813
0.6347,-0.4623,0.5774,-0.2235
0.6179,-0.4234,0.4751,-0.4617
0.7027,0.1406,0.6912,0.0926
-0.2529,0.5875,0.4645,0.6125
0.4184,-0.3955,-0.7939,0.1958
0.7001,0.0356,0.7121,0.0384
0.1579,0.8891,0.141,0.4057
0.673,-0.3837,-0.5789,0.2542
-0.2786,-0.5312,0.0199,-0.7999
0.6343,-0.3488,-0.5405,0.4288
-0.3812,0.5863,-0.2573,0.6668
-0.2701,-0.9288,0.063,-0.2458
0.3721,-0.6692,0.5551,-0.325
-0.2924,0.6605,0.5579,-0.4086
0.8096,-0.5089,0.1479,0.2524
0.0583,0.9251,0.0438,0.3727
0.4483,-0.1061,-0.7995,0.3854
0.7492,-0.6236,0.2074,0.0824
0.1268,-0.744,-0.3447,-0.5582
0.3996,-0.2164,-0.3727,-0.8091
-0.0757,0.6113,-0.6289,-0.4744
-0.8844,0.4051,0.1638,-0.164
0.5368,-0.8175,0.1639,0.129
0.5997,0.2197,0.751,0.1676
-0.3358,-0.4399,-0.0885,-0.8282
0.702,-0.4793,0.5251,-0.0416
-0.7951,0.3946,0.1328,-0.4409
-0.0217,-0.1725,0.1695,0.9701
0.201,-0.6241,-0.4222,0.626
0.6485,-0.282,-0.6485,0.282
-0.1236,-0.6985,0.1341,0.692
-0.7492,0.5507,-0.2221,0.2936
-0.0195,0.4933,0.6019,-0.6277
0.3439,-0.6435,0.2865,-0.6209
0.1371,0.1875,-0.6014,0.7645
0.837,-0.3828,-0.3609,0.1505
0.1753,-0.317,0.5565,-0.7478
0.1132,-0.1961,0.9541,0.1961
-0.1735,-0.1318,0.4905,-0.8438
0.5096,-0.4113,-0.7276,-0.2043
0.6013,0.1159,0.7345,0.2925
0.1306,-0.6014,-0.5539,0.5607
0.4164,-0.6237,0.4314,-0.5014
0.6537,0.0104,-0.7239,-0.2202
0.4986,-0.1035,0.5612,-0.6525
-0.7606,0.2722,0.4311,-0.402
0.9063,-0.3886,0.1607,0.0419
0.49,-0.2064,-0.5901,0.6076
0.8212,0.0466,-0.4609,-0.3332
0.0728,-0.2689,0.9555,0.0968
0.6312,-0.0978,0.529,-0.5587
0.9449,0.2342,-0.2282,-0.0151
-0.5945,0.3588,0.6299,-0.348
-0.1596,-0.6993,-0.0611,-0.6941
0.0142,0.4283,-0.8067,0.4068
0.775,0.0528,0.3527,0.5218
0.1746,0.9198,0.3504,-0.0286
0.5422,-0.7464,-0.3677,0.1171
-0.6067,0.3387,0.63,-0.3468
0.4769,-0.5285,0.4962,-0.497
-0.9628,-0.2464,0.057,0.0948
0.1281,-0.3944,0.6494,-0.6374
0.3548,-0.2982,-0.7668,0.4441
-0.2259,0.3629,-0.7253,0.5397
0.696,0.1507,0.6846,0.1554
0.2357,-0.6783,-0.3692,0.5899
0.3882,-0.0048,-0.616,0.6854
0.4405,-0.6276,0.5239,-0.371
0.3423,0.4249,0.1027,0.8317
0.1521,-0.8983,0.3244,0.2544
0.1758,-0.586,-0.4922,0.6192
-0.0266,0.508,0.5275,-0.6804
0.6479,-0.3251,0.6547,-0.2144
0.4882,-0.5291,0.558,-0.4129
0.9112,-0.3774,0.0632,0.1525
0.2952,-0.6312,-0.2912,0.6555
-0.7787,0.6228,0.0039,0.0748
0.6143,0.3909,-0.6081,0.3162
0.7185,-0.685,-0.1162,-0.0329
0.8637,0.1015,-0.3955,-0.2955
0.0534,0.0331,-0.9089,0.4122
0.4324,-0.6587,0.3423,-0.5118
-0.0133,0.7713,-0.3706,-0.5172
0.0802,0.4169,0.6788,-0.5992
0.5812,-0.2115,0.5472,-0.564
0.4277,-0.1021,-0.3515,0.8265
0.3836,-0.5339,0.6563,-0.3701
0.1243,0.9821,-0.1412,-0.0088
-0.8893,0.3843,0.0931,-0.2296
-0.5035,0.5049,-0.4604,0.5288
0.631,-0.2935,0.6557,-0.2929
-0.398,0.6135,0.1812,-0.6576
-0.1078,-0.1711,0.5924,-0.7798
0.0987,-0.1352,0.9547,0.2459
0.6504,-0.3138,0.5562,-0.4113
-0.5647,0.7054,-0.0493,-0.4255
0.8474,-0.4864,0.0545,-0.2056
0.652,-0.1501,0.652,0.3567
0.0671,0.7862,-0.2779,-0.5479
0.5568,-0.7562,-0.2901,0.1843
0.2561,-0.4355,-0.6245,0.5956
-0.0757,-0.8652,0.3172,0.3809
-0.8512,0.3961,0.2706,-0.213
0.4799,-0.679,0.4667,-0.3013
0.4448,-0.4809,-0.5922,0.4693
0.2567,-0.7805,-0.4573,0.3403
0.7629,0.214,-0.4371,0.4256
0.4269,-0.6205,-0.3923,0.5281
-0.3363,0.8119,-0.1826,0.4408
0.4148,-0.7424,0.457,-0.2606
0.6478,-0.0357,-0.4648,-0.6026
0.5778,-0.255,0.6742,-0.3829
0.8265,-0.257,0.4138,-0.2823
0.3506,-0.6274,0.3457,-0.6032
0.7647,-0.6321,-0.1202,-0.0353
0.1737,0.6061,-0.0694,-0.773
-0.17,-0.9324,0.028,0.3176
0.2975,0.1664,0.7672,-0.5434
0.3928,-0.609,-0.5001,0.4741
0.9029,0.1013,-0.4176,-0.0026
0.128,0.6918,0.0932,0.7045
0.5389,-0.5043,0.556,-0.3823
-0.2185,0.6725,-0.5417,0.4545
0.2159,-0.1852,0.6931,-0.6624
0.6226,-0.0973,-0.6405,0.4389
0.4245,-0.6883,-0.1721,0.5625
-0.0824,0.4177,0.6737,-0.6041
0.348,-0.7557,0.539,-0.1313
0.616,-0.7835,-0.0817,-0.0086
-0.8876,0.3633,-0.0609,0.2764
0.1489,0.3891,-0.6109,0.6732
-0.0567,-0.9412,0.0456,-0.3298
0.9446,0.0412,-0.3253,-0.0142
0.3725,-0.9146,-0.1515,-0.0426
0.4,-0.048,-0.5566,0.7266
0.7727,-0.5787,-0.2135,-0.1499
-0.3301,-0.6585,-0.0713,0.6725
0.6268,-0.3198,0.6217,-0.344
0.4947,-0.7348,-0.4346,0.1627
0.7092,-0.4408,-0.5406,0.1026
0.808,0.1717,0.1041,0.5539
0.4684,-0.3871,-0.4316,0.6667
-0.0553,0.6029,-0.4917,0.6258
0.7815,-0.5704,-0.1167,0.2243
-0.2538,0.4655,0.4247,-0.7338
0.4175,-0.4023,-0.2605,0.772
-0.4295,0.6771,-0.1671,0.5737
0.4417,-0.4981,0.6959,-0.2692
0.2534,-0.7288,0.593,0.2302
-0.8014,0.5673,0.0344,0.1864
-0.0631,0.3475,0.8741,-0.3334
0.7649,-0.5005,0.0896,0.3956
0.6793,-0.4484,0.4905,-0.3112
0.6188,-0.343,-0.612,0.3533
-0.5694,0.501,-0.4701,0.4515
0.6085,-0.4268,-0.6466,0.1719
0.7097,-0.3282,0.5739,-0.2433
0.6202,-0.7498,0.23,-0.0158
0.0585,-0.5709,0.8186,0.0229
0.6984,-0.245,0.5406,-0.4
0.1368,0.2867,0.8306,-0.4573
0.2201,-0.7834,-0.3585,0.4575
-0.1455,0.7602,-0.574,0.2674
0.0985,0.2263,-0.5033,0.8281
0.6332,-0.3008,0.6432,-0.308
0.3586,0.0507,0.9321,0.0056
-0.0487,-0.3468,0.1304,0.9276
-0.4059,0.2264,-0.8115,0.3543
0.5059,0.3294,0.3544,0.7141
0.2086,0.0597,0.7565,-0.6169
-0.2297,-0.6497,-0.0986,-0.7179
-0.1279,-0.1565,-0.6372,0.7437
-0.0058,0.4322,-0.8598,-0.2718
0.4368,0.5414,0.4434,0.5652
0.365,-0.5389,0.6627,-0.3704
0.5568,-0.5428,0.5663,-0.2732
0.3926,0.4432,0.801,0.0882
0.5445,0.4437,0.5467,0.4558
0.6613,0.0709,-0.734,-0.1376
-0.4341,0.5911,-0.0898,0.6738
0.0494,-0.4232,-0.5372,0.728
0.4008,-0.8224,0.2548,-0.3132
-0.0984,0.5087,0.4912,-0.7002
-0.2694,0.5899,0.5452,-0.5313
0.0493,-0.1433,0.6615,-0.7345
0.8062,-0.504,-0.187,-0.2472
0.3545,0.099,-0.5701,0.7345
-0.5014,-0.6621,0.2791,-0.4819
0.6335,-0.5714,-0.5137,0.0909
0.5717,-0.6124,-0.5329,0.1187
0.0529,0.7104,-0.0458,-0.7003
0.5856,-0.1713,-0.4297,0.6656
0.4136,-0.2087,0.6473,-0.6054
0.1676,0.5997,0.2197,0.751
0.499,-0.507,0.5723,-0.4079
-0.4038,0.3778,-0.7959,0.2466
0.3176,-0.8395,-0.2545,0.36
0.5047,-0.2847,-0.5683,0.5842
0.6529,-0.4117,-0.4582,0.4408
0.4791,0.338,0.365,0.7232
-0.3401,0.6301,0.2792,-0.6398
-0.5893,0.363,-0.6347,0.3437
0.0967,0.1452,0.8708,-0.4596
0.557,-0.5872,0.2432,-0.5347
-0.6735,0.713,0.0017,0.1949
0.2765,-0.6447,0.2761,-0.657
0.4648,-0.6738,-0.3439,0.4601
-0.2559,0.2854,0.6517,-0.6545
0.3867,-0.5823,-0.1806,0.6919
-0.1488,-0.6558,0.1328,0.7281
-0.0415,-0.1511,-0.3121,-0.937
0.399,-0.1745,-0.4468,0.7815
0.5614,-0.5598,-0.5737,0.2059
0.6194,-0.0154,0.6937,0.3672
0.2376,0.6247,-0.1504,-0.7285
0.4031,-0.5848,0.6409,-0.2911
-0.3774,0.9122,-0.1122,-0.1132
-0.596,0.7907,0.0543,0.1289
-0.1536,0.2109,-0.759,0.5965
0.4717,-0.4455,-0.4191,0.6351
0.4829,-0.5512,-0.4716,0.4905
0.1732,-0.4793,-0.7892,0.3427
0.5322,-0.2517,0.7438,-0.3164
-0.7169,-0.1721,0.6569,0.1577
0.8825,-0.4243,-0.0992,0.1773
0.9302,0.1537,0.3268,-0.0658
0.1035,0.367,-0.6563,0.6511
-0.5242,0.6711,0.1176,-0.5109
0.0159,-0.3985,0.1302,0.9077
0.4207,-0.1753,0.7933,-0.4037
0.0274,-0.4254,-0.6466,0.6326
0.6284,-0.1189,-0.2481,0.7276
0.6458,-0.3723,-0.6544,0.1268
-0.0535,0.2851,-0.5149,0.8067
-0.3063,0.5432,0.5245,-0.5797
0.6246,0.25,0.706,0.2212
-0.0179,0.6848,0.4111,0.6014
0.7216,0.0873,-0.6192,-0.2971
0.7634,-0.5536,-0.3027,0.1387
0.7802,0.0389,-0.5513,-0.2931
0.6634,0.02,0.714,0.2229
-0.3695,0.1559,0.8746,-0.2725
0.7002,-0.154,0.2903,-0.6339
0.4378,-0.1569,-0.6235,0.6284
0.6339,0.157,0.6999,0.2893
-0.7549,0.6186,-0.1521,0.156
0.0721,-0.1362,-0.8978,0.4125
0.9203,-0.3785,-0.0607,-0.0785
0.5456,0.4498,-0.5213,-0.4777
-0.0311,-0.3245,0.8014,-0.5015
0.1623,-0.639,-0.3834,0.6467
0.4889,-0.1436,-0.3902,0.7668
-0.428,-0.6201,0.2787,-0.5955
-0.2832,-0.6972,0.0788,0.6538
0.3764,-0.4236,-0.7467,0.3483
0.3358,-0.854,0.2807,-0.2814
0.0892,0.7233,0.0277,-0.6842
0.0048,-0.716,-0.1396,-0.684
-0.3593,0.4813,-0.6154,0.5105
0.6141,-0.088,0.5426,-0.5664
0.7453,-0.5301,-0.1572,0.3725
0.4271,-0.5937,-0.6429,0.2273
0.5108,-0.2773,-0.7032,0.4095
0.7208,-0.3296,-0.5447,0.2741
0.777,-0.5736,-0.2568,-0.0355
0.5061,-0.3041,-0.4405,0.6762
-0.0366,0.6368,-0.1822,-0.7483
0.1176,0.5474,-0.3433,-0.7541
0.5844,-0.4509,-0.5962,0.3158
0.0626,0.2766,-0.3831,0.8791
0.7061,-0.683,-0.183,-0.037
0.1796,-0.0767,-0.4396,0.8767
-0.233,0.3255,0.6696,-0.6256
0.1965,-0.5919,-0.6754,0.3936
-0.3626,0.5686,-0.555,0.487
0.6648,-0.5803,-0.1396,0.4493
0.4401,-0.4696,0.4741,-0.6008
0.1896,-0.0638,-0.8999,0.3875
0.5213,-0.4972,0.6815,-0.1289
0.0673,-0.058,-0.8662,0.4918
0.9413,0.0766,0.1261,-0.3035
0.6189,-0.2634,-0.5737,0.4674
0.8984,0.1358,-0.4041,-0.1056
-0.1524,0.1054,0.8951,-0.4055
0.3493,0.0336,-0.925,-0.1455
0.4478,-0.4705,-0.4269,0.6292
0.6292,-0.5114,-0.5839,0.0415
-0.0943,0.3066,0.4002,-0.8585
0.1492,-0.7197,0.2205,0.6412
0.6366,0.2789,0.719,0.0092
0.0965,-0.2661,0.1705,0.9438
0.5043,-0.4956,-0.5043,0.4956
-0.306,0.5878,0.3458,-0.6643
-0.2549,0.7408,-0.4312,0.4476
0.1101,0.3282,0.1673,0.9231
0.1714,0.6947,0.1225,0.6878
0.3328,-0.2149,-0.4175,0.8178
-0.5659,0.7619,-0.1081,0.2961
0.5884,-0.4445,-0.5613,0.3756
-0.1216,-0.7178,-0.1721,-0.6636
0.4192,-0.7321,0.2064,-0.4957
0.5715,-0.7339,-0.209,0.3019
-0.0353,-0.6823,0.1122,0.7215
0.2105,0.8775,0.4204,0.094
0.8684,-0.4676,-0.0438,0.1593
0.4762,-0.4625,0.5219,-0.5357
-0.6438,0.3278,-0.2822,0.6312
0.5347,-0.2007,0.572,-0.5887
0.3452,-0.2183,-0.8647,-0.2923
0.564,-0.8021,-0.1866,0.0614
-0.0609,0.121,0.9049,-0.4034
0.4494,-0.3438,0.5641,-0.6014
-0.6186,0.3951,0.5453,-0.4048
0.1408,0.7976,0.3823,-0.4448
0.1804,0.9558,0.2082,-0.1031
0.6186,0.304,0.7214,0.0676
0.5525,-0.5577,0.4048,-0.4689
0.283,0.1469,0.6599,-0.6803
0.2727,-0.837,0.2727,-0.3882
0.689,-0.6385,0.0481,-0.3396
0.3448,-0.6388,-0.4417,0.5272
-0.7096,0.517,0.1142,-0.4649
-0.4858,-0.5907,0.0988,-0.6367
-0.5634,0.7021,-0.0085,-0.4354
0.2878,-0.4257,0.8162,-0.2641
-0.4294,0.4413,-0.5544,0.5599
0.4704,-0.5775,-0.4644,0.4791
0.2247,0.6728,0.0311,-0.7042
0.2633,0.9081,-0.0977,-0.3107
-0.2198,-0.6367,0.1207,0.7292
-0.4635,0.5638,-0.1381,0.6695
0.2052,-0.0553,-0.9426,-0.2577
0.354,-0.6292,-0.3206,0.6132
0.5391,0.3383,-0.7709,-0.025
0.6296,-0.1735,-0.6626,-0.3667
0.2957,0.0449,-0.8163,0.4942
0.5037,0.0216,-0.7991,-0.3275
0.5907,-0.581,-0.3059,0.4689
0.4524,-0.4975,0.4741,-0.5683
0.5824,0.21,0.7748,0.1283
0.5167,-0.6053,0.5193,-0.3113
0.5541,-0.4546,0.6243,-0.3107
0.5345,-0.274,-0.234,0.7645
0.7969,0.1541,0.5375,0.2285
0.5678,-0.6784,0.1,-0.4553
0.0931,0.0896,0.8898,-0.4377
-0.2706,-0.7071,-0.0062,-0.6533
0.2541,-0.0511,0.5821,-0.7707
-0.0318,0.144,0.2555,0.9555
-0.1453,0.3786,-0.2874,-0.8677
0.5408,0.4645,0.5345,0.4539
0.7204,-0.0018,-0.583,-0.3756
0.9698,0.1802,-0.0806,0.1435
-0.7304,-0.1648,0.645,0.1528
0.2819,-0.0436,-0.4781,0.8307
0.6094,-0.0579,-0.5564,0.5619
0.0168,0.3994,-0.0979,-0.9114
0.2966,-0.1758,0.899,0.2699
0.358,-0.7443,0.4236,-0.3721
0.5595,-0.2208,-0.3481,0.719
0.5653,-0.7335,0.3765,0.0238
0.2624,-0.3147,0.5043,-0.7601
0.0307,0.7055,-0.1411,-0.6939
-0.01,-0.4401,0.5472,-0.7119
0.2851,0.6842,0.0892,0.6653
0.4887,-0.0342,0.7266,-0.4817
0.8344,0.1006,-0.3683,-0.3975
-0.2817,0.5338,0.5619,-0.5657
-0.2644,0.3017,0.817,-0.4141
0.4607,0.5639,-0.0555,0.6831
0.2008,0.0079,-0.7527,0.627
0.5267,-0.3079,0.2559,-0.7498
0.833,-0.3481,-0.0975,0.4189
0.5252,-0.5284,0.3788,-0.549
0.8608,-0.3355,-0.359,0.1327
0.5375,-0.3568,0.4909,-0.5855
0.4852,-0.507,0.4971,-0.5102
0.7949,0.1153,0.5437,0.2433
0.7819,-0.5617,0.1187,0.2428
0.3017,-0.3912,-0.6341,0.5949
0.0146,-0.2883,-0.6209,0.7288
0.1591,0.7773,0.1797,0.5816
0.6407,-0.2987,0.6357,-0.3101
0.0529,-0.7154,-0.3456,-0.6049
-0.1215,0.2397,-0.7095,0.6514
0.5765,0.1213,0.8048,0.0728
0.2831,0.6204,-0.1304,0.7197
-0.008,0.1323,-0.562,0.8164
0.4041,-0.4379,-0.6612,0.4559
0.3517,-0.7717,-0.2198,0.4822
-0.5293,0.4777,-0.4217,0.5602
0.6933,-0.0665,0.4268,0.5769
0.511,-0.1817,-0.3431,0.7669
0.3062,-0.4407,-0.6449,0.5442
-0.5407,0.6232,-0.1594,0.5421
0.0088,0.3839,0.6778,-0.627
0.3481,-0.6092,0.3482,-0.6216
0.274,-0.6584,-0.4652,0.5245
0.7193,-0.5646,0.1665,-0.3689
0.7135,0.0264,0.6391,0.2858
-0.633,0.7558,0.0556,-0.1579
0.9522,0.0519,-0.2965,0.0519
0.6121,0.1538,-0.7432,-0.2221
0.1016,-0.5988,-0.6994,-0.3767
0.5075,-0.8058,-0.2715,0.1392
0.2949,0.7738,-0.5583,-0.0501
0.4498,-0.4498,-0.5456,0.5456
0.3927,0.0956,-0.6533,0.6402
0.3711,-0.7365,-0.4142,0.3851
0.3598,-0.6104,-0.4947,0.5032
0.7061,-0.3645,0.5717,-0.2044
-0.3375,0.1627,0.8423,-0.3875
0.3387,-0.6122,-0.2918,0.6522
0.4109,0.6174,0.1403,-0.6559
0.6092,-0.6111,0.1554,-0.4809
0.6929,0.1533,-0.7045,-0.0059
0.2083,0.0034,0.5127,-0.8329
0.556,0.1645,-0.2026,-0.7892
0.3139,-0.5924,0.2361,-0.7034
-0.1253,0.5232,0.5909,-0.6011
0.6488,-0.0842,0.4243,-0.626
0.247,0.7426,0.1989,0.5899
-0.0523,0.2964,0.6057,-0.7366
0.6292,-0.3133,0.652,-0.2841
0.6472,-0.6613,-0.2239,0.3061
0.3482,-0.3788,0.4138,-0.751
0.6364,-0.3169,-0.6587,0.2463
-0.2613,0.6619,0.3244,-0.6232
-0.4951,0.4172,-0.6427,0.4095
0.4223,-0.3687,-0.7109,0.4248
0.5527,-0.5543,0.1078,-0.6129
0.1377,0.6835,-0.1563,-0.6996
0.4763,-0.4567,0.7411,-0.1239
0.0058,0.0309,-0.3901,0.9202
-0.2605,-0.4521,0.5956,-0.6108
0.6364,0.2229,0.734,0.0809
0.5126,-0.4666,-0.7131,0.105
0.7302,0.1997,0.6467,0.0929
0.1156,-0.3781,-0.7673,0.5048
0.7763,0.088,-0.5943,-0.1909
0.5012,-0.2442,0.5222,-0.6454
0.4867,0.8226,0.175,0.2364
-0.3377,0.6527,-0.2703,0.622
0.5626,-0.464,0.308,-0.611
0.6962,-0.4076,0.5848,-0.0841
-0.6759,0.3066,0.5811,-0.3338
0.3346,-0.7687,0.5159,-0.1759
0.5721,-0.3319,0.4171,-0.6234
0.4005,-0.5121,-0.5144,0.5592
0.0492,0.9814,-0.1834,-0.0263
0.8471,-0.3329,-0.3543,0.2146
-0.4237,0.5096,-0.4837,0.5717
0.6392,-0.3529,0.5909,-0.3431
0.3821,-0.0132,-0.7504,0.5392
-0.5068,0.4291,-0.6049,0.4394
0.902,0.1791,0.3889,-0.0548
0.6536,-0.0714,0.5818,-0.4786
-0.4903,0.4946,-0.5266,0.4875
0.5543,-0.4617,-0.3178,0.6153
0.2366,0.894,-0.3802,0.0131
-0.6187,0.5581,-0.2594,0.4883
0.6458,-0.5042,-0.572,0.038
0.7116,0.0194,-0.6732,-0.1999
-0.1302,-0.6864,-0.1153,-0.7061
0.6844,0.2889,-0.6599,0.112
0.6443,-0.6918,-0.1194,0.3034
0.4414,-0.4988,0.5386,-0.516
-0.1095,0.6852,-0.5829,0.4228
0.2879,-0.7537,-0.3007,0.5085
0.4285,-0.9018,-0.0243,-0.0502
-0.1889,0.5336,0.4283,-0.7044
0.2866,0.7238,0.6081,0.1554
0.1875,-0.0389,0.4153,-0.8893
0.7755,-0.2603,0.4954,-0.2923
-0.4935,0.4326,0.6167,-0.4348
0.2017,0.6138,-0.1985,-0.737
-0.0826,0.3163,-0.8719,0.3646
-0.5882,0.5332,0.1661,-0.585
0.8975,-0.436,-0.0663,0.0033
0.4801,-0.7998,0.3602,0.0024
-0.0306,-0.225,0.764,-0.604
0.5541,-0.2353,0.7302,-0.3231
0.3821,0.5441,-0.0616,-0.7444
-0.7758,0.2981,0.2887,-0.4753
0.7254,0.1985,0.6483,0.1187
-0.0236,-0.0272,0.8184,0.5735
0.6855,-0.5594,-0.4388,0.1569
-0.3676,-0.2471,0.8802,0.1705
0.712,0.0389,0.7002,0.0351
0.7185,0.1092,-0.6827,-0.0753
0.7077,-0.6362,0.0638,0.3007
0.9622,0.223,-0.1556,0.0159
-0.4702,-0.6135,0.2365,-0.5888
0.6991,0.0219,-0.7147,-0.0027
0.2998,-0.1175,0.4916,-0.8091
0.5845,0.7131,-0.2018,-0.3304
0.2269,-0.2982,0.5746,-0.7276
0.4057,-0.3055,-0.7946,0.3327
0.3459,-0.4973,0.7527,-0.2577
0.7268,0.1612,-0.6588,-0.1081
0.1881,0.9798,-0.043,0.0527
-0.6443,0.6044,-0.0874,0.4604
0.5084,-0.0344,0.8058,0.3017
0.7061,-0.5619,-0.4011,0.1572
0.2201,-0.605,0.4657,-0.6072
-0.6462,0.3566,0.3424,-0.5814
0.215,0.9746,-0.0558,0.0302
0.5109,-0.378,-0.384,0.6698
0.5099,-0.1772,-0.6273,0.5613
-0.1511,0.3424,0.7239,-0.5796
0.4713,-0.5321,-0.5101,0.4842
0.7603,-0.223,-0.3306,0.5128
0.3248,-0.3505,0.6256,-0.6166
-0.6701,0.4309,0.4011,-0.4521
0.6139,0.4546,-0.634,0.1202
0.692,-0.6424,0.0743,-0.3209
0.4346,-0.3897,0.6417,-0.4975
0.6417,-0.3305,-0.553,0.4161
-0.2421,0.5362,0.4128,-0.6954
0.5096,-0.4076,-0.225,0.7236
-0.4582,0.8427,-0.0503,-0.2781
0.6756,-0.7372,-0.0059,0.0064
-0.1923,0.4422,-0.7562,0.4422
0.5516,-0.5183,-0.6487,0.0802
0.8741,-0.4496,-0.1069,-0.1497
0.4704,-0.842,-0.133,-0.228
0.848,-0.3507,0.0685,-0.3915
0.6511,-0.1532,-0.5975,0.4423
0.4588,-0.5521,-0.6344,0.2868
-0.8224,0.3257,0.4098,-0.2229
0.4452,-0.635,-0.4286,0.4635
0.0833,-0.2362,-0.924,-0.289
-0.1958,0.4383,0.6584,-0.5797
-0.2663,0.4908,0.5803,-0.5928
-0.2856,0.6093,0.5798,-0.4594
-0.364,0.8335,0.143,-0.3903
0.101,0.73,0.0834,0.6708
0.2923,0.2072,0.7191,-0.5954
0.4819,-0.6461,0.456,-0.3775
-0.675,0.5126,-0.3053,0.434
-0.1197,-0.4572,-0.6075,0.6385
0.7672,-0.4815,-0.4104,0.1056
0.1723,0.11,-0.8563,0.4742
-0.8068,0.5875,-0.0218,-0.0596
0.4121,-0.5687,0.6097,-0.3676
0.7335,-0.381,0.5195,-0.2167
0.4167,0.82,0.3258,-0.2187
0.686,-0.6065,-0.3293,0.2305
-0.3214,0.8809,0.0641,-0.3415
0.7006,-0.6362,-0.3207,0.0398
0.0616,0.7044,-0.0616,-0.7044
0.2333,0.8162,-0.052,-0.526
0.699,-0.6515,0.1249,0.2673
-0.3179,0.6658,-0.2565,0.6244
-0.831,0.4678,-0.0706,-0.2926
0.365,0.3308,-0.1171,-0.8623
0.0606,-0.2343,0.9477,0.2079
-0.0242,-0.3172,-0.4714,-0.8226
