0.6016,-0.3716,-0.6016,-0.3716
-0.4856,0.514,0.4856,0.514
0.705,-0.0542,-0.705,-0.0542
0.3335,0.6235,-0.3335,0.6235
-0.3013,0.6397,0.3013,0.6397
0.7016,0.0882,-0.7016,0.0882
0.7058,-0.0425,-0.7058,-0.0425
-0.1953,0.6796,0.1953,0.6796
-0.3733,0.6005,0.3733,0.6005
0.5494,-0.4452,-0.5494,-0.4452
-0.1382,0.6935,0.1382,0.6935
0.037,0.7061,-0.037,0.7061
0.7065,-0.0286,-0.7065,-0.0286
-0.0381,0.7061,0.0381,0.7061
0.4592,0.5377,-0.4592,0.5377
0.6763,0.2066,-0.6763,0.2066
-0.1573,0.6894,0.1573,0.6894
0.5195,-0.4797,-0.5195,-0.4797
-0.0454,0.7056,0.0454,0.7056
-0.4797,0.5195,0.4797,0.5195
0.7064,-0.0313,-0.7064,-0.0313
0.6479,-0.2833,-0.6479,-0.2833
0.7047,-0.0587,-0.7047,-0.0587
-0.1606,0.6886,0.1606,0.6886
0.6082,0.3607,-0.6082,0.3607
0.7031,0.0755,-0.7031,0.0755
0.5112,-0.4886,-0.5112,-0.4886
0.6389,0.303,-0.6389,0.303
-0.3737,0.6003,0.3737,0.6003
0.4229,0.5667,-0.4229,0.5667
0.5698,0.4188,-0.5698,0.4188
-0.0415,0.7059,0.0415,0.7059
0.5391,-0.4576,-0.5391,-0.4576
0.7016,0.0883,-0.7016,0.0883
-0.3842,0.5936,0.3842,0.5936
0.5145,0.485,-0.5145,0.485
-0.2774,0.6504,0.2774,0.6504
-0.1287,0.6953,0.1287,0.6953
-0.2051,0.6767,0.2051,0.6767
-0.1123,0.6981,0.1123,0.6981
0.6777,-0.2017,-0.6777,-0.2017
0.0207,0.7068,-0.0207,0.7068
0.1073,0.6989,-0.1073,0.6989
0.6955,-0.1275,-0.6955,-0.1275
0.665,-0.2403,-0.665,-0.2403
0.6568,0.2618,-0.6568,0.2618
0.0337,0.7063,-0.0337,0.7063
0.149,0.6912,-0.149,0.6912
-0.2575,0.6585,0.2575,0.6585
0.2483,0.6621,-0.2483,0.6621
0.7011,-0.0921,-0.7011,-0.0921
0.471,0.5274,-0.471,0.5274
0.6811,0.19,-0.6811,0.19
-0.4267,0.5639,0.4267,0.5639
0.1171,0.6973,-0.1171,0.6973
0.6999,-0.1004,-0.6999,-0.1004
-0.119,0.697,0.119,0.697
0.3495,0.6147,-0.3495,0.6147
-0.4263,0.5642,0.4263,0.5642
-0.1059,0.6991,0.1059,0.6991
-0.1523,0.6905,0.1523,0.6905
0.704,-0.0666,-0.704,-0.0666
-0.0683,0.7038,0.0683,0.7038
-0.0446,0.7057,0.0446,0.7057
0.3756,0.5991,-0.3756,0.5991
0.7044,-0.0613,-0.7044,-0.0613
-0.0547,0.705,0.0547,0.705
0.2055,0.6766,-0.2055,0.6766
0.7069,-0.0168,-0.7069,-0.0168
0.704,0.0667,-0.704,0.0667
0.7071,-0.0032,-0.7071,-0.0032
-0.3849,0.5932,0.3849,0.5932
0.5977,-0.3778,-0.5977,-0.3778
0.5073,-0.4926,-0.5073,-0.4926
-0.4885,0.5112,0.4885,0.5112
0.5949,-0.3822,-0.5949,-0.3822
0.4839,0.5156,-0.4839,0.5156
0.5235,0.4754,-0.5235,0.4754
0.1513,0.6907,-0.1513,0.6907
0.7042,0.0639,-0.7042,0.0639
-0.4035,0.5807,0.4035,0.5807
-0.3921,0.5884,0.3921,0.5884
0.1996,0.6783,-0.1996,0.6783
0.6949,0.1309,-0.6949,0.1309
0.3227,0.6292,-0.3227,0.6292
-0.3884,0.5909,0.3884,0.5909
0.1431,0.6925,-0.1431,0.6925
0.5821,-0.4015,-0.5821,-0.4015
0.0198,0.7068,-0.0198,0.7068
0.357,0.6104,-0.357,0.6104
0.0759,0.703,-0.0759,0.703
0.2094,0.6754,-0.2094,0.6754
-0.3639,0.6063,0.3639,0.6063
0.7058,0.0429,-0.7058,0.0429
0.7041,0.0652,-0.7041,0.0652
0.5795,0.4052,-0.5795,0.4052
-0.2492,0.6617,0.2492,0.6617
0.6941,-0.135,-0.6941,-0.135
0.7041,-0.0651,-0.7041,-0.0651
0.699,-0.1068,-0.699,-0.1068
-0.0749,0.7031,0.0749,0.7031
0.2024,0.6775,-0.2024,0.6775
-0.0526,0.7051,0.0526,0.7051
-0.3785,0.5973,0.3785,0.5973
0.1216,0.6966,-0.1216,0.6966
0.6349,0.3113,-0.6349,0.3113
0.6863,-0.1701,-0.6863,-0.1701
0.3253,0.6279,-0.3253,0.6279
0.7053,0.0505,-0.7053,0.0505
0.4318,0.56,-0.4318,0.56
0.6013,-0.3721,-0.6013,-0.3721
0.707,-0.0122,-0.707,-0.0122
-0.0663,0.704,0.0663,0.704
0.697,-0.1193,-0.697,-0.1193
0.7061,-0.0376,-0.7061,-0.0376
0.6116,-0.3549,-0.6116,-0.3549
0.5232,-0.4756,-0.5232,-0.4756
-0.0888,0.7015,0.0888,0.7015
0.674,0.2139,-0.674,0.2139
0.6069,-0.3628,-0.6069,-0.3628
0.6644,0.242,-0.6644,0.242
0.5532,0.4404,-0.5532,0.4404
0.5844,-0.3981,-0.5844,-0.3981
0.4825,0.5169,-0.4825,0.5169
0.5592,0.4328,-0.5592,0.4328
0.1053,0.6992,-0.1053,0.6992
0.5852,-0.3968,-0.5852,-0.3968
0.5691,-0.4196,-0.5691,-0.4196
0.6499,0.2786,-0.6499,0.2786
0.3659,0.6051,-0.3659,0.6051
0.4876,0.5121,-0.4876,0.5121
-0.02,0.7068,0.02,0.7068
0.5996,0.3749,-0.5996,0.3749
0.6111,0.3557,-0.6111,0.3557
0.3523,0.6131,-0.3523,0.6131
0.4193,0.5694,-0.4193,0.5694
0.6238,-0.3329,-0.6238,-0.3329
-0.3359,0.6222,0.3359,0.6222
0.7068,0.0223,-0.7068,0.0223
0.6534,-0.2703,-0.6534,-0.2703
0.6086,-0.3601,-0.6086,-0.3601
0.6992,0.1052,-0.6992,0.1052
0.7052,0.0525,-0.7052,0.0525
-0.2653,0.6555,0.2653,0.6555
0.7027,-0.0789,-0.7027,-0.0789
0.6906,0.1518,-0.6906,0.1518
-0.46,0.537,0.46,0.537
-0.0646,0.7041,0.0646,0.7041
0.6346,-0.3119,-0.6346,-0.3119
0.4979,0.5021,-0.4979,0.5021
0.4519,0.5439,-0.4519,0.5439
0.4789,0.5202,-0.4789,0.5202
-0.359,0.6092,0.359,0.6092
0.4996,0.5004,-0.4996,0.5004
0.7024,-0.0816,-0.7024,-0.0816
-0.1679,0.6869,0.1679,0.6869
-0.3299,0.6255,0.3299,0.6255
0.5132,-0.4865,-0.5132,-0.4865
0.6669,0.2351,-0.6669,0.2351
0.6984,-0.1105,-0.6984,-0.1105
-0.4216,0.5677,0.4216,0.5677
0.1534,0.6903,-0.1534,0.6903
0.0255,0.7066,-0.0255,0.7066
0.6361,-0.3088,-0.6361,-0.3088
0.32,0.6306,-0.32,0.6306
0.6955,-0.1277,-0.6955,-0.1277
0.1339,0.6943,-0.1339,0.6943
-0.498,0.502,0.498,0.502
0.4837,0.5158,-0.4837,0.5158
0.5647,-0.4255,-0.5647,-0.4255
-0.0668,0.7039,0.0668,0.7039
0.6993,0.1045,-0.6993,0.1045
0.7064,-0.0322,-0.7064,-0.0322
0.5414,0.4549,-0.5414,0.4549
0.7067,0.0227,-0.7067,0.0227
0.7071,-0.0028,-0.7071,-0.0028
0.5888,-0.3916,-0.5888,-0.3916
-0.1069,0.699,0.1069,0.699
0.2207,0.6718,-0.2207,0.6718
0.4698,0.5285,-0.4698,0.5285
0.5545,0.4387,-0.5545,0.4387
0.5285,0.4697,-0.5285,0.4697
0.5258,0.4727,-0.5258,0.4727
0.7056,0.0458,-0.7056,0.0458
0.705,0.054,-0.705,0.054
0.7035,0.0713,-0.7035,0.0713
0.6807,0.1914,-0.6807,0.1914
0.6815,-0.1886,-0.6815,-0.1886
0.2123,0.6745,-0.2123,0.6745
-0.4886,0.5111,0.4886,0.5111
-0.091,0.7012,0.091,0.7012
0.4443,0.5501,-0.4443,0.5501
0.7066,-0.0277,-0.7066,-0.0277
0.5242,-0.4746,-0.5242,-0.4746
-0.4396,0.5538,0.4396,0.5538
0.5365,0.4606,-0.5365,0.4606
0.6992,-0.1053,-0.6992,-0.1053
0.0984,0.7002,-0.0984,0.7002
0.6208,-0.3386,-0.6208,-0.3386
0.7069,-0.0152,-0.7069,-0.0152
0.7071,-0.0086,-0.7071,-0.0086
0.1165,0.6975,-0.1165,0.6975
-0.4159,0.5719,0.4159,0.5719
0.7063,0.0336,-0.7063,0.0336
-0.0942,0.7008,0.0942,0.7008
0.3103,0.6354,-0.3103,0.6354
0.0103,0.707,-0.0103,0.707
0.6679,-0.2323,-0.6679,-0.2323
0.5301,0.468,-0.5301,0.468
0.7065,0.0286,-0.7065,0.0286
0.6379,-0.3052,-0.6379,-0.3052
-0.1792,0.684,0.1792,0.684
0.4815,0.5178,-0.4815,0.5178
0.6639,-0.2434,-0.6639,-0.2434
0.5388,-0.458,-0.5388,-0.458
-0.22,0.672,0.22,0.672
-0.003,0.7071,0.003,0.7071
0.3828,0.5945,-0.3828,0.5945
0.4477,0.5473,-0.4477,0.5473
-0.2656,0.6553,0.2656,0.6553
0.7014,0.0894,-0.7014,0.0894
-0.2688,0.654,0.2688,0.654
-0.4991,0.5009,0.4991,0.5009
-0.4691,0.5291,0.4691,0.5291
0.12,0.6969,-0.12,0.6969
0.5424,0.4537,-0.5424,0.4537
0.5554,-0.4376,-0.5554,-0.4376
0.6106,-0.3566,-0.6106,-0.3566
0.3431,0.6183,-0.3431,0.6183
0.5489,0.4457,-0.5489,0.4457
-0.2568,0.6588,0.2568,0.6588
0.6904,-0.153,-0.6904,-0.153
-0.499,0.501,0.499,0.501
0.6846,-0.177,-0.6846,-0.177
0.225,0.6703,-0.225,0.6703
0.1943,0.6799,-0.1943,0.6799
0.704,-0.0665,-0.704,-0.0665
0.4457,0.5489,-0.4457,0.5489
0.648,-0.2829,-0.648,-0.2829
0.7066,-0.0257,-0.7066,-0.0257
-0.4214,0.5679,0.4214,0.5679
0.6076,0.3617,-0.6076,0.3617
0.1611,0.6885,-0.1611,0.6885
0.6561,0.2636,-0.6561,0.2636
0.1629,0.6881,-0.1629,0.6881
0.7049,0.0558,-0.7049,0.0558
0.6836,-0.1809,-0.6836,-0.1809
0.4141,0.5732,-0.4141,0.5732
0.0039,0.7071,-0.0039,0.7071
0.3979,0.5845,-0.3979,0.5845
0.4525,0.5434,-0.4525,0.5434
0.1189,0.697,-0.1189,0.697
0.5,0.5,-0.5,0.5
0.5198,0.4794,-0.5198,0.4794
0.7042,0.0642,-0.7042,0.0642
0.6823,0.1856,-0.6823,0.1856
0.2635,0.6562,-0.2635,0.6562
0.0479,0.7055,-0.0479,0.7055
0.6903,0.1534,-0.6903,0.1534
-0.0481,0.7055,0.0481,0.7055
0.1099,0.6985,-0.1099,0.6985
0.6427,0.2948,-0.6427,0.2948
0.4752,0.5236,-0.4752,0.5236
-0.4548,0.5415,0.4548,0.5415
0.202,0.6776,-0.202,0.6776
-0.1788,0.6841,0.1788,0.6841
0.3511,0.6138,-0.3511,0.6138
0.2194,0.6722,-0.2194,0.6722
0.4513,0.5444,-0.4513,0.5444
0.5272,-0.4712,-0.5272,-0.4712
0.1054,0.6992,-0.1054,0.6992
-0.2602,0.6575,0.2602,0.6575
0.7068,-0.0212,-0.7068,-0.0212
0.0035,0.7071,-0.0035,0.7071
0.6069,0.3629,-0.6069,0.3629
0.5036,0.4963,-0.5036,0.4963
0.561,0.4304,-0.561,0.4304
0.4537,0.5424,-0.4537,0.5424
-0.2081,0.6758,0.2081,0.6758
0.5358,-0.4614,-0.5358,-0.4614
0.703,0.0758,-0.703,0.0758
0.6636,-0.2441,-0.6636,-0.2441
-0.084,0.7021,0.084,0.7021
0.4529,0.543,-0.4529,0.543
0.6803,0.1929,-0.6803,0.1929
0.7038,-0.0678,-0.7038,-0.0678
0.6863,-0.1703,-0.6863,-0.1703
0.681,0.1903,-0.681,0.1903
0.5167,0.4827,-0.5167,0.4827
-0.4203,0.5686,0.4203,0.5686
0.7066,-0.0272,-0.7066,-0.0272
0.6961,-0.124,-0.6961,-0.124
0.6633,0.2449,-0.6633,0.2449
-0.4174,0.5707,0.4174,0.5707
0.6185,0.3428,-0.6185,0.3428
0.5882,-0.3924,-0.5882,-0.3924
0.7071,-0.0038,-0.7071,-0.0038
0.5082,0.4917,-0.5082,0.4917
-0.0355,0.7062,0.0355,0.7062
-0.3183,0.6314,0.3183,0.6314
0.6101,0.3574,-0.6101,0.3574
0.6441,-0.2918,-0.6441,-0.2918
-0.4223,0.5671,0.4223,0.5671
0.6368,0.3074,-0.6368,0.3074
0.6625,-0.2471,-0.6625,-0.2471
0.7063,-0.0342,-0.7063,-0.0342
0.6597,0.2546,-0.6597,0.2546
0.0443,0.7057,-0.0443,0.7057
0.0924,0.701,-0.0924,0.701
0.5343,-0.4632,-0.5343,-0.4632
0.5643,-0.4262,-0.5643,-0.4262
0.3915,0.5889,-0.3915,0.5889
0.707,0.0121,-0.707,0.0121
0.6809,0.1907,-0.6809,0.1907
0.0676,0.7039,-0.0676,0.7039
0.5373,0.4596,-0.5373,0.4596
0.5234,-0.4755,-0.5234,-0.4755
0.4468,0.5481,-0.4468,0.5481
0.7038,-0.0683,-0.7038,-0.0683
0.2614,0.657,-0.2614,0.657
-0.4777,0.5213,0.4777,0.5213
0.696,-0.1249,-0.696,-0.1249
-0.2441,0.6636,0.2441,0.6636
0.7032,0.0742,-0.7032,0.0742
0.707,0.0092,-0.707,0.0092
0.6408,0.2991,-0.6408,0.2991
0.6666,0.2358,-0.6666,0.2358
0.1928,0.6803,-0.1928,0.6803
0.1136,0.6979,-0.1136,0.6979
0.0759,0.703,-0.0759,0.703
-0.3348,0.6228,0.3348,0.6228
0.6882,-0.1624,-0.6882,-0.1624
0.6985,0.1102,-0.6985,0.1102
0.3794,0.5967,-0.3794,0.5967
0.6443,-0.2914,-0.6443,-0.2914
0.5091,0.4907,-0.5091,0.4907
0.3067,0.6371,-0.3067,0.6371
-0.093,0.701,0.093,0.701
0.6998,-0.1015,-0.6998,-0.1015
0.5456,-0.4497,-0.5456,-0.4497
0.5366,0.4605,-0.5366,0.4605
0.6125,-0.3534,-0.6125,-0.3534
0.0217,0.7068,-0.0217,0.7068
0.0724,0.7034,-0.0724,0.7034
0.5426,-0.4534,-0.5426,-0.4534
0.6975,0.1161,-0.6975,0.1161
0.6876,0.1649,-0.6876,0.1649
-0.1959,0.6794,0.1959,0.6794
0.4976,0.5023,-0.4976,0.5023
0.2784,0.65,-0.2784,0.65
0.4698,0.5284,-0.4698,0.5284
0.5842,0.3983,-0.5842,0.3983
0.5693,0.4194,-0.5693,0.4194
-0.4453,0.5493,0.4453,0.5493
0.0228,0.7067,-0.0228,0.7067
-0.0563,0.7049,0.0563,0.7049
0.707,-0.01,-0.707,-0.01
0.1407,0.693,-0.1407,0.693
0.5094,-0.4904,-0.5094,-0.4904
-0.279,0.6497,0.279,0.6497
0.5807,-0.4035,-0.5807,-0.4035
0.5998,-0.3745,-0.5998,-0.3745
0.5031,-0.4969,-0.5031,-0.4969
0.5963,-0.38,-0.5963,-0.38
0.6829,0.1835,-0.6829,0.1835
0.7013,0.0901,-0.7013,0.0901
0.5784,0.4067,-0.5784,0.4067
0.7017,0.0871,-0.7017,0.0871
0.4228,0.5668,-0.4228,0.5668
-0.4968,0.5032,0.4968,0.5032
-0.2726,0.6524,0.2726,0.6524
0.6777,0.2018,-0.6777,0.2018
-0.3191,0.631,0.3191,0.631
0.704,0.0662,-0.704,0.0662
0.6857,0.1725,-0.6857,0.1725
0.7058,0.0432,-0.7058,0.0432
0.6861,-0.171,-0.6861,-0.171
0.4939,0.5061,-0.4939,0.5061
0.4873,0.5124,-0.4873,0.5124
-0.109,0.6987,0.109,0.6987
0.7067,0.0239,-0.7067,0.0239
0.7021,-0.0842,-0.7021,-0.0842
0.3635,0.6065,-0.3635,0.6065
0.5486,-0.4461,-0.5486,-0.4461
0.7071,0.0067,-0.7071,0.0067
-0.4229,0.5667,0.4229,0.5667
0.7071,0.0048,-0.7071,0.0048
-0.1128,0.6981,0.1128,0.6981
0.6649,0.2406,-0.6649,0.2406
0.6562,0.2636,-0.6562,0.2636
0.6595,-0.2552,-0.6595,-0.2552
-0.1616,0.6884,0.1616,0.6884
0.5947,0.3826,-0.5947,0.3826
0.7071,0.0052,-0.7071,0.0052
0.6887,0.1601,-0.6887,0.1601
0.4764,0.5225,-0.4764,0.5225
-0.4819,0.5175,0.4819,0.5175
0.0687,0.7038,-0.0687,0.7038
0.7012,-0.091,-0.7012,-0.091
0.1257,0.6958,-0.1257,0.6958
-0.2401,0.6651,0.2401,0.6651
0.6909,0.1507,-0.6909,0.1507
0.0375,0.7061,-0.0375,0.7061
0.4466,0.5482,-0.4466,0.5482
0.6787,0.1982,-0.6787,0.1982
0.6491,-0.2805,-0.6491,-0.2805
0.6909,-0.1507,-0.6909,-0.1507
-0.4073,0.578,0.4073,0.578
-0.0827,0.7023,0.0827,0.7023
0.6979,0.114,-0.6979,0.114
0.1049,0.6993,-0.1049,0.6993
0.5289,0.4693,-0.5289,0.4693
0.5696,0.419,-0.5696,0.419
0.4643,0.5333,-0.4643,0.5333
0.5601,0.4316,-0.5601,0.4316
-0.0402,0.706,0.0402,0.706
0.4764,0.5226,-0.4764,0.5226
0.5312,0.4667,-0.5312,0.4667
0.7069,-0.0168,-0.7069,-0.0168
-0.4888,0.5109,0.4888,0.5109
0.0315,0.7064,-0.0315,0.7064
0.0531,0.7051,-0.0531,0.7051
0.6754,-0.2094,-0.6754,-0.2094
0.5353,0.462,-0.5353,0.462
0.6623,0.2476,-0.6623,0.2476
0.2786,0.6499,-0.2786,0.6499
0.078,0.7028,-0.078,0.7028
0.6503,-0.2777,-0.6503,-0.2777
0.5161,-0.4833,-0.5161,-0.4833
-0.4491,0.5462,0.4491,0.5462
-0.2832,0.6479,0.2832,0.6479
-0.1409,0.6929,0.1409,0.6929
0.4914,0.5085,-0.4914,0.5085
0.5605,0.4311,-0.5605,0.4311
0.7071,0.0052,-0.7071,0.0052
-0.2049,0.6768,0.2049,0.6768
-0.4834,0.5161,0.4834,0.5161
0.6944,-0.1336,-0.6944,-0.1336
0.6936,-0.1374,-0.6936,-0.1374
-0.1092,0.6986,0.1092,0.6986
0.6308,0.3196,-0.6308,0.3196
0.5341,0.4634,-0.5341,0.4634
0.5109,-0.4889,-0.5109,-0.4889
0.669,0.2289,-0.669,0.2289
0.4596,0.5374,-0.4596,0.5374
0.7042,-0.0637,-0.7042,-0.0637
0.5554,-0.4377,-0.5554,-0.4377
0.5073,0.4926,-0.5073,0.4926
0.6977,-0.1147,-0.6977,-0.1147
-0.3021,0.6393,0.3021,0.6393
0.539,-0.4576,-0.539,-0.4576
0.3115,0.6348,-0.3115,0.6348
0.2362,0.6665,-0.2362,0.6665
0.6371,0.3069,-0.6371,0.3069
0.6972,-0.1179,-0.6972,-0.1179
0.1631,0.6881,-0.1631,0.6881
0.65,-0.2784,-0.65,-0.2784
0.6514,0.2751,-0.6514,0.2751
0.1622,0.6883,-0.1622,0.6883
0.4086,0.5771,-0.4086,0.5771
0.6243,0.332,-0.6243,0.332
-0.0496,0.7054,0.0496,0.7054
0.7015,0.0886,-0.7015,0.0886
0.6883,0.1619,-0.6883,0.1619
0.4956,0.5044,-0.4956,0.5044
0.5173,-0.4821,-0.5173,-0.4821
0.3287,0.6261,-0.3287,0.6261
0.7068,-0.02,-0.7068,-0.02
0.5248,0.4739,-0.5248,0.4739
0.366,0.605,-0.366,0.605
0.431,0.5606,-0.431,0.5606
0.4571,0.5395,-0.4571,0.5395
0.2827,0.6481,-0.2827,0.6481
0.5046,-0.4953,-0.5046,-0.4953
0.5208,-0.4783,-0.5208,-0.4783
0.6523,0.2729,-0.6523,0.2729
0.648,-0.2829,-0.648,-0.2829
-0.4471,0.5478,0.4471,0.5478
0.6656,-0.2387,-0.6656,-0.2387
-0.3647,0.6058,0.3647,0.6058
0.6967,0.1211,-0.6967,0.1211
0.6079,0.3611,-0.6079,0.3611
0.5563,-0.4364,-0.5563,-0.4364
0.6837,-0.1803,-0.6837,-0.1803
0.0407,0.7059,-0.0407,0.7059
0.5719,0.4158,-0.5719,0.4158
0.1353,0.694,-0.1353,0.694
-0.3219,0.6296,0.3219,0.6296
0.2672,0.6547,-0.2672,0.6547
0.707,0.01,-0.707,0.01
0.7055,0.0469,-0.7055,0.0469
0.7012,0.0909,-0.7012,0.0909
0.4785,0.5206,-0.4785,0.5206
0.7056,-0.0461,-0.7056,-0.0461
0.0507,0.7053,-0.0507,0.7053
-0.4175,0.5707,0.4175,0.5707
-0.4682,0.5299,0.4682,0.5299
0.2085,0.6757,-0.2085,0.6757
0.7044,-0.0616,-0.7044,-0.0616
0.1721,0.6858,-0.1721,0.6858
0.5152,-0.4843,-0.5152,-0.4843
0.6591,-0.256,-0.6591,-0.256
0.6204,0.3392,-0.6204,0.3392
0.0431,0.7058,-0.0431,0.7058
0.704,0.0663,-0.704,0.0663
-0.4715,0.527,0.4715,0.527
-0.1534,0.6903,0.1534,0.6903
-0.3486,0.6152,0.3486,0.6152
0.7069,0.0164,-0.7069,0.0164
0.7028,-0.078,-0.7028,-0.078
0.6532,-0.2707,-0.6532,-0.2707
-0.2369,0.6662,0.2369,0.6662
0.7038,0.0682,-0.7038,0.0682
-0.0856,0.7019,0.0856,0.7019
0.5017,-0.4982,-0.5017,-0.4982
0.2011,0.6779,-0.2011,0.6779
0.026,0.7066,-0.026,0.7066
0.5098,0.49,-0.5098,0.49
-0.4902,0.5096,0.4902,0.5096
0.4999,0.5001,-0.4999,0.5001
-0.359,0.6092,0.359,0.6092
-0.1653,0.6875,0.1653,0.6875
0.6788,0.1982,-0.6788,0.1982
-0.2783,0.65,0.2783,0.65
0.7067,-0.0237,-0.7067,-0.0237
0.7001,-0.0996,-0.7001,-0.0996
0.4292,0.562,-0.4292,0.562
0.3561,0.6109,-0.3561,0.6109
0.7004,-0.0972,-0.7004,-0.0972
0.007,0.7071,-0.007,0.7071
0.4158,0.5719,-0.4158,0.5719
0.5501,-0.4443,-0.5501,-0.4443
0.4342,0.5581,-0.4342,0.5581
0.5306,-0.4674,-0.5306,-0.4674
-0.4872,0.5124,0.4872,0.5124
-0.3334,0.6236,0.3334,0.6236
-0.0831,0.7022,0.0831,0.7022
0.5897,0.3902,-0.5897,0.3902
0.5273,-0.4711,-0.5273,-0.4711
-0.4488,0.5464,0.4488,0.5464
0.6606,0.2521,-0.6606,0.2521
0.3235,0.6287,-0.3235,0.6287
-0.1234,0.6963,0.1234,0.6963
0.3296,0.6256,-0.3296,0.6256
0.5603,-0.4314,-0.5603,-0.4314
0.2759,0.6511,-0.2759,0.6511
0.703,-0.0763,-0.703,-0.0763
0.0135,0.707,-0.0135,0.707
0.1036,0.6995,-0.1036,0.6995
-0.4821,0.5172,0.4821,0.5172
-0.1161,0.6975,0.1161,0.6975
0.0659,0.704,-0.0659,0.704
0.7017,0.0874,-0.7017,0.0874
-0.1452,0.692,0.1452,0.692
0.25,0.6614,-0.25,0.6614
-0.327,0.627,0.327,0.627
-0.1832,0.683,0.1832,0.683
0.1162,0.6975,-0.1162,0.6975
-0.2446,0.6635,0.2446,0.6635
0.6526,0.2722,-0.6526,0.2722
0.6498,-0.2788,-0.6498,-0.2788
-0.0572,0.7048,0.0572,0.7048
0.5452,0.4503,-0.5452,0.4503
0.5073,0.4926,-0.5073,0.4926
0.6602,0.2532,-0.6602,0.2532
0.6416,-0.2972,-0.6416,-0.2972
0.665,0.2404,-0.665,0.2404
-0.4755,0.5234,0.4755,0.5234
0.7013,0.0905,-0.7013,0.0905
0.6132,0.3521,-0.6132,0.3521
0.6275,-0.3259,-0.6275,-0.3259
0.6557,-0.2646,-0.6557,-0.2646
0.5272,-0.4712,-0.5272,-0.4712
-0.35,0.6144,0.35,0.6144
0.6459,-0.2878,-0.6459,-0.2878
0.7063,0.0335,-0.7063,0.0335
0.5964,-0.3799,-0.5964,-0.3799
0.5223,-0.4766,-0.5223,-0.4766
-0.4468,0.548,0.4468,0.548
0.6843,0.1781,-0.6843,0.1781
0.7051,-0.0534,-0.7051,-0.0534
0.0515,0.7052,-0.0515,0.7052
0.642,-0.2964,-0.642,-0.2964
0.6766,-0.2055,-0.6766,-0.2055
-0.1018,0.6997,0.1018,0.6997
0.5575,-0.435,-0.5575,-0.435
0.4964,0.5036,-0.4964,0.5036
0.2474,0.6624,-0.2474,0.6624
0.3321,0.6242,-0.3321,0.6242
0.7066,0.0259,-0.7066,0.0259
0.532,0.4658,-0.532,0.4658
-0.0314,0.7064,0.0314,0.7064
0.474,0.5247,-0.474,0.5247
-0.376,0.5989,0.376,0.5989
0.5647,-0.4255,-0.5647,-0.4255
0.5805,0.4037,-0.5805,0.4037
0.6097,-0.3582,-0.6097,-0.3582
0.6906,0.1517,-0.6906,0.1517
0.5123,-0.4874,-0.5123,-0.4874
0.7054,-0.0492,-0.7054,-0.0492
-0.3439,0.6178,0.3439,0.6178
-0.0923,0.7011,0.0923,0.7011
0.644,0.2919,-0.644,0.2919
-0.01,0.707,0.01,0.707
-0.3349,0.6228,0.3349,0.6228
-0.2065,0.6763,0.2065,0.6763
0.683,-0.1829,-0.683,-0.1829
0.1326,0.6946,-0.1326,0.6946
0.698,0.1132,-0.698,0.1132
0.5939,-0.3838,-0.5939,-0.3838
0.4757,0.5232,-0.4757,0.5232
-0.4804,0.5188,0.4804,0.5188
0.6058,0.3647,-0.6058,0.3647
0.6325,0.3162,-0.6325,0.3162
0.6986,0.1095,-0.6986,0.1095
0.5943,-0.3831,-0.5943,-0.3831
0.7068,0.0206,-0.7068,0.0206
0.6906,0.1521,-0.6906,0.1521
0.5927,-0.3856,-0.5927,-0.3856
0.5178,0.4815,-0.5178,0.4815
0.6865,-0.1695,-0.6865,-0.1695
0.0588,0.7047,-0.0588,0.7047
0.7071,0.0001,-0.7071,0.0001
0.7061,-0.0376,-0.7061,-0.0376
0.5016,-0.4984,-0.5016,-0.4984
0.6794,0.1959,-0.6794,0.1959
0.5676,-0.4217,-0.5676,-0.4217
-0.2385,0.6657,0.2385,0.6657
-0.1144,0.6978,0.1144,0.6978
0.7047,-0.0583,-0.7047,-0.0583
0.6387,0.3034,-0.6387,0.3034
0.5165,-0.4829,-0.5165,-0.4829
0.1495,0.6911,-0.1495,0.6911
0.5232,0.4757,-0.5232,0.4757
0.6912,-0.1493,-0.6912,-0.1493
0.6978,0.1146,-0.6978,0.1146
0.7066,0.0261,-0.7066,0.0261
0.7067,0.0253,-0.7067,0.0253
0.7008,-0.0943,-0.7008,-0.0943
-0.4981,0.5019,0.4981,0.5019
0.7069,-0.0171,-0.7069,-0.0171
-0.189,0.6814,0.189,0.6814
0.5844,-0.3981,-0.5844,-0.3981
0.7065,-0.0283,-0.7065,-0.0283
-0.3489,0.615,0.3489,0.615
0.705,-0.0545,-0.705,-0.0545
0.4378,0.5553,-0.4378,0.5553
0.7043,0.0632,-0.7043,0.0632
0.5607,0.4309,-0.5607,0.4309
0.5166,0.4828,-0.5166,0.4828
0.5077,-0.4922,-0.5077,-0.4922
0.7071,-0.0017,-0.7071,-0.0017
0.5802,-0.4041,-0.5802,-0.4041
0.707,-0.0136,-0.707,-0.0136
-0.3921,0.5884,0.3921,0.5884
-0.4623,0.5351,0.4623,0.5351
0.214,0.6739,-0.214,0.6739
0.6333,0.3145,-0.6333,0.3145
0.6783,-0.1998,-0.6783,-0.1998
0.6887,0.1601,-0.6887,0.1601
-0.4942,0.5057,0.4942,0.5057
0.7069,-0.0179,-0.7069,-0.0179
-0.0652,0.7041,0.0652,0.7041
0.5773,0.4083,-0.5773,0.4083
0.5138,0.4859,-0.5138,0.4859
-0.4943,0.5056,0.4943,0.5056
0.3921,0.5884,-0.3921,0.5884
-0.3176,0.6318,0.3176,0.6318
-0.0054,0.7071,0.0054,0.7071
0.7071,-0.0027,-0.7071,-0.0027
-0.001,0.7071,0.001,0.7071
0.4617,0.5356,-0.4617,0.5356
-0.3555,0.6112,0.3555,0.6112
-0.3778,0.5977,0.3778,0.5977
0.707,-0.014,-0.707,-0.014
0.231,0.6683,-0.231,0.6683
0.7038,-0.0681,-0.7038,-0.0681
0.7069,-0.017,-0.7069,-0.017
-0.1168,0.6974,0.1168,0.6974
-0.2282,0.6693,0.2282,0.6693
-0.0522,0.7052,0.0522,0.7052
0.2461,0.6629,-0.2461,0.6629
0.3702,0.6025,-0.3702,0.6025
0.5024,0.4976,-0.5024,0.4976
0.704,0.0665,-0.704,0.0665
0.6715,0.2216,-0.6715,0.2216
0.5087,0.4911,-0.5087,0.4911
-0.0389,0.706,0.0389,0.706
0.6256,0.3295,-0.6256,0.3295
0.5582,0.4341,-0.5582,0.4341
0.0308,0.7064,-0.0308,0.7064
0.4087,0.577,-0.4087,0.577
0.4572,0.5395,-0.4572,0.5395
0.5742,0.4126,-0.5742,0.4126
-0.0009,0.7071,0.0009,0.7071
0.5277,-0.4707,-0.5277,-0.4707
0.5326,-0.4651,-0.5326,-0.4651
0.0973,0.7004,-0.0973,0.7004
0.5402,-0.4563,-0.5402,-0.4563
0.706,-0.0388,-0.706,-0.0388
-0.3756,0.5991,0.3756,0.5991
0.4636,0.5339,-0.4636,0.5339
0.4695,0.5288,-0.4695,0.5288
-0.2618,0.6569,0.2618,0.6569
0.5012,-0.4988,-0.5012,-0.4988
-0.4992,0.5008,0.4992,0.5008
-0.4494,0.546,0.4494,0.546
0.6797,0.1949,-0.6797,0.1949
-0.071,0.7035,0.071,0.7035
0.4835,0.516,-0.4835,0.516
0.1816,0.6834,-0.1816,0.6834
0.0154,0.7069,-0.0154,0.7069
0.587,0.3942,-0.587,0.3942
-0.0413,0.7059,0.0413,0.7059
-0.0154,0.7069,0.0154,0.7069
0.7068,-0.0212,-0.7068,-0.0212
0.5196,-0.4796,-0.5196,-0.4796
0.3343,0.6231,-0.3343,0.6231
0.6346,0.3118,-0.6346,0.3118
0.7067,0.0253,-0.7067,0.0253
0.6679,-0.2322,-0.6679,-0.2322
0.7061,0.0379,-0.7061,0.0379
-0.0712,0.7035,0.0712,0.7035
0.0389,0.706,-0.0389,0.706
0.6913,0.1485,-0.6913,0.1485
0.1909,0.6809,-0.1909,0.6809
0.4522,0.5436,-0.4522,0.5436
-0.4663,0.5316,0.4663,0.5316
0.5786,-0.4065,-0.5786,-0.4065
0.4502,0.5452,-0.4502,0.5452
0.616,-0.3471,-0.616,-0.3471
0.0923,0.7011,-0.0923,0.7011
0.6998,0.1015,-0.6998,0.1015
0.7064,0.0321,-0.7064,0.0321
0.5258,0.4728,-0.5258,0.4728
0.7065,-0.0302,-0.7065,-0.0302
0.6862,0.1706,-0.6862,0.1706
-0.1378,0.6936,0.1378,0.6936
0.6629,-0.2462,-0.6629,-0.2462
0.1957,0.6795,-0.1957,0.6795
0.6829,0.1835,-0.6829,0.1835
0.6216,0.337,-0.6216,0.337
-0.1249,0.696,0.1249,0.696
0.4467,0.5482,-0.4467,0.5482
-0.4638,0.5338,0.4638,0.5338
0.5938,0.3839,-0.5938,0.3839
0.7037,0.0691,-0.7037,0.0691
0.2937,0.6432,-0.2937,0.6432
-0.3758,0.599,0.3758,0.599
0.6477,0.2838,-0.6477,0.2838
0.0108,0.707,-0.0108,0.707
0.1902,0.6811,-0.1902,0.6811
0.7069,0.0185,-0.7069,0.0185
0.4735,0.5251,-0.4735,0.5251
0.6356,0.3098,-0.6356,0.3098
0.6907,-0.1512,-0.6907,-0.1512
0.4806,0.5186,-0.4806,0.5186
0.5579,0.4345,-0.5579,0.4345
0.5715,-0.4164,-0.5715,-0.4164
0.0266,0.7066,-0.0266,0.7066
0.0395,0.706,-0.0395,0.706
-0.0562,0.7049,0.0562,0.7049
0.6238,0.3329,-0.6238,0.3329
0.3176,0.6318,-0.3176,0.6318
0.5341,-0.4634,-0.5341,-0.4634
0.6498,0.2789,-0.6498,0.2789
0.643,-0.2942,-0.643,-0.2942
-0.3892,0.5904,0.3892,0.5904
0.7067,0.0251,-0.7067,0.0251
0.5133,-0.4863,-0.5133,-0.4863
0.6494,0.2798,-0.6494,0.2798
0.5716,-0.4163,-0.5716,-0.4163
0.2785,0.65,-0.2785,0.65
-0.1668,0.6871,0.1668,0.6871
0.7067,-0.0253,-0.7067,-0.0253
0.339,0.6206,-0.339,0.6206
0.7057,0.0451,-0.7057,0.0451
-0.2279,0.6694,0.2279,0.6694
0.568,0.4211,-0.568,0.4211
0.704,-0.0665,-0.704,-0.0665
0.7058,-0.0424,-0.7058,-0.0424
0.0564,0.7049,-0.0564,0.7049
0.7024,-0.0813,-0.7024,-0.0813
0.4238,0.566,-0.4238,0.566
0.0274,0.7066,-0.0274,0.7066
0.705,-0.0549,-0.705,-0.0549
0.4595,0.5375,-0.4595,0.5375
0.5241,-0.4746,-0.5241,-0.4746
0.5415,0.4548,-0.5415,0.4548
-0.3566,0.6106,0.3566,0.6106
0.7041,0.065,-0.7041,0.065
-0.0935,0.7009,0.0935,0.7009
0.512,0.4877,-0.512,0.4877
0.6345,-0.3122,-0.6345,-0.3122
0.5205,-0.4786,-0.5205,-0.4786
0.6931,0.14,-0.6931,0.14
-0.3747,0.5997,0.3747,0.5997
0.6697,-0.2269,-0.6697,-0.2269
-0.3175,0.6318,0.3175,0.6318
0.7071,0.0054,-0.7071,0.0054
0.5282,0.4701,-0.5282,0.4701
0.6997,-0.1018,-0.6997,-0.1018
0.598,0.3773,-0.598,0.3773
0.624,-0.3326,-0.624,-0.3326
0.5712,-0.4168,-0.5712,-0.4168
-0.1329,0.6945,0.1329,0.6945
0.7068,0.0212,-0.7068,0.0212
0.6789,0.1978,-0.6789,0.1978
-0.1809,0.6836,0.1809,0.6836
0.6388,0.3031,-0.6388,0.3031
0.707,0.0132,-0.707,0.0132
0.7066,0.0271,-0.7066,0.0271
0.4157,0.572,-0.4157,0.572
0.6787,-0.1984,-0.6787,-0.1984
0.7065,-0.0291,-0.7065,-0.0291
0.4956,0.5044,-0.4956,0.5044
0.0079,0.7071,-0.0079,0.7071
-0.2446,0.6634,0.2446,0.6634
0.4443,0.5501,-0.4443,0.5501
0.4587,0.5382,-0.4587,0.5382
-0.4391,0.5542,0.4391,0.5542
0.2582,0.6583,-0.2582,0.6583
-0.2412,0.6647,0.2412,0.6647
0.5412,0.4551,-0.5412,0.4551
0.5616,0.4296,-0.5616,0.4296
0.4185,0.57,-0.4185,0.57
0.7071,0.0027,-0.7071,0.0027
-0.0093,0.707,0.0093,0.707
0.5786,0.4065,-0.5786,0.4065
0.4314,0.5602,-0.4314,0.5602
0.1326,0.6946,-0.1326,0.6946
0.6658,-0.2382,-0.6658,-0.2382
0.7009,0.0935,-0.7009,0.0935
0.3116,0.6348,-0.3116,0.6348
0.5718,0.416,-0.5718,0.416
0.5051,0.4949,-0.5051,0.4949
0.6953,0.1285,-0.6953,0.1285
0.007,0.7071,-0.007,0.7071
0.0622,0.7044,-0.0622,0.7044
0.6665,0.2363,-0.6665,0.2363
-0.0652,0.7041,0.0652,0.7041
0.6057,0.3649,-0.6057,0.3649
0.5298,0.4683,-0.5298,0.4683
0.5268,-0.4717,-0.5268,-0.4717
0.5503,0.4441,-0.5503,0.4441
0.4823,0.5171,-0.4823,0.5171
0.377,0.5982,-0.377,0.5982
0.6983,0.1113,-0.6983,0.1113
0.4766,0.5223,-0.4766,0.5223
0.4211,0.5681,-0.4211,0.5681
0.6224,-0.3355,-0.6224,-0.3355
0.5251,0.4735,-0.5251,0.4735
0.7068,0.0218,-0.7068,0.0218
-0.4856,0.514,0.4856,0.514
-0.464,0.5336,0.464,0.5336
-0.4972,0.5028,0.4972,0.5028
0.3141,0.6335,-0.3141,0.6335
0.6277,-0.3256,-0.6277,-0.3256
-0.1763,0.6848,0.1763,0.6848
0.1307,0.6949,-0.1307,0.6949
-0.036,0.7062,0.036,0.7062
0.0075,0.7071,-0.0075,0.7071
-0.3285,0.6262,0.3285,0.6262
-0.062,0.7044,0.062,0.7044
-0.1581,0.6892,0.1581,0.6892
0.4219,0.5674,-0.4219,0.5674
-0.2126,0.6744,0.2126,0.6744
0.0904,0.7013,-0.0904,0.7013
0.5407,-0.4557,-0.5407,-0.4557
-0.0802,0.7025,0.0802,0.7025
0.157,0.6895,-0.157,0.6895
0.544,0.4518,-0.544,0.4518
0.4701,0.5282,-0.4701,0.5282
0.5055,0.4944,-0.5055,0.4944
0.544,-0.4517,-0.544,-0.4517
0.5543,0.4391,-0.5543,0.4391
0.6524,-0.2728,-0.6524,-0.2728
-0.471,0.5275,0.471,0.5275
0.7069,-0.0162,-0.7069,-0.0162
0.4172,0.5709,-0.4172,0.5709
0.6883,-0.1622,-0.6883,-0.1622
0.6979,-0.1139,-0.6979,-0.1139
0.2986,0.641,-0.2986,0.641
0.5016,0.4984,-0.5016,0.4984
0.7046,-0.0598,-0.7046,-0.0598
0.6172,0.3451,-0.6172,0.3451
0.502,0.498,-0.502,0.498
0.6973,0.1172,-0.6973,0.1172
0.0544,0.705,-0.0544,0.705
0.6129,0.3526,-0.6129,0.3526
0.4474,0.5476,-0.4474,0.5476
0.1006,0.6999,-0.1006,0.6999
-0.1086,0.6987,0.1086,0.6987
-0.358,0.6098,0.358,0.6098
-0.2305,0.6685,0.2305,0.6685
0.388,0.5911,-0.388,0.5911
0.7034,0.0725,-0.7034,0.0725
-0.0085,0.7071,0.0085,0.7071
-0.4776,0.5215,0.4776,0.5215
0.6698,-0.2268,-0.6698,-0.2268
0.6579,-0.2591,-0.6579,-0.2591
0.4549,0.5414,-0.4549,0.5414
0.011,0.707,-0.011,0.707
0.134,0.6943,-0.134,0.6943
0.5175,-0.4819,-0.5175,-0.4819
-0.0797,0.7026,0.0797,0.7026
0.6193,-0.3414,-0.6193,-0.3414
-0.0469,0.7055,0.0469,0.7055
-0.2494,0.6617,0.2494,0.6617
-0.435,0.5575,0.435,0.5575
-0.3384,0.6209,0.3384,0.6209
0.6237,0.3332,-0.6237,0.3332
0.0638,0.7042,-0.0638,0.7042
0.0811,0.7024,-0.0811,0.7024
0.513,-0.4867,-0.513,-0.4867
0.0992,0.7001,-0.0992,0.7001
0.5085,-0.4913,-0.5085,-0.4913
-0.4888,0.5109,0.4888,0.5109
0.598,-0.3774,-0.598,-0.3774
0.6948,-0.1315,-0.6948,-0.1315
0.4975,0.5025,-0.4975,0.5025
0.603,-0.3694,-0.603,-0.3694
0.5789,-0.406,-0.5789,-0.406
0.3952,0.5864,-0.3952,0.5864
0.6196,0.3406,-0.6196,0.3406
0.5911,0.388,-0.5911,0.388
0.6122,0.3538,-0.6122,0.3538
-0.188,0.6817,0.188,0.6817
