-0.40376,0.13637,0.80629,0.41021
-0.25454,-0.70003,-0.038982,-0.66606
0.44598,0.19883,-0.80829,0.32899
-0.34347,0.37815,0.59751,0.61807
0.10753,0.46155,-0.079872,0.87694
-0.21607,-0.4875,0.49486,-0.68613
0.89584,0.18058,-0.40345,-0.045762
0.82463,-0.42486,-0.30657,-0.21332
-0.75516,0.14536,0.55296,0.32069
-0.73087,0.15254,0.57763,-0.33001
-0.33911,-0.66826,0.30216,-0.58918
-0.67026,0.20979,0.71096,-0.035701
-0.45696,-0.22273,0.74579,-0.43055
-0.24823,-0.81873,-0.12897,-0.50142
0.40801,-0.27807,-0.31557,-0.81032
-0.57126,-0.59129,0.42681,-0.37665
0.28083,0.4159,0.23694,0.83188
0.44495,0.020937,-0.8607,0.24652
-0.86602,0.25987,0.32522,0.27696
-0.54907,0.096628,0.76752,0.31637
0.57132,-0.42461,-0.70185,0.026505
-0.80275,-0.22631,0.47506,0.28053
0.62066,0.21502,-0.66404,0.35722
-0.37119,0.69629,0.43532,0.43346
-0.13994,-0.82002,-0.30803,-0.46162
0.5062,-0.012259,-0.86217,0.016324
0.70298,0.15366,-0.63483,-0.28143
-0.72036,0.32873,0.45955,0.40228
-0.032369,0.55804,0.22171,0.79899
0.57894,0.5299,-0.51479,0.34501
0.69663,0.3222,-0.35604,0.53304
0.64494,0.13067,-0.38152,0.64917
-0.099104,-0.47395,-0.15364,-0.86136
-0.69281,0.55993,0.25565,0.3757
-0.76904,-0.4525,0.23197,-0.38731
-0.47827,0.18713,0.81401,-0.27133
0.45526,0.31587,-0.69162,0.46328
0.44527,-0.46654,-0.75812,-0.096571
0.73056,0.31723,-0.58203,0.16398
0.86237,0.13793,-0.48573,0.03685
0.075038,-0.76844,-0.12478,-0.62313
-0.60193,-0.12631,0.74925,-0.24567
0.20033,0.86292,-0.22848,0.40378
0.011991,0.87618,0.13675,0.46203
-0.44496,-0.4529,0.74026,-0.22117
0.32852,-0.60494,-0.63805,-0.345
0.48108,-0.38714,-0.78355,-0.068777
0.82124,-0.092629,-0.47212,0.30675
-0.16849,-0.67067,0.36514,-0.62329
0.67643,0.24808,-0.67704,0.15003
-0.17414,0.63866,0.34458,0.66562
0.65828,-0.59973,-0.43507,-0.13308
0.47356,-0.12644,-0.85371,0.17588
0.049687,0.82777,0.31098,0.46434
0.6434,-0.40378,-0.53214,-0.37394
0.31896,-0.59954,-0.01302,-0.73393
-0.034249,0.60762,-0.25712,0.75067
0.91832,0.0095698,-0.3935,0.041876
-0.648,-0.39641,0.6412,-0.10867
-0.08587,0.82256,-0.30704,0.4709
0.2607,0.45737,-0.78156,0.33467
-0.55771,-0.047152,0.78892,-0.25367
0.7083,-0.063877,-0.64829,0.27195
0.022884,-0.84026,0.093992,-0.53348
-0.39448,0.41737,0.33778,0.74571
0.55291,0.47394,-0.61994,0.29214
-0.42197,-0.32597,0.57846,-0.61731
-0.16782,-0.43812,0.12264,-0.87456
0.20933,-0.51897,-0.68689,-0.46371
0.24707,-0.82175,-0.082399,-0.50685
0.0010138,-0.66031,-0.36168,-0.65816
0.072854,0.7816,-0.1384,0.60386
-0.58419,-0.090899,0.69373,-0.41134
0.49568,0.76493,-0.13109,0.38987
-0.50134,0.44499,0.43093,0.60411
0.52003,-0.15487,-0.83548,-0.086954
0.5324,-0.36995,-0.75659,0.085186
0.069046,0.76801,-0.1587,0.61661
0.085937,-0.28717,-0.27613,-0.91318
0.33202,0.78068,-0.44184,0.29169
0.22001,0.36861,-0.15096,0.89047
-0.51618,-0.59395,0.19781,-0.58451
-0.73349,0.56854,0.20709,0.30962
-0.7917,0.30952,0.41467,0.32474
0.80007,-0.32765,-0.39184,-0.31464
0.21309,-0.77053,0.28385,-0.52943
-0.16021,0.91029,0.12502,0.36066
0.55317,0.63171,-0.51424,0.17463
0.5411,0.01151,-0.74012,0.39913
-0.28311,-0.62385,0.38691,-0.61722
-0.79128,0.36631,0.48536,0.064162
-0.13748,-0.71596,0.43504,-0.52843
0.59649,-0.52648,-0.56238,-0.22525
0.73375,-0.25676,-0.61134,-0.14813
-0.13983,0.71048,0.23135,0.64972
-0.2214,-0.63383,0.39068,-0.62977
0.68138,-0.16839,-0.69197,0.16893
-0.051482,-0.80278,0.25426,-0.53689
0.7238,-0.13815,-0.55997,-0.37876
-0.14652,-0.77561,-0.38548,-0.47787
0.39869,-0.61833,-0.62249,-0.26686
-0.12534,-0.70316,0.28795,-0.63792
0.81061,-0.086898,-0.4938,0.30253
0.37574,-0.55361,-0.71521,-0.20202
-0.89602,0.18426,0.40025,-0.054666
0.53336,0.059912,-0.77813,-0.32626
-0.57186,0.4396,0.54822,0.4233
-0.40291,0.45076,0.53335,0.59162
-0.38837,0.27883,0.76538,0.43084
-0.0059344,0.63041,-0.30596,0.7134
0.074224,0.68435,0.080979,0.72083
-0.19614,-0.85398,0.14137,-0.46073
0.62531,0.32987,-0.707,0.018093
0.1164,-0.55178,0.39422,-0.72566
-0.1158,-0.58719,0.07339,-0.79776
0.84744,-0.0087249,-0.51914,0.11078
-0.54629,0.31419,0.75703,-0.17249
-0.54289,-0.48025,0.26821,-0.63458
-0.5858,0.2106,0.77685,-0.094812
-0.79698,-0.43853,0.22381,-0.3499
-0.49402,0.43454,0.74089,0.13492
-0.54186,0.35868,0.36372,0.66742
-0.36394,-0.45392,0.774,-0.24986
-0.44543,0.11185,0.77299,0.43768
0.24607,0.4817,0.0087376,0.84103
-0.0027186,0.51062,-0.47221,0.71852
-0.54931,0.56594,0.59178,0.16663
0.45287,0.13699,-0.82676,-0.3043
0.89332,0.29196,-0.34034,-0.030062
0.1689,0.46277,-0.14636,0.85784
0.74029,-0.21053,-0.4923,-0.40656
-0.74826,-0.39309,0.39491,-0.36005
-0.097228,-0.34423,-0.03625,-0.93313
-0.77374,-0.13977,0.50652,-0.35388
0.54962,0.48412,-0.43339,0.52509
0.44269,0.36193,-0.73342,0.3676
0.21759,0.36493,-0.52153,0.73992
0.8284,0.045386,-0.55519,0.058753
-0.090669,0.76963,-0.052354,0.62985
-0.71085,-0.060394,0.67833,0.17583
0.17553,0.86108,0.055035,0.47402
-0.44878,0.49453,0.33737,0.66348
0.57991,0.54178,-0.50278,0.34264
-0.59923,-0.26081,0.75354,0.071215
-0.62705,0.43294,0.48349,0.43082
-0.81141,-0.22212,0.53948,-0.035058
-0.50157,-0.15276,0.82707,-0.20262
-0.49658,0.062363,0.85966,0.10249
0.71428,0.43977,-0.36374,0.4051
0.28275,-0.33026,-0.5004,-0.74872
0.021106,-0.71192,-0.22745,-0.66407
0.098938,-0.80052,0.35759,-0.47064
-0.36156,0.81224,0.21279,0.40528
-0.26021,0.78048,0.13293,0.55269
-0.35701,0.55714,0.25578,0.70478
-0.79112,0.12633,0.46631,0.37513
-0.23581,0.66967,0.22932,0.66585
-0.46037,0.76354,0.17375,0.41818
0.17535,0.89986,-0.10735,0.38469
-0.51703,0.5842,0.42617,0.458
0.70812,0.16242,-0.68648,-0.030455
-0.11494,-0.59713,0.13541,-0.78224
0.288,0.78002,-0.20356,0.51691
-0.46684,0.3846,0.69566,0.38756
-0.20388,-0.50057,0.18831,-0.82
0.32917,0.15926,-0.80805,0.46189
0.10565,-0.54964,0.40548,-0.72272
0.76077,0.058352,-0.60464,-0.22855
-0.22987,0.66219,0.51917,0.48901
0.65707,0.2008,-0.70635,0.17033
0.68491,0.11963,-0.38922,0.60423
0.46083,0.44689,-0.18131,0.74502
0.29163,0.81048,-0.18575,0.47283
-0.16007,-0.56775,-0.057472,-0.80544
-0.35413,-0.3166,0.27911,-0.83454
0.62372,0.085184,-0.65402,-0.41949
0.44943,0.73001,-0.28701,0.42746
-0.3455,0.67551,0.17875,0.62639
0.61771,0.66887,-0.31296,0.27038
-0.68037,-0.050586,0.63046,-0.37021
-0.37149,-0.79123,-0.11916,-0.4709
-0.89306,0.14199,0.40883,-0.12301
0.22274,-0.76583,-0.047448,-0.60136
-0.79487,-0.227,0.45402,0.33244
0.87745,0.002102,-0.47444,0.070662
-0.51496,0.083071,0.58455,0.62146
-0.50631,0.27466,0.81243,-0.090408
-0.29329,0.41426,0.38729,0.76966
0.31363,-0.39752,-0.22815,-0.8316
0.7889,0.36262,-0.25459,0.42583
-0.70686,-0.42088,0.55956,0.10047
0.57093,0.29832,-0.76229,-0.06296
-0.67537,0.48133,0.55812,-0.02647
-0.087193,0.51594,0.0074153,0.85214
-0.53828,0.53953,0.56865,0.30951
0.3115,-0.55509,0.016994,-0.77107
0.36889,-0.277,-0.64565,-0.60854
0.71376,0.5066,-0.43238,0.21667
-0.52532,-0.31086,0.63112,-0.47864
-0.39231,0.55935,0.66289,0.30625
-0.30573,0.2443,0.37703,0.83946
0.52366,-0.70165,-0.44018,-0.19928
-0.060532,-0.27768,-0.36289,-0.88744
-0.64656,-0.027554,0.64136,-0.41214
0.35869,0.37581,-0.81325,0.26218
-0.31099,-0.2403,0.73,-0.55914
0.23807,-0.53736,-0.05929,-0.80688
-0.7936,-0.029809,0.60185,-0.084249
-0.34367,0.32785,0.76778,0.43002
-0.40592,0.61573,0.4376,0.5144
0.411,-0.10518,-0.79851,-0.42709
0.72721,-0.31746,-0.60142,-0.093203
-0.90364,-0.0052574,0.42489,-0.053574
-0.065339,0.64447,-0.51778,0.55883
0.39789,0.38772,-0.2902,0.77919
-0.59873,0.26773,0.74045,-0.14689
-0.17569,0.83994,0.27594,0.433
-0.28278,0.59859,0.53037,0.52956
0.1154,-0.77743,0.25196,-0.56463
0.76655,-0.2762,-0.57976,-0.00076113
-0.15136,-0.66691,0.18072,-0.70687
0.33508,0.81329,-0.18976,0.43619
0.41297,0.16596,-0.85034,0.28079
-0.39395,-0.41122,0.79542,-0.20736
0.086335,-0.70073,0.029338,-0.70758
-0.38635,0.54664,-0.041638,0.74174
-0.29057,0.46212,0.29519,0.78414
0.79746,0.15059,-0.57007,0.12811
-0.26198,0.56815,0.24353,0.74112
0.12618,-0.62498,-0.52007,-0.56834
0.56089,-0.21958,-0.79086,0.10829
-0.84384,0.35378,0.40165,-0.037933
-0.20567,0.40302,0.24031,0.85879
-0.14659,-0.69909,0.28613,-0.63868
0.31587,0.53831,-0.41385,0.6627
-0.38811,-0.63924,0.5705,-0.33953
-0.51074,0.51064,0.66414,0.19315
0.2235,-0.83363,0.25426,-0.43642
-0.71485,-0.20778,0.65729,-0.11744
0.13212,-0.59581,0.20748,-0.76453
-0.622,-0.21104,0.75375,-0.020887
0.54612,-0.25253,-0.56383,-0.56576
-0.49575,-0.37771,0.42297,-0.65777
-0.5307,0.39183,0.74911,0.060476
-0.7133,-0.50903,0.3974,-0.27233
-0.00056634,0.84342,0.013294,0.53709
-0.14556,-0.75745,0.41521,-0.48237
0.21573,-0.57111,-0.53522,-0.58381
-0.58432,-0.24161,0.7643,0.12663
0.043554,0.87693,-0.14365,0.45657
-0.409,0.6046,0.40724,0.54894
-0.77215,0.36496,0.33842,0.39504
0.50755,0.59894,-0.074425,0.61492
0.47951,-0.64275,-0.12853,-0.58346
-0.30121,0.46781,0.39192,0.73269
-0.31156,0.77086,0.49705,0.2483
-0.15898,0.67028,-0.10544,0.71717
-0.2675,-0.42049,0.19407,-0.84497
-0.6042,0.33651,0.64462,0.32584
-0.72482,0.42773,0.46305,0.27797
0.28386,0.32944,-0.046354,0.8993
-0.1518,0.70418,-0.36085,0.59234
-0.72771,-0.12872,0.52219,-0.42566
-0.3308,-0.49689,0.1753,-0.78291
0.40216,0.41485,-0.51669,0.63182
-0.81553,0.12154,0.53614,-0.18083
0.048263,0.42909,-0.30892,0.84742
0.18975,0.60398,0.16531,0.75622
0.70248,0.17456,-0.62783,-0.28616
-0.03381,-0.46403,-0.3347,-0.81946
0.054358,0.79959,-0.1214,0.58563
-0.54217,-0.14383,0.72303,-0.40323
0.50126,0.5012,-0.039781,0.70425
0.03994,-0.54726,0.30627,-0.77789
0.45851,-0.32361,-0.62572,-0.54178
0.27958,0.28158,-0.46533,0.79121
0.45193,0.43217,-0.77706,0.071894
0.66835,-0.1832,-0.6917,0.20324
0.28121,-0.41987,-0.21562,-0.83554
0.40879,-0.28736,-0.48748,-0.71601
-0.60995,0.018167,0.79133,0.037754
0.62819,0.46023,-0.62715,-0.015773
-0.69681,-0.42004,0.091238,-0.5742
-0.85988,0.01202,0.44612,-0.24785
0.45642,-0.0097997,-0.85631,0.24149
0.70314,-0.27319,-0.63533,0.16528
-0.75105,0.41518,0.14609,0.49214
0.58966,0.55093,-0.18913,0.55948
-0.78027,0.17839,0.4471,0.39932
0.19015,-0.59532,0.18617,-0.75814
-0.22471,-0.83926,0.32079,-0.37715
-0.68881,0.28778,0.6651,-0.019209
0.50532,-0.040283,-0.73399,0.45197
-0.75113,0.35855,0.50128,0.23658
-0.041868,0.64765,0.32604,0.68739
-0.34483,0.36887,0.57948,0.63971
-0.59528,-0.18,0.3447,-0.70315
0.2159,-0.57923,-0.28058,-0.73427
0.60762,0.0059239,-0.79222,-0.0562
-0.34748,0.66205,0.15277,0.64623
0.67737,0.051843,-0.70163,-0.21493
-0.11695,0.67449,-0.31588,0.65697
-0.19826,-0.59531,0.55214,-0.54903
-0.46395,-0.49751,0.49225,-0.54306
0.23155,0.53124,0.11447,0.80688
0.39749,0.75788,-0.32104,0.40564
-0.88891,0.067544,0.43376,0.13091
-0.096193,-0.60819,0.16292,-0.77092
0.77974,-0.22272,-0.45366,-0.36959
-0.073701,0.64898,0.20894,0.72783
0.27606,-0.7386,-0.087853,-0.60873
-0.66273,-0.012371,0.7425,-0.096559
-0.43757,-0.79248,0.36017,-0.22537
-0.23983,0.2953,0.49161,0.78333
-0.70261,0.18991,0.68568,0.010349
-0.25714,-0.2596,0.41573,-0.83286
0.86701,-0.26912,-0.41926,-0.0095919
-0.37085,0.34549,0.83993,0.19396
-0.66979,0.53096,0.38432,0.34894
0.48576,-0.59075,-0.5361,-0.35728
-0.19224,0.53635,0.43483,0.69735
0.060013,0.52783,-0.15487,0.83295
0.035264,-0.55816,0.063413,-0.82655
-0.42178,0.15569,0.65104,0.61157
-0.43621,0.48645,0.62658,0.42484
0.42359,-0.5496,-0.16743,-0.70034
0.2479,0.82032,0.070294,0.51057
0.65646,0.07824,-0.71486,-0.22785
-0.35473,0.78457,0.4003,0.31365
0.73374,0.43711,-0.51781,-0.049364
-0.73705,0.43593,0.47517,0.20231
-0.69945,0.14195,0.67118,0.20034
-0.35023,0.5454,0.6147,0.44946
0.50263,0.050503,-0.81976,0.26984
-0.30317,0.79061,0.007837,0.53194
0.058317,0.59264,0.21575,0.77384
0.67949,-0.27892,-0.46306,-0.49605
-0.07488,-0.48203,0.28999,-0.82338
0.069639,0.87352,-0.18619,0.44434
0.74971,0.46332,-0.19448,0.43063
-0.14216,0.68685,0.40391,0.58728
-0.74497,0.20456,0.62197,0.12778
0.65905,0.31382,-0.20619,0.65166
0.41724,0.68867,-0.51534,0.29338
0.36914,0.67037,-0.54823,0.33732
0.26762,-0.6342,-0.10288,-0.71804
-0.053996,-0.86744,-0.19127,-0.45613
-0.775,0.17156,0.55631,-0.24588
0.51709,-0.40237,-0.61291,-0.44166
0.71234,-0.10104,-0.54425,0.43145
-0.0016511,-0.73912,0.42783,-0.52025
-0.77397,-0.10245,0.62025,-0.075867
-0.32726,0.35095,0.7347,0.47952
0.54056,0.10337,-0.8102,-0.20168
-0.11292,0.35431,-0.095898,0.92332
0.15152,-0.75934,-0.47036,-0.42333
0.53423,0.5344,-0.3226,0.57004
-0.68991,-0.04474,0.57971,-0.43122
0.5919,0.35133,-0.29548,0.66251
-0.20836,0.42448,0.32102,0.82058
-0.33665,-0.58815,0.0057119,-0.73534
-0.52394,0.42516,0.50199,0.54104
-0.084341,-0.66297,-0.3458,-0.65862
-0.036514,-0.37155,-0.27584,-0.88574
0.39419,0.76562,0.10782,0.4968
0.73482,-0.16155,-0.60605,-0.25814
-0.13565,0.67526,0.59415,0.41547
0.099324,-0.34271,-0.25905,-0.89754
0.52736,-0.092009,-0.73992,0.40736
0.18785,-0.7406,-0.47709,-0.43429
-0.61843,0.58067,0.12079,0.51553
-0.56084,-0.63697,0.045752,-0.5269
0.028265,-0.78748,-0.14623,-0.59808
-0.69475,0.3143,0.64567,0.040665
-0.56242,-0.3072,0.7191,-0.26872
0.3011,-0.77976,-0.10421,-0.53893
-0.71544,0.26122,0.64067,-0.097172
-0.72864,0.55912,0.28257,0.27681
0.74198,-0.50548,-0.35326,-0.26299
-0.80344,0.13776,0.5608,-0.14495
0.23904,-0.60278,0.17685,-0.74043
-0.41157,-0.44726,0.011719,-0.794
-0.23592,-0.53697,0.33281,-0.73841
-0.62236,-0.19187,0.67829,0.34025
-0.64771,-0.21054,0.73138,0.034889
-0.47565,-0.48743,0.18167,-0.70934
-0.53088,-0.0070862,0.81441,0.23421
0.15857,0.50837,-0.24745,0.80943
0.40511,0.49903,-0.70694,0.2951
0.70076,0.2679,-0.36175,0.55345
-0.82621,-0.21978,0.44325,-0.26946
-0.78578,0.20998,0.43447,0.38691
0.0094896,-0.69649,0.37231,-0.61335
0.58024,-0.60792,-0.41703,-0.34619
0.64594,-0.61606,-0.39443,-0.21827
0.14586,-0.64573,0.066628,-0.74654
-0.43383,0.74243,0.41901,0.29159
0.24285,0.6193,-0.3067,0.68076
-0.63283,0.36208,0.50876,0.4578
0.70962,0.058514,-0.67751,0.18439
-0.51572,-0.26878,0.76974,-0.26324
-0.54524,0.70134,0.25611,0.38112
-0.33095,-0.83888,0.23229,-0.36442
-0.40114,-0.53128,0.67859,-0.31041
-0.67487,-0.069302,0.68393,0.2683
-0.84722,-0.046921,0.45046,-0.27768
0.2682,-0.6587,-0.58035,-0.39671
0.15876,0.68045,-0.19704,0.68772
-0.28408,0.52951,0.75552,0.261
0.57541,-0.044252,-0.69505,0.42878
-0.073373,-0.84639,-0.08249,-0.52099
-0.53967,0.1334,0.69521,0.45568
0.38901,-0.74882,-0.50932,-0.16893
-0.31161,0.85346,0.26873,0.31981
0.26211,0.36515,-0.83828,0.30863
-0.75939,0.0035936,0.52451,-0.38497
0.16072,0.6823,-0.26115,0.66365
-0.56723,-0.64488,0.49739,-0.12243
0.38342,0.28033,-0.62391,0.6206
0.13424,-0.49856,-0.039487,-0.85549
-0.60224,-0.096761,0.73728,-0.29044
0.34592,-0.53485,0.072271,-0.7675
-0.55165,0.083111,0.60053,0.57284
0.49248,-0.41951,-0.38038,-0.6609
-0.74471,0.42202,0.45359,0.24811
-0.28993,-0.69897,-0.11352,-0.64382
0.3459,0.70576,0.073676,0.61386
-0.28212,-0.53194,0.6897,-0.40221
-0.22667,-0.71915,-0.20837,-0.62292
0.42279,-0.4229,-0.36701,-0.71254
-0.5897,0.62091,0.47191,0.20982
-0.13287,0.83935,0.073756,0.52191
0.35927,-0.42177,-0.81413,-0.17383
-0.86042,-0.21587,0.46091,0.025233
-0.11206,-0.5157,0.2766,-0.80311
-0.42718,-0.1256,0.54597,-0.70969
-0.42779,0.066402,0.70874,0.55701
-0.60476,-0.30673,0.72099,-0.14267
-0.62916,-0.10919,0.38006,-0.66918
-0.02815,0.60398,0.41501,0.67984
0.25113,0.76732,0.25867,0.53033
0.0021689,0.57109,0.050535,0.81933
-0.63422,-0.42134,0.23109,-0.60568
0.21701,0.48816,-0.63648,0.55633
0.47324,-0.56746,-0.18448,-0.64807
0.37763,0.46427,-0.2068,0.774
0.47311,-0.02378,-0.79155,-0.38607
0.38313,-0.30706,-0.74427,-0.45276
0.69916,0.014307,-0.71475,-0.0098761
-0.2377,0.6254,0.58867,0.45369
-0.45257,0.20258,0.86833,-0.012211
0.003405,0.36987,-0.32885,0.86893
0.36374,-0.2419,-0.50399,-0.7451
-0.079136,-0.51923,0.5955,-0.60788
-0.38576,0.5731,0.47973,0.54093
0.23581,-0.66465,0.059562,-0.70646
-0.14184,0.70903,0.29212,0.62596
-0.40071,0.14797,0.62569,0.65272
0.83748,0.16215,-0.50959,-0.1125
0.75731,-0.28196,-0.58567,-0.062956
-0.90801,0.12485,0.39468,-0.064438
-0.75494,-0.30229,0.57462,0.092147
0.36889,-0.80816,-0.10683,-0.44653
-0.87028,0.089962,0.48045,-0.060802
-0.3838,0.41691,0.63268,0.52782
0.23589,-0.67148,0.22888,-0.66414
-0.75798,0.37925,0.3122,0.42916
0.74774,0.3196,-0.23761,0.5313
0.37297,-0.56317,-0.72337,-0.14309
0.52174,0.57443,-0.1007,0.62264
-0.15203,0.51572,-0.20178,0.81866
-0.55603,0.73096,0.26765,0.29138
0.62356,-0.028266,-0.62881,-0.46366
-0.39374,0.55685,0.72421,0.10198
0.7802,0.05401,-0.51152,0.35596
0.50137,0.53678,-0.02702,0.67807
-0.43445,-0.59514,-0.04824,-0.67434
0.79899,-0.076552,-0.59113,-0.079533
-0.22938,-0.62455,0.35297,-0.65782
-0.01455,0.84697,0.166,0.50485
0.29806,0.72701,-0.21841,0.57872
-0.78495,0.30006,0.4751,0.26095
-0.42406,-0.35192,0.62151,-0.55682
0.45595,0.59255,0.088765,0.65811
-0.57634,-0.67366,0.31645,-0.33746
-0.47886,-0.3596,0.68533,-0.41436
-0.45973,0.16711,0.51708,0.70239
0.78474,-0.25917,-0.55823,-0.073468
-0.070745,-0.89635,-0.075032,-0.43119
0.49852,0.43495,-0.16833,0.73073
-0.4765,0.018029,0.85607,0.19942
-0.11532,-0.621,0.44465,-0.6351
-0.019389,0.77723,-0.19614,0.59754
0.40266,-0.30787,-0.41374,-0.75624
-0.59457,0.54117,0.30983,0.50758
0.45774,-0.1087,-0.6582,-0.58773
0.22841,0.65671,-0.11626,0.70926
0.37103,-0.47407,-0.55674,-0.5724
0.47093,-0.12084,-0.85509,-0.18015
0.60332,0.078772,-0.79055,0.069433
-0.8466,-0.13601,0.49859,-0.12718
-0.58772,-0.3463,0.35237,-0.6407
-0.32675,0.64611,0.48068,0.4947
0.76558,-0.35417,-0.18833,-0.50297
0.21664,-0.69469,-0.53566,-0.42842
0.27753,0.29867,-0.040471,0.91221
0.769,0.22529,-0.55963,0.21143
0.66553,-0.067443,-0.65439,0.35256
0.37113,0.68072,-0.081333,0.62631
0.21548,0.32595,0.022159,0.92023
0.73209,0.13907,-0.65974,-0.097229
0.6876,-0.25828,-0.3602,-0.57511
0.38771,-0.55124,-0.3947,-0.62452
-0.32875,0.6399,0.10917,0.68595
0.77617,-0.18973,-0.44904,-0.39991
-0.67922,-0.079754,0.72946,-0.013573
-0.099878,0.82452,-0.35455,0.42952
-0.62907,-0.26674,0.72953,-0.030058
-0.56955,0.55542,0.60231,0.065898
-0.33796,0.60826,0.5676,0.44004
0.43313,0.62926,-0.63643,0.10676
-0.79283,-0.3731,0.39273,-0.27924
-0.29836,-0.68001,0.35907,-0.56536
-0.19771,0.42108,-0.2401,0.85203
0.82847,0.067606,-0.43956,-0.34038
0.84233,-0.073725,-0.52732,-0.083599
-0.80938,-0.36762,0.45772,-0.015808
0.43296,0.72242,-0.13995,0.52065
0.65011,-0.14221,-0.69804,0.26434
-0.45608,0.72757,0.21074,0.46715
-0.27373,-0.35854,0.3893,-0.8031
0.32276,0.50698,-0.0037715,0.79924
0.56822,-0.47509,-0.66162,-0.11698
-0.21376,0.6495,-0.20068,0.70155
-0.71445,0.39022,0.15122,0.56074
-0.12174,-0.68449,0.34777,-0.62905
-0.55136,0.18954,0.80322,0.12218
0.57213,0.47244,-0.26354,0.61645
0.59383,-0.54798,-0.53761,-0.24094
0.61992,-0.34007,-0.53401,-0.46355
0.74965,0.18179,-0.59538,-0.22472
-0.057646,0.43392,-0.080489,0.89549
-0.2496,-0.27375,0.11141,-0.92214
-0.49606,0.23846,0.6524,0.52099
-0.58365,-0.039024,0.73465,0.34368
-0.5309,-0.30178,0.78762,-0.082065
-0.44273,0.71453,0.47935,0.2523
-0.11351,0.51411,0.39391,0.75342
-0.39147,-0.51071,0.75299,-0.1376
-0.015517,0.69734,0.20472,0.68671
-0.53506,-0.61131,0.3191,-0.48805
-0.13092,0.72617,0.040189,0.67374
-0.62977,0.45917,0.57382,0.25155
0.32603,-0.64005,-0.023788,-0.69532
0.66599,-0.049757,-0.68818,0.28352
0.80078,-0.31687,-0.4797,-0.16802
-0.86016,-0.061596,0.41956,-0.28338
-0.53788,-0.38951,0.40023,-0.63149
-0.16577,0.62756,0.021076,0.76043
-0.80621,0.022777,0.48624,-0.33628
-0.778,0.059465,0.5336,-0.32627
0.4663,-0.08621,-0.72847,-0.49443
-0.68167,0.11001,0.67543,0.25889
0.059548,-0.78816,-0.19365,-0.58117
-0.64803,0.62402,0.35818,0.24972
0.54402,0.73385,-0.26262,0.31069
-0.59477,-0.49618,0.2026,-0.59918
0.81086,-0.3274,-0.48507,-0.0053431
-0.32889,0.26068,0.49459,0.76109
-0.59411,0.67405,0.14164,0.41549
-0.006057,-0.90445,0.13891,-0.40328
-0.71532,0.48096,0.22386,0.45483
0.39066,-0.73402,-0.40118,-0.38426
0.60769,0.57295,-0.48733,0.25486
0.55818,-0.047309,-0.82526,-0.071775
0.48484,0.69251,-0.31313,0.43278
0.56459,-0.62444,-0.51726,-0.15412
0.4243,-0.31236,-0.38729,-0.75658
0.68633,0.12507,-0.6667,-0.26234
0.49203,0.283,-0.80511,0.17212
-0.45229,-0.33325,0.56056,-0.60839
-0.24338,-0.83752,-0.042802,-0.48733
-0.59537,0.09823,0.77337,-0.19437
0.10332,0.67303,0.18957,0.7074
-0.37094,0.58077,-0.024334,0.72423
0.2579,0.61695,-0.28608,0.68631
-0.48957,-0.3747,0.70453,-0.3515
-0.72895,-0.53204,0.18619,-0.38846
-0.68982,-0.23704,0.68025,0.072277
0.063405,0.89806,-0.17847,0.39702
-0.84625,-0.12617,0.50952,0.091335
-0.60655,0.22483,0.51293,0.56432
-0.23378,0.63035,-0.10584,0.73267
0.46614,-0.31891,-0.62753,-0.53592
-0.36893,-0.53495,0.28318,-0.70536
-0.63954,-0.53046,0.10498,-0.54643
-0.74908,-0.064987,0.64384,-0.14187
-0.036255,0.70146,-0.46592,0.5381
0.3784,-0.24697,-0.85402,-0.2578
-0.41969,-0.51033,0.73346,-0.15954
-0.10444,-0.63467,0.58156,-0.49807
-0.41418,-0.38181,0.69242,-0.45081
0.11201,0.64696,0.25978,0.70811
0.39614,0.68978,-0.02702,0.60543
0.74214,0.38857,-0.42901,0.33793
0.11436,-0.82896,-0.17975,-0.51715
0.82074,-0.185,-0.52033,0.14634
-0.045099,0.71078,-0.25222,0.65509
-0.67855,-0.39691,0.18574,-0.58951
0.44406,-0.67403,-0.40443,-0.43003
0.77765,0.34609,-0.51127,0.11864
0.604,0.45635,-0.43496,0.48758
0.22115,-0.65511,0.1317,-0.71034
0.26305,0.88258,-0.032649,0.38832
-0.21454,-0.50017,0.25189,-0.80022
0.42502,-0.221,-0.52605,-0.7027
0.54312,0.15751,-0.68278,0.46262
-0.79768,-0.26705,0.50481,0.19381
-0.17005,0.51882,0.36843,0.75244
0.56496,0.31615,-0.76148,0.031852
0.37575,-0.4067,-0.20952,-0.80592
0.82366,0.22893,-0.51725,0.040286
-0.67212,0.37794,0.63065,-0.087763
-0.63796,-0.042638,0.76558,-0.071226
0.32864,0.18893,-0.8959,0.23167
-0.20556,0.36242,0.10135,0.9034
0.52792,0.23969,-0.81256,0.059921
0.67838,-0.45475,-0.44403,-0.36856
0.81665,0.22221,-0.53263,-0.00092555
-0.62979,0.02647,0.77523,0.041038
-0.55785,0.16507,0.51651,0.62831
-0.006109,-0.56856,0.30579,-0.76367
-0.88721,-0.070952,0.45223,-0.057498
-0.35582,-0.31504,0.75077,-0.45879
-0.35117,0.1512,0.82552,0.41513
-0.10595,0.67907,-0.40521,0.60287
-0.46844,0.12588,0.80627,0.3386
-0.35013,-0.86884,0.11576,-0.33035
-0.30938,0.70042,0.30939,0.56389
-0.29072,0.46064,0.69248,0.47303
0.7209,0.227,-0.31317,0.57506
0.22639,0.86609,-0.093933,0.43567
-0.49743,-0.78368,0.194,-0.31745
-0.76639,-0.39556,0.4982,-0.089286
0.59677,0.16347,-0.76267,0.18836
-0.3067,0.60456,0.68549,0.26561
0.47336,-0.586,0.070773,-0.65385
-0.32425,0.51581,0.66539,0.43134
-0.60267,0.27058,0.74484,-0.09372
-0.65982,-0.037722,0.74456,0.094073
-0.55377,-0.62202,0.405,-0.37736
-0.80183,0.23807,0.31004,0.45196
0.37961,0.68502,-0.15019,0.60339
0.6403,-0.61327,-0.13609,-0.44204
0.43485,-0.56834,0.08615,-0.69316
-0.44793,0.21314,0.84183,-0.21274
-0.31205,-0.78764,-0.044694,-0.52938
-0.59225,-0.15255,0.553,-0.56583
-0.47059,-0.1073,0.83964,-0.24908
-0.60049,0.36842,0.65867,0.26425
0.82652,-0.37216,-0.40351,-0.12471
0.048865,-0.54419,-0.43561,-0.71534
-0.037776,-0.30772,-0.032812,-0.95016
-0.38588,-0.62953,0.47052,-0.48312
0.31092,0.61003,-0.56609,0.45906
0.13077,-0.7269,0.078146,-0.66963
-0.71787,0.031386,0.51012,-0.4727
-0.53407,0.55531,0.036847,0.63643
0.62904,-0.57361,-0.42606,-0.3062
0.39879,-0.64562,-0.0062705,-0.65123
0.29275,0.20088,-0.82419,0.4412
0.64857,0.17718,-0.73913,0.040511
0.20891,-0.5232,-0.040107,-0.82523
-0.39131,-0.24042,0.76892,-0.44479
-0.17755,0.57469,-0.29553,0.7422
-0.72999,0.0051684,0.52039,0.44304
0.1161,-0.33018,-0.38176,-0.85543
0.61387,-0.19197,-0.75297,0.13908
0.35311,0.80298,-0.035976,0.47879
-0.22185,0.86761,-0.038934,0.44331
-0.88006,-0.26717,0.39251,-0.0074718
-0.084711,0.36531,0.36949,0.85021
0.58186,-0.075441,-0.60074,-0.543
-0.27905,-0.65559,0.11251,-0.69258
-0.25077,-0.39966,-0.26168,-0.84197
-0.28255,-0.71455,0.076251,-0.63543
0.027831,0.65785,-0.44653,0.60586
-0.424,0.055667,0.86748,-0.25416
0.78339,0.34022,-0.20142,0.47956
0.26986,-0.53637,0.14812,-0.78584
-0.064725,0.3778,-0.11533,0.9164
-0.87106,-0.38336,0.27782,-0.13081
0.62606,0.48622,-0.13288,0.59496
-0.056415,-0.87516,-0.20843,-0.43297
-0.55939,-0.23428,0.75576,0.24702
-0.58078,-0.46258,0.064227,-0.66678
0.8387,-0.16582,-0.43344,0.285
0.61757,-0.11347,-0.77815,0.014541
0.40886,0.41467,-0.2257,0.78099
-0.4279,-0.34215,0.68984,-0.47324
0.067245,-0.7387,0.25286,-0.62118
-0.46966,-0.50153,0.22818,-0.68979
0.40452,0.62459,-0.39822,0.53635
-0.56878,-0.31284,0.75543,-0.089132
0.45707,-0.6091,-0.40596,-0.50526
-0.34219,-0.36075,0.069689,-0.86482
-0.61141,-0.12542,0.75589,-0.19766
0.86758,0.24308,-0.42582,-0.083056
0.78889,0.096377,-0.51992,0.31313
0.043882,-0.70441,0.010246,-0.70836
-0.54376,0.40873,0.10823,0.72495
-0.12717,-0.669,0.54314,-0.49119
0.35204,-0.073482,-0.87744,-0.31744
-0.26316,-0.72657,0.054901,-0.63233
0.19812,-0.46538,-0.4652,-0.72647
0.45898,0.59567,-0.42732,0.50191
0.257,-0.74733,0.058745,-0.60992
-0.54552,-0.45369,0.51369,-0.48238
-0.43029,0.18887,0.77957,0.41406
-0.51239,-0.43897,0.29959,-0.67454
-0.50055,-0.71897,0.42913,-0.21995
0.47436,-0.6485,-0.56923,-0.17435
0.14912,0.46518,0.12123,0.8641
-0.7001,0.13647,0.68241,0.15986
0.32649,0.83326,-0.0031667,0.44618
0.58151,-0.252,-0.7732,0.022271
0.54616,0.074202,-0.41932,0.72137
0.5923,0.63389,-0.47934,0.13266
0.77431,-0.19769,-0.4634,-0.38293
0.67292,0.33066,-0.64521,0.14683
0.39854,-0.27946,-0.57773,-0.65521
-0.34337,-0.41993,0.2628,-0.79793
0.39222,0.38531,0.052967,0.8336
0.4459,0.43846,-0.50206,0.59738
0.23064,0.64223,0.24348,0.68925
-0.1668,0.56267,0.28289,0.75866
0.29307,-0.75397,-0.12292,-0.57491
0.33808,0.80283,0.067049,0.48649
0.052263,-0.64805,0.56726,-0.50549
0.44065,0.033163,-0.81182,0.38167
-0.71912,-0.19285,0.58775,-0.31658
0.53734,0.43895,-0.7197,0.024796
-0.37992,-0.5351,0.15403,-0.73865
-0.51039,-0.2867,0.80667,-0.081215
0.54518,-0.40315,-0.64131,-0.35912
0.51675,0.76879,-0.088894,0.3661
-0.18158,-0.36616,0.61987,-0.66986
-0.8411,-0.23698,0.47968,-0.079335
-0.536,-0.56111,0.56505,-0.28032
0.25788,0.39726,-0.12692,0.87154
0.40968,0.24285,-0.45043,0.75519
0.61143,0.026917,-0.79082,-0.0065919
0.048013,-0.5497,-0.37329,-0.74577
-0.39369,0.63426,0.5989,0.2899
0.68522,0.45637,-0.54914,0.14368
-0.48138,-0.68138,0.28938,-0.46932
-0.18909,0.80564,-0.22881,0.51268
0.68363,-0.38515,-0.50149,-0.36445
-0.11882,-0.61404,0.53847,-0.5647
0.60248,0.064672,-0.59206,0.53132
0.33436,0.22041,-0.9008,0.16788
-0.50163,0.20759,0.76262,0.35169
0.15245,0.5752,0.19088,0.78068
0.39127,-0.55219,-0.69956,-0.22937
0.16328,0.59207,0.20142,0.76304
0.63422,0.050407,-0.5589,0.53185
0.64678,0.14602,-0.73807,-0.12491
0.83178,-0.23555,-0.50185,-0.028367
-0.33408,-0.78313,-0.0045055,-0.52448
-0.024464,-0.61386,0.41386,-0.67179
0.26225,-0.73884,-0.23914,-0.57284
-0.45393,-0.3936,0.77282,-0.20436
0.086756,0.39878,0.099022,0.90755
0.025235,0.41384,-0.23169,0.88001
-0.72239,0.22291,0.62785,0.18513
0.49655,0.65344,-0.54204,0.18066
-0.37483,-0.34107,0.42967,-0.74737
-0.47461,-0.59615,0.63558,-0.1241
-0.15263,0.47367,0.45023,0.74137
0.63267,-0.025828,-0.52649,-0.56733
0.51208,0.1846,-0.83846,-0.025944
-0.039102,-0.5043,0.072921,-0.85955
0.58122,0.39471,-0.65464,0.27899
0.31334,-0.42363,-0.74121,-0.41589
-0.054777,-0.80268,0.1797,-0.56606
0.12574,-0.7977,-0.21869,-0.54776
-0.021584,-0.79176,-0.37599,-0.48091
0.80413,0.025376,-0.49352,-0.33041
0.52098,-0.52251,-0.67481,-0.013898
-0.50687,0.76052,0.33394,0.23058
0.083491,0.75059,-0.48931,0.43614
-0.7469,0.37146,0.29964,0.46301
0.7781,0.24094,-0.36623,0.44987
-0.38663,0.29015,0.39462,0.78141
-0.65022,-0.020975,0.7479,-0.132
-0.60678,0.1199,0.66282,0.42204
0.71522,0.031365,-0.67605,0.17446
-0.22893,-0.33491,0.57572,-0.70991
-0.23532,0.36779,0.03619,0.89891
-0.50136,0.44994,0.73617,-0.065206
0.53065,0.40965,-0.72474,0.15924
-0.60928,0.651,0.27941,0.35625
-0.77592,-0.073561,0.43599,-0.44994
-0.69942,0.56251,0.42145,0.12953
0.66024,0.38128,-0.6429,0.073465
-0.50734,0.4036,0.59042,0.48075
-0.025846,-0.67039,0.36745,-0.64411
-0.47555,-0.67769,0.54556,-0.13022
-0.52852,-0.32212,0.73019,-0.28936
0.21607,-0.49858,0.0080849,-0.83944
0.20589,0.31918,0.084491,0.92119
-0.30073,-0.27704,0.62386,-0.66604
-0.0008494,0.77794,-0.36489,0.51152
-0.23661,0.67409,0.34924,0.60634
-0.49721,-0.10486,0.71874,-0.47455
0.41689,-0.36634,-0.80972,-0.19066
0.81571,0.056957,-0.56628,0.10339
0.68888,-0.45563,-0.5129,-0.23406
-0.018298,0.70263,0.4275,0.56852
0.14953,-0.59095,-0.43486,-0.66281
0.71676,0.42826,-0.54394,0.083552
-0.2425,0.50938,0.15925,0.81017
-0.1953,-0.44839,0.25831,-0.83312
-0.030241,-0.69591,0.57158,-0.43369
-0.63219,0.54691,0.19788,0.51193
0.82406,0.36711,-0.22417,0.36864
-0.6027,-0.21506,0.68912,0.34002
0.41327,0.68311,-0.53748,0.27146
0.25398,0.74201,-0.52151,0.33606
-0.22992,-0.70141,0.56348,-0.37101
-0.11773,-0.32621,-0.20371,-0.91555
0.5114,0.38498,-0.21272,0.73825
0.7347,0.34662,-0.36863,0.45186
0.61977,-0.39363,-0.58765,-0.34002
0.54749,-0.72297,-0.18577,-0.37824
-0.47789,0.53833,0.67635,0.1561
-0.37944,-0.57665,0.111,-0.71497
0.52405,-0.22659,-0.77436,0.27275
0.2921,0.63338,-0.6511,0.29929
-0.62029,-0.60491,0.41566,-0.27667
0.35383,-0.4119,-0.76048,-0.35611
0.40836,-0.62798,-0.36247,-0.55452
-0.31249,0.28948,0.47348,0.77096
0.12363,0.7267,0.26157,0.62306
0.53209,-0.17291,-0.82874,-0.013287
-0.11002,-0.6991,0.16356,-0.68732
0.82703,-0.24365,-0.38184,-0.33295
0.30798,-0.30248,-0.66898,-0.60508
-0.0054623,0.50495,-0.32292,0.80045
0.3922,-0.074541,-0.79379,-0.45882
0.052707,-0.60452,-0.052033,-0.79314
0.59849,-0.049245,-0.50698,-0.61836
-0.2064,0.50661,0.19776,0.81341
0.6639,0.060579,-0.74446,-0.036666
-0.33065,0.2036,0.80658,0.44569
0.84576,0.39209,-0.23969,0.27111
-0.57959,-0.51436,0.62734,-0.077176
-0.29116,-0.60767,0.24204,-0.69813
0.82891,0.10135,-0.50237,-0.22419
-0.80187,-0.062943,0.55402,0.21473
-0.12242,-0.56727,-0.023345,-0.81405
0.64102,0.2571,-0.72229,-0.036053
-0.52941,0.63074,0.53161,0.19821
-0.43593,-0.52517,0.72815,-0.062873
-0.43652,0.28094,0.62499,0.58302
-0.63539,0.6427,0.16777,0.39378
0.25082,-0.43368,0.18418,-0.84563
0.75282,0.31615,-0.57438,0.058298
0.46846,-0.11733,-0.82957,0.28034
-0.54269,-0.35241,0.76216,0.020101
0.50984,-0.55065,-0.58037,-0.31625
-0.69262,-0.38438,0.59714,-0.12629
0.38781,-0.18542,-0.86103,-0.27176
-0.47402,0.39643,0.78313,0.069703
-0.16737,0.803,0.14768,0.5526
-0.72862,-0.32341,0.40817,-0.44487
0.24338,-0.34759,0.033912,-0.90487
0.15593,0.30358,0.023492,0.93967
-0.71365,-0.0058661,0.60203,0.35809
-0.19161,-0.392,0.72556,-0.53215
-0.67486,-0.3188,0.6101,-0.26589
-0.3955,0.56182,0.19651,0.69952
0.70709,-0.25577,-0.65925,0.0013941
-0.37011,0.43164,0.78559,0.24403
0.76819,0.2031,-0.48499,-0.36527
0.84359,-0.34455,-0.3977,-0.10711
-0.02576,-0.61738,0.072818,-0.78286
-0.67973,0.48029,0.55139,0.057107
0.71341,0.17235,-0.56842,-0.37181
-0.46283,-0.049073,0.80003,0.37859
0.76112,-0.31636,-0.49649,-0.27225
0.30548,0.2947,-0.6514,0.6289
0.41372,-0.055878,-0.78227,-0.46236
0.34919,0.39429,-0.19058,0.82842
0.53866,-0.11989,-0.82808,-0.098781
-0.85104,0.088671,0.5112,0.080884
0.28351,-0.13976,-0.86149,-0.3974
0.82208,-0.038348,-0.43862,-0.361
0.66907,-0.074219,-0.68397,0.28111
-0.25205,0.79565,0.1451,0.53138
-0.084689,-0.39105,0.079143,-0.91304
0.18659,0.64213,-0.20369,0.71509
-0.65189,-0.42031,0.06174,-0.62815
-0.10776,0.61783,0.18337,0.757
-0.24098,-0.56255,-0.044695,-0.7896
0.49625,-0.061175,-0.61301,-0.61173
-0.37844,-0.21937,0.8754,-0.20574
0.71858,0.44152,-0.52927,0.092625
-0.51602,-0.44703,0.72467,0.093498
0.68015,0.49234,-0.13096,0.52711
-0.56554,0.30088,0.56612,0.51879
0.87819,-0.094835,-0.41996,0.20836
0.40619,0.67533,-0.56537,0.2435
0.0086786,0.70318,0.27847,0.65415
-0.80574,0.41326,0.16359,0.39144
-0.31528,-0.17887,0.84631,-0.39034
0.33955,-0.34336,-0.74404,-0.46176
-0.43523,-0.1877,0.85501,-0.2105
-0.62214,-0.4719,0.56498,-0.26653
0.56203,0.06071,-0.82474,-0.015502
-0.17403,0.86893,-0.03842,0.46173
-0.81906,-0.16845,0.50883,-0.20459
-0.57392,-0.22953,0.77615,-0.12458
0.50229,-0.41998,-0.71894,-0.23333
-0.85226,0.27344,0.42768,0.12634
0.16377,-0.6348,0.0643,-0.75238
-0.52127,0.48201,0.14335,0.68948
-0.18386,0.69925,-0.19546,0.6626
0.73516,0.54227,-0.27324,0.30136
-0.39449,0.59671,0.69298,0.089999
0.026811,0.50835,-0.0050447,0.86072
-0.0049484,0.64191,0.025376,0.76634
0.68805,-0.36565,-0.6143,0.12459
-0.0034228,-0.394,0.079918,-0.91562
-0.61288,-0.45515,0.44821,-0.4651
0.60419,0.47963,-0.40625,0.48977
0.35079,0.47992,0.033883,0.80341
-0.17759,0.68224,0.28626,0.6489
0.3536,0.60923,-0.62623,0.33414
-0.022607,0.90431,0.16133,0.39457
-0.47983,-0.12939,0.85144,0.16758
0.80533,0.051872,-0.52819,0.26413
-0.75341,-0.44938,0.37642,-0.29791
0.53915,0.59,-0.083548,0.59518
0.36473,0.51866,-0.72637,0.26523
-0.74653,-0.45206,0.41083,-0.26371
-0.54765,-0.30067,0.45546,-0.63422
-0.31787,-0.48789,0.71478,-0.38731
0.83178,-0.42896,-0.27106,-0.22506
0.28914,-0.6156,-0.50367,-0.53269
-0.43328,0.52928,0.39471,0.61347
0.70477,-0.17214,-0.60106,0.33524
0.54796,-0.33014,-0.68263,-0.35322
-0.21301,0.81331,-0.22279,0.49347
0.66903,-0.37877,-0.51233,-0.38268
-0.17053,-0.87799,0.20222,-0.39894
0.82536,-0.2655,-0.27299,-0.41686
0.36376,-0.25631,-0.43621,-0.78212
0.72309,-0.11061,-0.67169,-0.11725
0.0026879,0.43561,-0.33194,0.83669
-0.48778,0.60351,-0.049584,0.6288
-0.73385,0.22955,0.60556,0.20511
0.47778,0.28247,-0.82169,-0.12946
-0.24961,-0.43206,0.68089,-0.5361
-0.60799,-0.45319,0.33676,-0.55818
0.15774,0.82499,0.18562,0.50996
-0.41737,0.70352,0.55322,0.15752
-0.71966,-0.3016,0.58712,-0.21545
-0.023795,0.87079,0.23267,0.43246
-0.43892,0.56212,0.69483,0.092646
0.57043,-0.11315,-0.79534,0.17101
-0.15653,0.72085,-0.24882,0.62767
-0.031464,-0.47657,-0.28449,-0.83123
-0.51566,0.073929,0.7907,0.3216
0.02508,0.77684,0.30723,0.54909
0.75007,0.13886,-0.41137,0.49888
-0.15834,0.34035,0.15282,0.91419
0.42646,-0.40792,-0.58248,-0.55898
-0.083507,0.33815,-0.043104,0.93639
0.015192,0.81769,-0.3248,0.47503
0.62786,-0.22785,-0.7209,0.18486
0.59856,0.33972,-0.64608,0.32999
-0.21601,-0.32291,0.65591,-0.64719
-0.47656,0.35681,0.67644,0.43359
-0.40758,-0.56681,0.65249,-0.29474
0.11745,0.60664,-0.28654,0.73218
0.39613,-0.15102,-0.67984,-0.59841
-0.44782,0.64912,0.42824,0.44126
0.46686,-0.51386,-0.51539,-0.50235
0.32115,0.1988,-0.74877,0.54468
0.30869,-0.54072,-0.34589,-0.70192
-0.50914,0.34543,0.28326,0.73568
0.80532,-0.018351,-0.50793,0.30516
0.3455,0.6809,-0.40957,0.49926
-0.21982,-0.72406,-0.0069675,-0.65373
0.55037,-0.046544,-0.75218,0.35939
-0.083083,0.73089,-0.0013582,0.67742
0.28604,-0.67723,0.14977,-0.66114
-0.53142,-0.26915,0.61872,-0.51219
-0.335,-0.64729,0.24232,-0.64036
0.030837,0.59143,0.15303,0.7911
0.46875,0.55895,-0.30486,0.6123
0.43177,0.4142,-0.29271,0.74588
0.28444,0.48916,-0.14163,0.81226
0.45243,-0.48263,-0.64508,-0.38242
0.23927,0.5996,-0.37825,0.66344
-0.6995,-0.20812,0.42874,-0.53251
-0.39585,0.38338,0.018868,0.83425
-0.32408,-0.24703,0.87611,-0.25766
0.74743,0.010297,-0.4864,-0.45239
0.57624,0.17079,-0.56566,0.56464
0.72184,-0.50443,-0.47328,-0.022394
0.58424,0.34259,-0.73523,-0.027225
-0.30371,0.39098,-0.098026,0.8633
-0.1042,0.63019,0.6219,0.45304
-0.44018,0.64314,0.059176,0.62379
0.27244,-0.74829,-0.35779,-0.48767
0.26079,-0.41019,-0.26066,-0.83414
-0.44517,-0.56574,0.6784,-0.14675
0.66861,-0.57534,-0.38848,-0.26651
0.6165,-0.62477,-0.37089,-0.30338
-0.74035,0.3815,0.54181,0.11307
0.511,-0.39077,-0.76017,-0.091272
-0.15259,0.57529,0.24003,0.7669
-0.04826,-0.87675,-0.089434,-0.4701
0.37471,0.36534,-0.55681,0.64504
-0.20049,-0.71146,-0.094545,-0.66685
0.58519,-0.031838,-0.79955,0.13139
0.87874,-0.20478,-0.42641,0.063741
0.35622,-0.78224,0.072887,-0.50587
0.17681,-0.65137,-0.51103,-0.53225
-0.38577,-0.082051,0.89633,-0.20257
0.59967,0.27334,-0.45335,0.60012
0.40128,-0.26984,-0.8035,-0.34719
-0.24766,-0.69054,0.009508,-0.67951
