-0.4746,0.4746,-0.5241,0.5241
0.5288,-0.5288,0.4695,-0.4695
-0.2566,0.2566,0.6589,-0.6589
0.7062,-0.7062,0.0354,-0.0354
0.3985,-0.3985,-0.5842,0.5842
0.6405,-0.6405,0.2997,-0.2997
0.5577,-0.5577,0.4347,-0.4347
0.656,-0.656,0.2639,-0.2639
0.5958,-0.5958,-0.3808,0.3808
0.6954,-0.6954,-0.128,0.128
0.5402,-0.5402,-0.4563,0.4563
0.5382,-0.5382,-0.4586,0.4586
-0.4604,0.4604,-0.5367,0.5367
0.7012,-0.7012,-0.0914,0.0914
0.7039,-0.7039,0.0677,-0.0677
0.5952,-0.5952,-0.3818,0.3818
-0.4948,0.4948,0.5052,-0.5052
-0.3046,0.3046,0.6381,-0.6381
-0.238,0.238,-0.6659,0.6659
0.3032,-0.3032,0.6388,-0.6388
-0.0518,0.0518,0.7052,-0.7052
0.6364,-0.6364,0.3082,-0.3082
0.6999,-0.6999,-0.1009,0.1009
0.582,-0.582,-0.4017,0.4017
0.53,-0.53,0.468,-0.468
0.6532,-0.6532,-0.2708,0.2708
0.1145,-0.1145,0.6978,-0.6978
0.6926,-0.6926,0.1426,-0.1426
0.1217,-0.1217,-0.6966,0.6966
-0.483,0.483,0.5164,-0.5164
-0.1238,0.1238,-0.6962,0.6962
0.2664,-0.2664,0.655,-0.655
0.5423,-0.5423,0.4538,-0.4538
0.69,-0.69,0.1546,-0.1546
-0.3264,0.3264,0.6273,-0.6273
0.462,-0.462,0.5353,-0.5353
0.6952,-0.6952,0.1293,-0.1293
-0.3401,0.3401,0.6199,-0.6199
0.673,-0.673,0.2171,-0.2171
0.5301,-0.5301,-0.468,0.468
0.2732,-0.2732,0.6522,-0.6522
0.4954,-0.4954,0.5046,-0.5046
-0.1724,0.1724,-0.6858,0.6858
0.4534,-0.4534,0.5426,-0.5426
-0.032,0.032,0.7064,-0.7064
0.7049,-0.7049,0.0557,-0.0557
0.6417,-0.6417,0.2971,-0.2971
0.4698,-0.4698,0.5285,-0.5285
0.2499,-0.2499,-0.6615,0.6615
-0.1992,0.1992,0.6785,-0.6785
0.382,-0.382,0.595,-0.595
0.5355,-0.5355,-0.4618,0.4618
0.1975,-0.1975,-0.679,0.679
0.7067,-0.7067,0.0249,-0.0249
0.7064,-0.7064,-0.0312,0.0312
-0.4515,0.4515,-0.5442,0.5442
0.1757,-0.1757,0.6849,-0.6849
-0.4662,0.4662,-0.5317,0.5317
0.6124,-0.6124,0.3535,-0.3535
-0.0639,0.0639,0.7042,-0.7042
0.5775,-0.5775,0.4081,-0.4081
-0.1309,0.1309,-0.6949,0.6949
0.5516,-0.5516,0.4425,-0.4425
0.5892,-0.5892,0.3909,-0.3909
0.5189,-0.5189,-0.4803,0.4803
0.5004,-0.5004,-0.4996,0.4996
0.7069,-0.7069,0.0153,-0.0153
-0.3486,0.3486,0.6152,-0.6152
0.5329,-0.5329,-0.4648,0.4648
-0.0776,0.0776,0.7028,-0.7028
0.707,-0.707,-0.0093,0.0093
0.3103,-0.3103,-0.6354,0.6354
0.5153,-0.5153,-0.4842,0.4842
0.4952,-0.4952,0.5048,-0.5048
-0.3257,0.3257,0.6276,-0.6276
0.6941,-0.6941,0.135,-0.135
0.6093,-0.6093,-0.3588,0.3588
0.0189,-0.0189,0.7069,-0.7069
0.6759,-0.6759,-0.2077,0.2077
-0.152,0.152,-0.6906,0.6906
-0.0498,0.0498,0.7053,-0.7053
-0.207,0.207,0.6761,-0.6761
0.4871,-0.4871,0.5126,-0.5126
0.5923,-0.5923,-0.3862,0.3862
0.5206,-0.5206,-0.4785,0.4785
-0.3981,0.3981,-0.5844,0.5844
-0.0669,0.0669,0.7039,-0.7039
-0.2085,0.2085,-0.6757,0.6757
-0.1315,0.1315,0.6948,-0.6948
0.0985,-0.0985,-0.7002,0.7002
0.4547,-0.4547,0.5415,-0.5415
0.5191,-0.5191,-0.4801,0.4801
0.526,-0.526,0.4725,-0.4725
0.3686,-0.3686,-0.6034,0.6034
0.1024,-0.1024,0.6996,-0.6996
0.3511,-0.3511,0.6138,-0.6138
0.7038,-0.7038,-0.0685,0.0685
-0.1251,0.1251,0.6959,-0.6959
-0.1783,0.1783,0.6843,-0.6843
0.6621,-0.6621,-0.2483,0.2483
-0.484,0.484,-0.5155,0.5155
0.5329,-0.5329,-0.4647,0.4647
0.6697,-0.6697,-0.227,0.227
0.5447,-0.5447,-0.4509,0.4509
0.0766,-0.0766,-0.7029,0.7029
0.6381,-0.6381,0.3048,-0.3048
0.6256,-0.6256,0.3296,-0.3296
-0.2381,0.2381,0.6658,-0.6658
0.6669,-0.6669,-0.235,0.235
-0.3082,0.3082,0.6364,-0.6364
0.7035,-0.7035,-0.071,0.071
0.5623,-0.5623,0.4288,-0.4288
0.519,-0.519,-0.4802,0.4802
0.6928,-0.6928,0.1413,-0.1413
0.7045,-0.7045,-0.0607,0.0607
-0.4677,0.4677,0.5304,-0.5304
-0.3903,0.3903,-0.5896,0.5896
-0.4503,0.4503,0.5452,-0.5452
0.5663,-0.5663,-0.4234,0.4234
0.3947,-0.3947,0.5867,-0.5867
-0.4548,0.4548,0.5414,-0.5414
0.5917,-0.5917,-0.3871,0.3871
-0.292,0.292,-0.644,0.644
0.4966,-0.4966,-0.5034,0.5034
0.5046,-0.5046,-0.4953,0.4953
0.4979,-0.4979,0.5021,-0.5021
0.2428,-0.2428,0.6641,-0.6641
-0.4814,0.4814,-0.5179,0.5179
0.5444,-0.5444,-0.4513,0.4513
0.4922,-0.4922,0.5077,-0.5077
0.4993,-0.4993,-0.5007,0.5007
0.5162,-0.5162,0.4832,-0.4832
0.7013,-0.7013,0.0906,-0.0906
-0.0306,0.0306,0.7064,-0.7064
0.5333,-0.5333,-0.4643,0.4643
0.4677,-0.4677,-0.5303,0.5303
0.4995,-0.4995,0.5005,-0.5005
0.1874,-0.1874,-0.6818,0.6818
-0.1269,0.1269,-0.6956,0.6956
-0.283,0.283,0.648,-0.648
0.476,-0.476,-0.5229,0.5229
0.529,-0.529,-0.4692,0.4692
-0.4652,0.4652,-0.5325,0.5325
0.3319,-0.3319,-0.6244,0.6244
-0.3187,0.3187,0.6312,-0.6312
0.3031,-0.3031,-0.6389,0.6389
-0.4485,0.4485,0.5467,-0.5467
0.4238,-0.4238,-0.5661,0.5661
0.4963,-0.4963,-0.5036,0.5036
0.5427,-0.5427,0.4533,-0.4533
0.6042,-0.6042,0.3673,-0.3673
0.7071,-0.7071,-0.0017,0.0017
0.4718,-0.4718,0.5267,-0.5267
0.586,-0.586,0.3958,-0.3958
-0.2898,0.2898,0.645,-0.645
0.7035,-0.7035,0.0713,-0.0713
0.7007,-0.7007,0.0951,-0.0951
0.45,-0.45,0.5454,-0.5454
0.5405,-0.5405,-0.4559,0.4559
0.0971,-0.0971,0.7004,-0.7004
-0.1327,0.1327,-0.6945,0.6945
-0.3879,0.3879,0.5912,-0.5912
-0.011,0.011,0.707,-0.707
-0.3189,0.3189,0.6311,-0.6311
-0.4463,0.4463,0.5484,-0.5484
-0.0048,0.0048,0.7071,-0.7071
-0.2803,0.2803,-0.6492,0.6492
0.5316,-0.5316,-0.4663,0.4663
0.592,-0.592,0.3867,-0.3867
-0.2958,0.2958,0.6423,-0.6423
0.458,-0.458,0.5387,-0.5387
-0.4864,0.4864,0.5132,-0.5132
0.5153,-0.5153,0.4842,-0.4842
0.3678,-0.3678,0.6039,-0.6039
0.437,-0.437,0.5559,-0.5559
-0.0512,0.0512,-0.7052,0.7052
0.4706,-0.4706,0.5278,-0.5278
0.3549,-0.3549,-0.6116,0.6116
0.7063,-0.7063,-0.0343,0.0343
0.5334,-0.5334,-0.4642,0.4642
-0.2113,0.2113,0.6748,-0.6748
0.6151,-0.6151,0.3489,-0.3489
0.6265,-0.6265,0.3279,-0.3279
0.6851,-0.6851,0.1751,-0.1751
-0.0129,0.0129,-0.707,0.707
0.1954,-0.1954,-0.6796,0.6796
0.0482,-0.0482,-0.7055,0.7055
0.6532,-0.6532,-0.2709,0.2709
0.5597,-0.5597,-0.4321,0.4321
0.3881,-0.3881,0.5911,-0.5911
0.3457,-0.3457,0.6168,-0.6168
0.5093,-0.5093,0.4905,-0.4905
0.5079,-0.5079,0.492,-0.492
0.2272,-0.2272,0.6696,-0.6696
0.551,-0.551,0.4432,-0.4432
0.6719,-0.6719,-0.2202,0.2202
0.5503,-0.5503,-0.4441,0.4441
0.1001,-0.1001,-0.7,0.7
-0.0849,0.0849,0.702,-0.702
0.6791,-0.6791,-0.1972,0.1972
0.6827,-0.6827,0.1841,-0.1841
0.5837,-0.5837,0.3992,-0.3992
0.6513,-0.6513,-0.2754,0.2754
0.6254,-0.6254,0.33,-0.33
-0.2906,0.2906,-0.6446,0.6446
-0.3462,0.3462,-0.6165,0.6165
0.612,-0.612,0.3542,-0.3542
-0.2154,0.2154,0.6735,-0.6735
0.3083,-0.3083,-0.6364,0.6364
0.6972,-0.6972,-0.118,0.118
0.4501,-0.4501,-0.5453,0.5453
-0.466,0.466,0.5318,-0.5318
-0.3542,0.3542,-0.612,0.612
0.0524,-0.0524,-0.7052,0.7052
0.6839,-0.6839,0.1797,-0.1797
-0.4842,0.4842,0.5153,-0.5153
0.5327,-0.5327,-0.465,0.465
0.2482,-0.2482,0.6621,-0.6621
0.7066,-0.7066,-0.0268,0.0268
0.4996,-0.4996,0.5004,-0.5004
0.533,-0.533,0.4647,-0.4647
0.5138,-0.5138,-0.4858,0.4858
-0.4917,0.4917,-0.5082,0.5082
0.5697,-0.5697,0.4189,-0.4189
0.707,-0.707,0.0122,-0.0122
-0.4209,0.4209,0.5682,-0.5682
0.1403,-0.1403,0.6931,-0.6931
0.41,-0.41,0.5761,-0.5761
0.0474,-0.0474,-0.7055,0.7055
0.7061,-0.7061,0.0372,-0.0372
-0.382,0.382,0.5951,-0.5951
0.5595,-0.5595,-0.4324,0.4324
0.648,-0.648,0.283,-0.283
-0.4972,0.4972,0.5028,-0.5028
0.2695,-0.2695,0.6537,-0.6537
0.6634,-0.6634,-0.2448,0.2448
-0.2814,0.2814,-0.6487,0.6487
0.6752,-0.6752,-0.2101,0.2101
0.6838,-0.6838,-0.1802,0.1802
0.664,-0.664,0.243,-0.243
0.519,-0.519,-0.4803,0.4803
0.7037,-0.7037,-0.0693,0.0693
0.5789,-0.5789,0.406,-0.406
0.4965,-0.4965,0.5035,-0.5035
0.6877,-0.6877,-0.1643,0.1643
0.2135,-0.2135,-0.6741,0.6741
0.1942,-0.1942,0.6799,-0.6799
0.0955,-0.0955,0.7006,-0.7006
-0.134,0.134,0.6943,-0.6943
0.5056,-0.5056,0.4944,-0.4944
0.5346,-0.5346,0.4628,-0.4628
0.5108,-0.5108,-0.4889,0.4889
0.7011,-0.7011,0.0918,-0.0918
0.6581,-0.6581,0.2588,-0.2588
0.4968,-0.4968,-0.5032,0.5032
0.4444,-0.4444,0.55,-0.55
-0.0365,0.0365,-0.7062,0.7062
0.3327,-0.3327,0.624,-0.624
0.6487,-0.6487,0.2813,-0.2813
0.6009,-0.6009,-0.3727,0.3727
0.6428,-0.6428,0.2947,-0.2947
0.6988,-0.6988,-0.1083,0.1083
-0.23,0.23,0.6686,-0.6686
-0.4971,0.4971,0.5029,-0.5029
-0.3947,0.3947,0.5867,-0.5867
0.517,-0.517,-0.4824,0.4824
0.7049,-0.7049,0.0554,-0.0554
0.5949,-0.5949,-0.3822,0.3822
0.6055,-0.6055,0.3653,-0.3653
0.5096,-0.5096,-0.4902,0.4902
0.5057,-0.5057,-0.4942,0.4942
0.6926,-0.6926,0.1427,-0.1427
0.5885,-0.5885,0.392,-0.392
0.6053,-0.6053,0.3655,-0.3655
0.4226,-0.4226,0.5669,-0.5669
0.6348,-0.6348,-0.3115,0.3115
0.3912,-0.3912,0.5891,-0.5891
0.7051,-0.7051,-0.0538,0.0538
0.5335,-0.5335,0.4641,-0.4641
0.6261,-0.6261,-0.3287,0.3287
0.0369,-0.0369,0.7061,-0.7061
0.0561,-0.0561,-0.7049,0.7049
0.5156,-0.5156,-0.4839,0.4839
0.6428,-0.6428,-0.2946,0.2946
-0.3472,0.3472,-0.616,0.616
-0.4903,0.4903,-0.5095,0.5095
0.3215,-0.3215,0.6298,-0.6298
-0.4486,0.4486,0.5466,-0.5466
0.2041,-0.2041,0.677,-0.677
-0.4585,0.4585,0.5383,-0.5383
-0.2339,0.2339,0.6673,-0.6673
0.6987,-0.6987,-0.1088,0.1088
0.5075,-0.5075,0.4924,-0.4924
0.5007,-0.5007,-0.4993,0.4993
-0.165,0.165,0.6876,-0.6876
0.6874,-0.6874,-0.1657,0.1657
0.5272,-0.5272,-0.4713,0.4713
0.6257,-0.6257,0.3293,-0.3293
0.3787,-0.3787,-0.5971,0.5971
0.4861,-0.4861,0.5135,-0.5135
0.6625,-0.6625,0.2471,-0.2471
-0.451,0.451,-0.5446,0.5446
0.4335,-0.4335,0.5587,-0.5587
0.6727,-0.6727,0.2177,-0.2177
-0.2204,0.2204,-0.6719,0.6719
0.2989,-0.2989,-0.6408,0.6408
-0.0342,0.0342,0.7063,-0.7063
0.4694,-0.4694,0.5289,-0.5289
0.4957,-0.4957,-0.5042,0.5042
0.1481,-0.1481,0.6914,-0.6914
0.6923,-0.6923,-0.1437,0.1437
0.6105,-0.6105,0.3567,-0.3567
0.5658,-0.5658,0.4241,-0.4241
0.5189,-0.5189,0.4803,-0.4803
0.6389,-0.6389,0.3029,-0.3029
-0.4722,0.4722,0.5263,-0.5263
-0.4988,0.4988,0.5012,-0.5012
0.6341,-0.6341,0.3129,-0.3129
0.4764,-0.4764,0.5225,-0.5225
0.6619,-0.6619,-0.2487,0.2487
0.6472,-0.6472,-0.2848,0.2848
0.3577,-0.3577,-0.61,0.61
0.5596,-0.5596,0.4322,-0.4322
0.6989,-0.6989,-0.1075,0.1075
0.5125,-0.5125,-0.4872,0.4872
0.3185,-0.3185,0.6313,-0.6313
-0.3861,0.3861,-0.5924,0.5924
-0.1976,0.1976,-0.6789,0.6789
0.5951,-0.5951,-0.3818,0.3818
0.6896,-0.6896,-0.1562,0.1562
0.7007,-0.7007,-0.0949,0.0949
0.5656,-0.5656,-0.4243,0.4243
0.6734,-0.6734,0.2158,-0.2158
-0.3957,0.3957,-0.586,0.586
0.4873,-0.4873,0.5124,-0.5124
0.0496,-0.0496,-0.7054,0.7054
0.0744,-0.0744,0.7032,-0.7032
0.5542,-0.5542,-0.4391,0.4391
0.696,-0.696,-0.1246,0.1246
-0.4787,0.4787,0.5205,-0.5205
0.5779,-0.5779,-0.4075,0.4075
0.6918,-0.6918,0.1465,-0.1465
-0.4823,0.4823,0.5171,-0.5171
-0.4158,0.4158,-0.5719,0.5719
0.6332,-0.6332,0.3147,-0.3147
0.6174,-0.6174,-0.3447,0.3447
0.6328,-0.6328,-0.3156,0.3156
-0.2653,0.2653,0.6555,-0.6555
0.1171,-0.1171,0.6974,-0.6974
0.6895,-0.6895,0.1567,-0.1567
0.677,-0.677,-0.2042,0.2042
-0.4706,0.4706,0.5277,-0.5277
0.7019,-0.7019,0.0859,-0.0859
0.5607,-0.5607,-0.4308,0.4308
-0.1538,0.1538,0.6902,-0.6902
0.0053,-0.0053,-0.7071,0.7071
-0.2754,0.2754,-0.6513,0.6513
0.5267,-0.5267,-0.4718,0.4718
0.4493,-0.4493,0.546,-0.546
0.5872,-0.5872,0.394,-0.394
0.5464,-0.5464,-0.4489,0.4489
0.6988,-0.6988,-0.1079,0.1079
0.4835,-0.4835,0.516,-0.516
0.0071,-0.0071,0.7071,-0.7071
0.7071,-0.7071,0.0032,-0.0032
0.5238,-0.5238,-0.475,0.475
-0.3334,0.3334,0.6236,-0.6236
0.7066,-0.7066,0.0277,-0.0277
0.1707,-0.1707,0.6862,-0.6862
0.2266,-0.2266,-0.6698,0.6698
0.7023,-0.7023,0.0821,-0.0821
-0.4988,0.4988,0.5012,-0.5012
0.5374,-0.5374,0.4595,-0.4595
0.0903,-0.0903,-0.7013,0.7013
0.5249,-0.5249,0.4738,-0.4738
0.5431,-0.5431,-0.4528,0.4528
0.3348,-0.3348,0.6228,-0.6228
0.6313,-0.6313,0.3185,-0.3185
0.4834,-0.4834,0.516,-0.516
0.6119,-0.6119,0.3543,-0.3543
0.3943,-0.3943,0.587,-0.587
0.5368,-0.5368,0.4603,-0.4603
-0.3719,0.3719,0.6014,-0.6014
0.5363,-0.5363,0.4609,-0.4609
0.5125,-0.5125,-0.4872,0.4872
0.57,-0.57,-0.4185,0.4185
0.2833,-0.2833,0.6479,-0.6479
0.0771,-0.0771,-0.7029,0.7029
0.5584,-0.5584,0.4338,-0.4338
0.5404,-0.5404,0.4561,-0.4561
0.6349,-0.6349,0.3112,-0.3112
-0.191,0.191,0.6808,-0.6808
0.6344,-0.6344,0.3123,-0.3123
0.5275,-0.5275,-0.4709,0.4709
-0.2617,0.2617,-0.6569,0.6569
0.6471,-0.6471,0.285,-0.285
0.6211,-0.6211,0.338,-0.338
0.4432,-0.4432,0.551,-0.551
0.7066,-0.7066,-0.0265,0.0265
0.5753,-0.5753,-0.4111,0.4111
0.6967,-0.6967,-0.1209,0.1209
-0.3219,0.3219,-0.6296,0.6296
0.5513,-0.5513,-0.4428,0.4428
0.5448,-0.5448,0.4508,-0.4508
-0.343,0.343,-0.6183,0.6183
0.4985,-0.4985,-0.5015,0.5015
0.6289,-0.6289,0.3233,-0.3233
0.6675,-0.6675,-0.2334,0.2334
0.5639,-0.5639,0.4267,-0.4267
0.525,-0.525,-0.4736,0.4736
0.54,-0.54,0.4565,-0.4565
-0.3211,0.3211,-0.63,0.63
-0.2992,0.2992,-0.6407,0.6407
-0.0402,0.0402,0.706,-0.706
-0.4173,0.4173,0.5709,-0.5709
0.6139,-0.6139,0.3509,-0.3509
0.5238,-0.5238,-0.475,0.475
-0.1573,0.1573,0.6894,-0.6894
0.5121,-0.5121,-0.4876,0.4876
0.6282,-0.6282,-0.3246,0.3246
-0.1255,0.1255,-0.6959,0.6959
0.6029,-0.6029,-0.3694,0.3694
0.4735,-0.4735,-0.5252,0.5252
0.5107,-0.5107,0.489,-0.489
-0.4232,0.4232,0.5665,-0.5665
0.6353,-0.6353,0.3105,-0.3105
0.6957,-0.6957,0.1265,-0.1265
0.5796,-0.5796,-0.405,0.405
-0.4549,0.4549,0.5413,-0.5413
0.6712,-0.6712,-0.2225,0.2225
0.6207,-0.6207,-0.3388,0.3388
0.2437,-0.2437,0.6638,-0.6638
0.6609,-0.6609,0.2514,-0.2514
0.3931,-0.3931,-0.5878,0.5878
0.6654,-0.6654,-0.2394,0.2394
0.612,-0.612,0.3542,-0.3542
0.2221,-0.2221,0.6713,-0.6713
0.706,-0.706,0.04,-0.04
0.1727,-0.1727,-0.6857,0.6857
0.6906,-0.6906,0.1521,-0.1521
-0.116,0.116,0.6975,-0.6975
0.1463,-0.1463,0.6918,-0.6918
0.7071,-0.7071,-0.0068,0.0068
-0.0981,0.0981,-0.7003,0.7003
0.1562,-0.1562,0.6896,-0.6896
0.5131,-0.5131,0.4866,-0.4866
0.6168,-0.6168,0.3457,-0.3457
0.5764,-0.5764,-0.4096,0.4096
0.5012,-0.5012,0.4988,-0.4988
-0.0127,0.0127,-0.707,0.707
0.5185,-0.5185,-0.4808,0.4808
-0.4919,0.4919,-0.5079,0.5079
0.4937,-0.4937,0.5063,-0.5063
0.6909,-0.6909,-0.1505,0.1505
0.3399,-0.3399,-0.62,0.62
0.6111,-0.6111,-0.3557,0.3557
0.342,-0.342,-0.6189,0.6189
0.6303,-0.6303,-0.3205,0.3205
0.6658,-0.6658,0.238,-0.238
-0.4923,0.4923,0.5076,-0.5076
0.4619,-0.4619,0.5354,-0.5354
0.5124,-0.5124,-0.4873,0.4873
0.4578,-0.4578,0.5389,-0.5389
0.354,-0.354,-0.6121,0.6121
0.117,-0.117,0.6974,-0.6974
0.5928,-0.5928,-0.3854,0.3854
0.3699,-0.3699,-0.6027,0.6027
0.0854,-0.0854,0.7019,-0.7019
-0.4185,0.4185,0.57,-0.57
0.5611,-0.5611,0.4302,-0.4302
-0.3342,0.3342,0.6231,-0.6231
0.1681,-0.1681,-0.6868,0.6868
-0.1444,0.1444,-0.6922,0.6922
-0.4706,0.4706,0.5278,-0.5278
0.6548,-0.6548,0.2669,-0.2669
0.7039,-0.7039,-0.0668,0.0668
0.496,-0.496,-0.504,0.504
0.5893,-0.5893,0.3909,-0.3909
-0.1335,0.1335,0.6944,-0.6944
0.6377,-0.6377,-0.3056,0.3056
0.0367,-0.0367,0.7062,-0.7062
-0.0376,0.0376,-0.7061,0.7061
0.6041,-0.6041,-0.3676,0.3676
0.5193,-0.5193,0.4799,-0.4799
0.7006,-0.7006,0.0958,-0.0958
0.4953,-0.4953,0.5047,-0.5047
0.4826,-0.4826,0.5168,-0.5168
0.5265,-0.5265,0.472,-0.472
0.4779,-0.4779,0.5211,-0.5211
0.5608,-0.5608,-0.4307,0.4307
0.5248,-0.5248,0.4739,-0.4739
0.5981,-0.5981,0.3772,-0.3772
0.543,-0.543,0.4529,-0.4529
0.6777,-0.6777,0.2019,-0.2019
0.621,-0.621,-0.3382,0.3382
0.5443,-0.5443,-0.4514,0.4514
0.1493,-0.1493,0.6912,-0.6912
0.2517,-0.2517,-0.6608,0.6608
-0.1449,0.1449,0.6921,-0.6921
0.6563,-0.6563,-0.2632,0.2632
-0.0234,0.0234,0.7067,-0.7067
0.7033,-0.7033,0.073,-0.073
0.6302,-0.6302,-0.3208,0.3208
0.5183,-0.5183,0.481,-0.481
0.3842,-0.3842,0.5936,-0.5936
0.5305,-0.5305,-0.4675,0.4675
0.5765,-0.5765,-0.4095,0.4095
0.2828,-0.2828,0.6481,-0.6481
0.3957,-0.3957,0.586,-0.586
0.4746,-0.4746,0.5242,-0.5242
0.4083,-0.4083,0.5773,-0.5773
-0.4147,0.4147,0.5728,-0.5728
0.6044,-0.6044,-0.3671,0.3671
0.5559,-0.5559,0.4371,-0.4371
0.6224,-0.6224,-0.3356,0.3356
0.6368,-0.6368,0.3073,-0.3073
0.6649,-0.6649,-0.2407,0.2407
0.4705,-0.4705,0.5279,-0.5279
0.3203,-0.3203,0.6304,-0.6304
0.5975,-0.5975,-0.3782,0.3782
0.5255,-0.5255,-0.4732,0.4732
0.7068,-0.7068,-0.0193,0.0193
0.6168,-0.6168,-0.3457,0.3457
0.4135,-0.4135,0.5736,-0.5736
0.6845,-0.6845,0.1774,-0.1774
0.6055,-0.6055,-0.3651,0.3651
0.6295,-0.6295,0.322,-0.322
0.6665,-0.6665,-0.2361,0.2361
0.5414,-0.5414,-0.4549,0.4549
-0.4665,0.4665,-0.5314,0.5314
0.3543,-0.3543,0.6119,-0.6119
0.5173,-0.5173,-0.4821,0.4821
-0.4879,0.4879,-0.5118,0.5118
0.6835,-0.6835,-0.1812,0.1812
0.061,-0.061,0.7045,-0.7045
0.6963,-0.6963,-0.1229,0.1229
0.4086,-0.4086,0.5771,-0.5771
0.1334,-0.1334,-0.6944,0.6944
0.6807,-0.6807,0.1913,-0.1913
0.4349,-0.4349,0.5576,-0.5576
0.5515,-0.5515,0.4426,-0.4426
-0.4897,0.4897,0.5101,-0.5101
0.7003,-0.7003,-0.098,0.098
-0.2421,0.2421,-0.6644,0.6644
0.4623,-0.4623,0.5351,-0.5351
0.4453,-0.4453,0.5493,-0.5493
0.5289,-0.5289,-0.4693,0.4693
0.6712,-0.6712,-0.2224,0.2224
0.6072,-0.6072,-0.3624,0.3624
0.4473,-0.4473,0.5477,-0.5477
0.063,-0.063,0.7043,-0.7043
0.5801,-0.5801,0.4043,-0.4043
-0.4466,0.4466,-0.5482,0.5482
0.4384,-0.4384,0.5548,-0.5548
0.707,-0.707,0.0141,-0.0141
0.409,-0.409,0.5768,-0.5768
0.3607,-0.3607,0.6082,-0.6082
-0.4911,0.4911,0.5087,-0.5087
0.6826,-0.6826,-0.1845,0.1845
0.3545,-0.3545,0.6118,-0.6118
0.4589,-0.4589,0.538,-0.538
-0.2114,0.2114,0.6748,-0.6748
0.6825,-0.6825,-0.1851,0.1851
0.4194,-0.4194,0.5693,-0.5693
0.6384,-0.6384,0.304,-0.304
-0.4262,0.4262,0.5642,-0.5642
0.6621,-0.6621,-0.2483,0.2483
0.6913,-0.6913,0.1488,-0.1488
0.6357,-0.6357,0.3096,-0.3096
-0.3783,0.3783,0.5974,-0.5974
0.5415,-0.5415,0.4548,-0.4548
0.6152,-0.6152,0.3486,-0.3486
-0.4923,0.4923,-0.5076,0.5076
0.7039,-0.7039,0.0673,-0.0673
-0.4244,0.4244,0.5656,-0.5656
-0.4438,0.4438,-0.5505,0.5505
0.6052,-0.6052,0.3657,-0.3657
0.5425,-0.5425,-0.4535,0.4535
0.5446,-0.5446,0.451,-0.451
0.5988,-0.5988,-0.376,0.376
-0.4711,0.4711,-0.5274,0.5274
0.0155,-0.0155,0.7069,-0.7069
0.1303,-0.1303,-0.695,0.695
0.3479,-0.3479,0.6156,-0.6156
0.2283,-0.2283,0.6693,-0.6693
0.6913,-0.6913,-0.1485,0.1485
-0.0806,0.0806,0.7025,-0.7025
-0.104,0.104,0.6994,-0.6994
-0.2943,0.2943,0.643,-0.643
0.7062,-0.7062,-0.0364,0.0364
0.6565,-0.6565,0.2628,-0.2628
0.6675,-0.6675,0.2332,-0.2332
0.7067,-0.7067,-0.0225,0.0225
0.5358,-0.5358,0.4614,-0.4614
0.3348,-0.3348,-0.6228,0.6228
0.6405,-0.6405,0.2996,-0.2996
0.6914,-0.6914,0.148,-0.148
0.3748,-0.3748,-0.5996,0.5996
0.5071,-0.5071,-0.4928,0.4928
0.5141,-0.5141,-0.4855,0.4855
0.5266,-0.5266,-0.4719,0.4719
0.6813,-0.6813,0.1894,-0.1894
0.5868,-0.5868,-0.3946,0.3946
0.5385,-0.5385,0.4583,-0.4583
-0.4979,0.4979,0.5021,-0.5021
0.5729,-0.5729,-0.4144,0.4144
-0.127,0.127,0.6956,-0.6956
-0.1518,0.1518,-0.6906,0.6906
-0.3678,0.3678,-0.6039,0.6039
-0.2112,0.2112,0.6748,-0.6748
0.5589,-0.5589,0.4332,-0.4332
0.6901,-0.6901,0.1541,-0.1541
0.6355,-0.6355,0.3101,-0.3101
0.5955,-0.5955,-0.3813,0.3813
0.7008,-0.7008,0.0942,-0.0942
0.4792,-0.4792,-0.52,0.52
0.6999,-0.6999,-0.101,0.101
0.4893,-0.4893,-0.5105,0.5105
0.7071,-0.7071,-0.0026,0.0026
-0.0367,0.0367,0.7062,-0.7062
0.6424,-0.6424,0.2956,-0.2956
0.5306,-0.5306,-0.4675,0.4675
-0.4868,0.4868,0.5128,-0.5128
0.3208,-0.3208,0.6301,-0.6301
0.0383,-0.0383,0.7061,-0.7061
0.7053,-0.7053,-0.0511,0.0511
0.6971,-0.6971,-0.1184,0.1184
0.688,-0.688,0.1633,-0.1633
0.503,-0.503,-0.497,0.497
-0.4897,0.4897,-0.5101,0.5101
0.7059,-0.7059,0.0421,-0.0421
-0.2563,0.2563,-0.659,0.659
0.506,-0.506,-0.4939,0.4939
0.3697,-0.3697,0.6028,-0.6028
0.5255,-0.5255,0.4732,-0.4732
0.5094,-0.5094,-0.4904,0.4904
0.7047,-0.7047,-0.0584,0.0584
0.5151,-0.5151,0.4844,-0.4844
0.2207,-0.2207,-0.6718,0.6718
-0.1163,0.1163,-0.6975,0.6975
0.6156,-0.6156,-0.3479,0.3479
-0.4988,0.4988,0.5012,-0.5012
0.5623,-0.5623,0.4287,-0.4287
0.5314,-0.5314,0.4665,-0.4665
0.6972,-0.6972,0.1177,-0.1177
0.6221,-0.6221,-0.3362,0.3362
0.7068,-0.7068,-0.0221,0.0221
-0.219,0.219,0.6723,-0.6723
0.7055,-0.7055,-0.048,0.048
0.5585,-0.5585,0.4337,-0.4337
0.0741,-0.0741,0.7032,-0.7032
-0.1201,0.1201,-0.6968,0.6968
0.5432,-0.5432,-0.4526,0.4526
0.619,-0.619,-0.3419,0.3419
0.6627,-0.6627,0.2467,-0.2467
-0.0665,0.0665,-0.704,0.704
0.2735,-0.2735,-0.6521,0.6521
0.622,-0.622,0.3364,-0.3364
0.6938,-0.6938,-0.1363,0.1363
0.5156,-0.5156,0.4838,-0.4838
0.496,-0.496,0.504,-0.504
-0.4944,0.4944,0.5055,-0.5055
-0.0015,0.0015,-0.7071,0.7071
0.0062,-0.0062,0.7071,-0.7071
0.6355,-0.6355,0.31,-0.31
0.6783,-0.6783,-0.1997,0.1997
0.6973,-0.6973,-0.1173,0.1173
0.6272,-0.6272,0.3265,-0.3265
0.4466,-0.4466,-0.5483,0.5483
0.6279,-0.6279,-0.3252,0.3252
-0.3409,0.3409,0.6195,-0.6195
0.6346,-0.6346,0.3119,-0.3119
0.5214,-0.5214,0.4776,-0.4776
0.6242,-0.6242,0.3323,-0.3323
-0.4634,0.4634,0.5341,-0.5341
0.4574,-0.4574,0.5393,-0.5393
0.5961,-0.5961,0.3803,-0.3803
0.4772,-0.4772,-0.5218,0.5218
0.1706,-0.1706,0.6862,-0.6862
0.5835,-0.5835,0.3994,-0.3994
0.6849,-0.6849,0.1759,-0.1759
0.7058,-0.7058,-0.0432,0.0432
0.542,-0.542,0.4542,-0.4542
0.4954,-0.4954,0.5046,-0.5046
0.6959,-0.6959,-0.1254,0.1254
0.0605,-0.0605,-0.7045,0.7045
0.6603,-0.6603,0.2531,-0.2531
0.6488,-0.6488,0.2812,-0.2812
0.4914,-0.4914,-0.5084,0.5084
0.1733,-0.1733,0.6856,-0.6856
-0.4863,0.4863,-0.5133,0.5133
0.5259,-0.5259,0.4726,-0.4726
0.2148,-0.2148,0.6737,-0.6737
0.391,-0.391,0.5892,-0.5892
0.6176,-0.6176,-0.3444,0.3444
0.635,-0.635,-0.3111,0.3111
0.6814,-0.6814,-0.1888,0.1888
-0.3558,0.3558,-0.611,0.611
0.6998,-0.6998,0.1017,-0.1017
0.6749,-0.6749,-0.2111,0.2111
0.5941,-0.5941,0.3835,-0.3835
0.707,-0.707,-0.0146,0.0146
0.4915,-0.4915,0.5084,-0.5084
0.6447,-0.6447,0.2904,-0.2904
0.2512,-0.2512,-0.661,0.661
0.6481,-0.6481,0.2827,-0.2827
-0.4902,0.4902,0.5096,-0.5096
0.5073,-0.5073,0.4926,-0.4926
0.6347,-0.6347,0.3118,-0.3118
0.6119,-0.6119,-0.3543,0.3543
0.5961,-0.5961,-0.3803,0.3803
-0.4324,0.4324,-0.5595,0.5595
0.6896,-0.6896,0.1564,-0.1564
0.7031,-0.7031,-0.0747,0.0747
0.6244,-0.6244,-0.3319,0.3319
-0.4792,0.4792,0.52,-0.52
0.6271,-0.6271,0.3268,-0.3268
0.6266,-0.6266,0.3278,-0.3278
-0.3019,0.3019,-0.6394,0.6394
0.703,-0.703,-0.0763,0.0763
0.5518,-0.5518,0.4422,-0.4422
0.6622,-0.6622,-0.248,0.248
-0.0228,0.0228,-0.7067,0.7067
0.5352,-0.5352,-0.4621,0.4621
-0.4995,0.4995,-0.5005,0.5005
0.5197,-0.5197,-0.4794,0.4794
-0.4092,0.4092,-0.5766,0.5766
0.6907,-0.6907,0.1516,-0.1516
0.4715,-0.4715,-0.5269,0.5269
0.5038,-0.5038,0.4962,-0.4962
0.2198,-0.2198,0.6721,-0.6721
0.5232,-0.5232,-0.4757,0.4757
0.1319,-0.1319,-0.6947,0.6947
0.463,-0.463,-0.5344,0.5344
0.5167,-0.5167,0.4827,-0.4827
-0.1214,0.1214,0.6966,-0.6966
0.3013,-0.3013,0.6397,-0.6397
0.5796,-0.5796,0.4051,-0.4051
0.1912,-0.1912,0.6808,-0.6808
-0.1732,0.1732,0.6856,-0.6856
0.5174,-0.5174,0.482,-0.482
0.6729,-0.6729,0.2173,-0.2173
0.1096,-0.1096,0.6986,-0.6986
0.4843,-0.4843,0.5152,-0.5152
0.6184,-0.6184,-0.343,0.343
0.3884,-0.3884,0.5909,-0.5909
-0.1447,0.1447,0.6922,-0.6922
0.4951,-0.4951,0.5049,-0.5049
0.4127,-0.4127,-0.5741,0.5741
-0.3929,0.3929,-0.5879,0.5879
0.6724,-0.6724,-0.2188,0.2188
0.6932,-0.6932,-0.1396,0.1396
0.319,-0.319,-0.6311,0.6311
0.5844,-0.5844,-0.3981,0.3981
-0.044,0.044,-0.7057,0.7057
0.6873,-0.6873,0.166,-0.166
-0.3936,0.3936,0.5874,-0.5874
0.0022,-0.0022,-0.7071,0.7071
0.323,-0.323,-0.629,0.629
0.361,-0.361,-0.608,0.608
0.5125,-0.5125,-0.4872,0.4872
0.5444,-0.5444,0.4513,-0.4513
-0.3378,0.3378,-0.6212,0.6212
0.5371,-0.5371,0.4599,-0.4599
-0.4642,0.4642,-0.5334,0.5334
0.4505,-0.4505,0.545,-0.545
0.6842,-0.6842,-0.1785,0.1785
-0.3434,0.3434,0.6181,-0.6181
0.6662,-0.6662,-0.2369,0.2369
-0.1759,0.1759,-0.6849,0.6849
-0.4968,0.4968,0.5032,-0.5032
0.5114,-0.5114,0.4883,-0.4883
-0.0176,0.0176,-0.7069,0.7069
0.4504,-0.4504,0.5451,-0.5451
0.7055,-0.7055,0.0475,-0.0475
-0.4986,0.4986,-0.5014,0.5014
0.6671,-0.6671,-0.2344,0.2344
0.2401,-0.2401,-0.6651,0.6651
0.4262,-0.4262,-0.5642,0.5642
0.5057,-0.5057,-0.4943,0.4943
0.001,-0.001,-0.7071,0.7071
0.4759,-0.4759,0.523,-0.523
0.452,-0.452,-0.5438,0.5438
0.6745,-0.6745,0.2122,-0.2122
0.5571,-0.5571,-0.4355,0.4355
0.0984,-0.0984,-0.7002,0.7002
0.586,-0.586,-0.3957,0.3957
0.6854,-0.6854,0.1737,-0.1737
0.2125,-0.2125,0.6744,-0.6744
-0.3998,0.3998,0.5832,-0.5832
0.5025,-0.5025,-0.4975,0.4975
-0.1728,0.1728,-0.6857,0.6857
0.5377,-0.5377,0.4592,-0.4592
0.4867,-0.4867,-0.5129,0.5129
0.6911,-0.6911,-0.1494,0.1494
0.631,-0.631,0.3192,-0.3192
0.707,-0.707,0.0121,-0.0121
-0.338,0.338,0.6211,-0.6211
0.7015,-0.7015,0.0892,-0.0892
0.538,-0.538,0.4588,-0.4588
0.7032,-0.7032,0.0739,-0.0739
0.3528,-0.3528,0.6128,-0.6128
0.2226,-0.2226,-0.6712,0.6712
-0.461,0.461,0.5362,-0.5362
0.4734,-0.4734,-0.5252,0.5252
0.6543,-0.6543,0.2682,-0.2682
0.4012,-0.4012,0.5823,-0.5823
0.2139,-0.2139,-0.674,0.674
0.6988,-0.6988,-0.108,0.108
-0.485,0.485,0.5146,-0.5146
0.5814,-0.5814,0.4025,-0.4025
-0.1685,0.1685,0.6867,-0.6867
0.1933,-0.1933,0.6802,-0.6802
-0.3058,0.3058,0.6375,-0.6375
0.6114,-0.6114,0.3553,-0.3553
0.7064,-0.7064,-0.031,0.031
-0.1174,0.1174,0.6973,-0.6973
0.7066,-0.7066,-0.0272,0.0272
0.5204,-0.5204,-0.4788,0.4788
-0.3534,0.3534,0.6125,-0.6125
-0.4394,0.4394,0.554,-0.554
0.4666,-0.4666,0.5313,-0.5313
0.6715,-0.6715,0.2215,-0.2215
0.4012,-0.4012,-0.5823,0.5823
0.5384,-0.5384,-0.4584,0.4584
0.1673,-0.1673,-0.687,0.687
0.0351,-0.0351,0.7062,-0.7062
0.6894,-0.6894,0.1573,-0.1573
-0.2393,0.2393,-0.6654,0.6654
0.6145,-0.6145,0.3499,-0.3499
0.7053,-0.7053,-0.051,0.051
0.6669,-0.6669,-0.235,0.235
0.6675,-0.6675,-0.2332,0.2332
-0.3168,0.3168,0.6322,-0.6322
0.7067,-0.7067,0.0246,-0.0246
0.4851,-0.4851,-0.5145,0.5145
0.6571,-0.6571,-0.2612,0.2612
-0.229,0.229,0.669,-0.669
0.4445,-0.4445,-0.5499,0.5499
0.0629,-0.0629,0.7043,-0.7043
0.7071,-0.7071,-0.0047,0.0047
0.1005,-0.1005,-0.6999,0.6999
0.2478,-0.2478,-0.6623,0.6623
0.2693,-0.2693,0.6538,-0.6538
-0.3335,0.3335,-0.6235,0.6235
-0.3267,0.3267,0.6271,-0.6271
-0.4615,0.4615,-0.5358,0.5358
-0.218,0.218,-0.6727,0.6727
0.33,-0.33,0.6254,-0.6254
0.0821,-0.0821,-0.7023,0.7023
0.7048,-0.7048,-0.0565,0.0565
0.5564,-0.5564,-0.4364,0.4364
0.6311,-0.6311,-0.319,0.319
-0.1721,0.1721,-0.6858,0.6858
-0.0114,0.0114,-0.707,0.707
-0.2558,0.2558,0.6592,-0.6592
-0.2389,0.2389,0.6655,-0.6655
0.061,-0.061,0.7045,-0.7045
-0.4978,0.4978,0.5022,-0.5022
-0.2938,0.2938,-0.6432,0.6432
0.0244,-0.0244,-0.7067,0.7067
-0.4997,0.4997,0.5003,-0.5003
0.6359,-0.6359,-0.3092,0.3092
0.7051,-0.7051,0.0527,-0.0527
0.4974,-0.4974,-0.5026,0.5026
-0.4857,0.4857,-0.5139,0.5139
0.2439,-0.2439,0.6637,-0.6637
0.7071,-0.7071,0.0015,-0.0015
0.3557,-0.3557,-0.6112,0.6112
-0.4956,0.4956,-0.5043,0.5043
-0.0358,0.0358,0.7062,-0.7062
0.6365,-0.6365,-0.3079,0.3079
0.5604,-0.5604,-0.4312,0.4312
-0.2573,0.2573,0.6586,-0.6586
0.6928,-0.6928,-0.1415,0.1415
0.4697,-0.4697,0.5285,-0.5285
0.6018,-0.6018,0.3713,-0.3713
0.6438,-0.6438,0.2924,-0.2924
0.6912,-0.6912,0.1491,-0.1491
0.6979,-0.6979,0.1137,-0.1137
-0.0987,0.0987,0.7002,-0.7002
-0.3913,0.3913,-0.589,0.589
0.5186,-0.5186,-0.4807,0.4807
0.5914,-0.5914,0.3877,-0.3877
0.6675,-0.6675,-0.2334,0.2334
0.6766,-0.6766,-0.2055,0.2055
0.5867,-0.5867,0.3947,-0.3947
0.6066,-0.6066,0.3634,-0.3634
0.5965,-0.5965,0.3798,-0.3798
0.3398,-0.3398,0.6201,-0.6201
0.6711,-0.6711,-0.2227,0.2227
0.6542,-0.6542,-0.2685,0.2685
0.6987,-0.6987,0.1085,-0.1085
0.6841,-0.6841,-0.1789,0.1789
0.7063,-0.7063,-0.033,0.033
0.4463,-0.4463,0.5485,-0.5485
0.5242,-0.5242,-0.4746,0.4746
0.5064,-0.5064,-0.4935,0.4935
-0.1514,0.1514,-0.6907,0.6907
0.548,-0.548,-0.4469,0.4469
0.0825,-0.0825,0.7023,-0.7023
0.0741,-0.0741,0.7032,-0.7032
0.517,-0.517,-0.4824,0.4824
0.6785,-0.6785,-0.1989,0.1989
0.6577,-0.6577,-0.2597,0.2597
-0.2313,0.2313,0.6682,-0.6682
0.2484,-0.2484,0.662,-0.662
0.5991,-0.5991,-0.3757,0.3757
0.4945,-0.4945,0.5054,-0.5054
0.4141,-0.4141,0.5732,-0.5732
0.5454,-0.5454,0.45,-0.45
-0.3311,0.3311,-0.6248,0.6248
0.6946,-0.6946,0.1325,-0.1325
-0.5,0.5,-0.5,0.5
0.3585,-0.3585,0.6095,-0.6095
-0.0958,0.0958,0.7006,-0.7006
-0.2958,0.2958,-0.6422,0.6422
-0.0762,0.0762,0.703,-0.703
-0.0649,0.0649,-0.7041,0.7041
0.6968,-0.6968,-0.1202,0.1202
0.5282,-0.5282,0.4701,-0.4701
-0.4495,0.4495,0.5459,-0.5459
0.6968,-0.6968,0.1203,-0.1203
0.5106,-0.5106,-0.4892,0.4892
-0.1568,0.1568,-0.6895,0.6895
0.6784,-0.6784,-0.1996,0.1996
0.6431,-0.6431,-0.294,0.294
0.6649,-0.6649,-0.2406,0.2406
-0.4124,0.4124,-0.5744,0.5744
0.3986,-0.3986,0.5841,-0.5841
0.5996,-0.5996,0.3748,-0.3748
0.575,-0.575,0.4115,-0.4115
0.6742,-0.6742,-0.213,0.213
-0.2355,0.2355,-0.6667,0.6667
0.4596,-0.4596,0.5373,-0.5373
0.3213,-0.3213,0.6299,-0.6299
0.6775,-0.6775,0.2025,-0.2025
0.6324,-0.6324,-0.3164,0.3164
0.0862,-0.0862,0.7018,-0.7018
0.5591,-0.5591,0.433,-0.433
0.071,-0.071,0.7035,-0.7035
0.5977,-0.5977,-0.3779,0.3779
0.693,-0.693,0.1405,-0.1405
0.481,-0.481,0.5183,-0.5183
0.6599,-0.6599,-0.2541,0.2541
-0.1344,0.1344,0.6942,-0.6942
0.4959,-0.4959,0.5041,-0.5041
0.4386,-0.4386,0.5547,-0.5547
0.6528,-0.6528,-0.2718,0.2718
0.343,-0.343,-0.6183,0.6183
-0.0967,0.0967,0.7005,-0.7005
0.6425,-0.6425,0.2952,-0.2952
0.4821,-0.4821,0.5173,-0.5173
0.5771,-0.5771,0.4085,-0.4085
0.1908,-0.1908,0.6809,-0.6809
0.4861,-0.4861,0.5136,-0.5136
0.4695,-0.4695,0.5287,-0.5287
-0.2138,0.2138,-0.674,0.674
0.404,-0.404,-0.5804,0.5804
-0.1819,0.1819,0.6833,-0.6833
0.5382,-0.5382,0.4587,-0.4587
-0.338,0.338,-0.6211,0.6211
-0.2109,0.2109,0.6749,-0.6749
0.3014,-0.3014,-0.6397,0.6397
-0.3885,0.3885,-0.5908,0.5908
0.6367,-0.6367,-0.3076,0.3076
0.4729,-0.4729,0.5257,-0.5257
0.5983,-0.5983,-0.3769,0.3769
0.7057,-0.7057,0.0444,-0.0444
-0.279,0.279,-0.6497,0.6497
0.6466,-0.6466,0.2862,-0.2862
0.6161,-0.6161,0.3471,-0.3471
0.5506,-0.5506,-0.4437,0.4437
0.5591,-0.5591,-0.4329,0.4329
0.7071,-0.7071,-0.0076,0.0076
0.7045,-0.7045,0.0605,-0.0605
-0.4498,0.4498,0.5456,-0.5456
0.7063,-0.7063,0.0328,-0.0328
-0.297,0.297,-0.6417,0.6417
0.4795,-0.4795,-0.5197,0.5197
0.3256,-0.3256,0.6277,-0.6277
-0.3175,0.3175,0.6318,-0.6318
0.6287,-0.6287,-0.3236,0.3236
-0.4712,0.4712,0.5272,-0.5272
0.4492,-0.4492,0.5461,-0.5461
-0.3683,0.3683,0.6036,-0.6036
0.2226,-0.2226,-0.6711,0.6711
0.4694,-0.4694,0.5288,-0.5288
0.5121,-0.5121,0.4876,-0.4876
0.7006,-0.7006,-0.0957,0.0957
0.3291,-0.3291,0.6258,-0.6258
0.4083,-0.4083,0.5773,-0.5773
-0.2559,0.2559,-0.6592,0.6592
0.5376,-0.5376,0.4594,-0.4594
0.674,-0.674,-0.2138,0.2138
0.3515,-0.3515,0.6136,-0.6136
0.509,-0.509,-0.4908,0.4908
-0.3492,0.3492,0.6149,-0.6149
0.1812,-0.1812,0.6835,-0.6835
0.2738,-0.2738,-0.6519,0.6519
0.2899,-0.2899,0.6449,-0.6449
0.52,-0.52,-0.4791,0.4791
-0.4758,0.4758,-0.5231,0.5231
-0.1047,0.1047,0.6993,-0.6993
0.7067,-0.7067,0.0227,-0.0227
0.6276,-0.6276,0.3257,-0.3257
-0.4013,0.4013,0.5822,-0.5822
0.5116,-0.5116,0.4881,-0.4881
0.0426,-0.0426,0.7058,-0.7058
0.6166,-0.6166,-0.3461,0.3461
-0.3491,0.3491,-0.6149,0.6149
0.7034,-0.7034,-0.0721,0.0721
0.5363,-0.5363,0.4608,-0.4608
0.6563,-0.6563,0.2631,-0.2631
0.1999,-0.1999,0.6783,-0.6783
-0.4114,0.4114,0.5751,-0.5751
0.7068,-0.7068,0.0196,-0.0196
0.4583,-0.4583,-0.5385,0.5385
-0.4688,0.4688,0.5294,-0.5294
0.6102,-0.6102,0.3573,-0.3573
0.6601,-0.6601,-0.2536,0.2536
-0.4522,0.4522,-0.5436,0.5436
0.516,-0.516,0.4835,-0.4835
0.6784,-0.6784,-0.1994,0.1994
-0.3485,0.3485,-0.6152,0.6152
-0.1548,0.1548,0.69,-0.69
0.5993,-0.5993,0.3753,-0.3753
0.5072,-0.5072,0.4927,-0.4927
0.594,-0.594,-0.3836,0.3836
0.6225,-0.6225,-0.3353,0.3353
0.5955,-0.5955,0.3813,-0.3813
-0.4462,0.4462,0.5486,-0.5486
0.4745,-0.4745,-0.5243,0.5243
0.3759,-0.3759,0.5989,-0.5989
0.703,-0.703,-0.0757,0.0757
0.6876,-0.6876,-0.165,0.165
0.469,-0.469,0.5292,-0.5292
0.4103,-0.4103,0.5759,-0.5759
-0.435,0.435,0.5574,-0.5574
0.6858,-0.6858,-0.1721,0.1721
0.6504,-0.6504,-0.2775,0.2775
0.6845,-0.6845,-0.1773,0.1773
-0.0722,0.0722,-0.7034,0.7034
0.3777,-0.3777,0.5978,-0.5978
-0.3879,0.3879,0.5912,-0.5912
-0.4419,0.4419,0.552,-0.552
-0.106,0.106,0.6991,-0.6991
0.313,-0.313,-0.634,0.634
0.659,-0.659,0.2563,-0.2563
0.4529,-0.4529,-0.543,0.543
0.1442,-0.1442,0.6923,-0.6923
0.6289,-0.6289,0.3233,-0.3233
0.6539,-0.6539,0.2691,-0.2691
0.4001,-0.4001,0.583,-0.583
0.5542,-0.5542,0.4392,-0.4392
-0.0461,0.0461,0.7056,-0.7056
0.5451,-0.5451,-0.4504,0.4504
0.5627,-0.5627,0.4282,-0.4282
0.564,-0.564,0.4265,-0.4265
0.5611,-0.5611,-0.4303,0.4303
0.109,-0.109,-0.6987,0.6987
0.7046,-0.7046,-0.0592,0.0592
0.0421,-0.0421,0.7059,-0.7059
0.5447,-0.5447,-0.4509,0.4509
-0.1011,0.1011,0.6998,-0.6998
-0.3874,0.3874,0.5916,-0.5916
-0.1251,0.1251,-0.696,0.696
-0.4202,0.4202,0.5687,-0.5687
0.1569,-0.1569,0.6895,-0.6895
0.5113,-0.5113,-0.4884,0.4884
0.7044,-0.7044,-0.0621,0.0621
0.0388,-0.0388,-0.706,0.706
-0.4553,0.4553,0.541,-0.541
0.7019,-0.7019,0.0857,-0.0857
0.4626,-0.4626,0.5348,-0.5348
0.3489,-0.3489,-0.615,0.615
0.7069,-0.7069,0.0151,-0.0151
0.4877,-0.4877,0.512,-0.512
-0.4069,0.4069,0.5783,-0.5783
-0.0774,0.0774,0.7029,-0.7029
-0.4908,0.4908,0.509,-0.509
0.3858,-0.3858,0.5926,-0.5926
0.3326,-0.3326,0.624,-0.624
-0.461,0.461,0.5362,-0.5362
0.6822,-0.6822,-0.1861,0.1861
0.5867,-0.5867,0.3946,-0.3946
0.6375,-0.6375,0.3059,-0.3059
0.6672,-0.6672,-0.2341,0.2341
0.4374,-0.4374,0.5556,-0.5556
0.513,-0.513,-0.4867,0.4867
0.5911,-0.5911,0.3881,-0.3881
0.7071,-0.7071,-0.0086,0.0086
0.0845,-0.0845,-0.702,0.702
0.3004,-0.3004,-0.6401,0.6401
0.7071,-0.7071,-0.0083,0.0083
0.7042,-0.7042,-0.0643,0.0643
0.6356,-0.6356,-0.3099,0.3099
0.6141,-0.6141,-0.3505,0.3505
0.6829,-0.6829,-0.1836,0.1836
-0.4028,0.4028,0.5811,-0.5811
0.5124,-0.5124,-0.4873,0.4873
0.4855,-0.4855,0.5141,-0.5141
0.3164,-0.3164,-0.6324,0.6324
0.5056,-0.5056,-0.4944,0.4944
0.1344,-0.1344,-0.6942,0.6942
-0.4051,0.4051,0.5795,-0.5795
0.5633,-0.5633,0.4274,-0.4274
0.425,-0.425,0.5651,-0.5651
-0.2538,0.2538,0.66,-0.66
0.5683,-0.5683,0.4208,-0.4208
-0.4414,0.4414,-0.5524,0.5524
0.2876,-0.2876,-0.646,0.646
-0.0406,0.0406,-0.7059,0.7059
0.7071,-0.7071,0.0028,-0.0028
0.3119,-0.3119,-0.6346,0.6346
-0.3222,0.3222,-0.6294,0.6294
-0.2049,0.2049,0.6768,-0.6768
0.6233,-0.6233,-0.3338,0.3338
0.666,-0.666,-0.2375,0.2375
0.5256,-0.5256,-0.473,0.473
0.4972,-0.4972,-0.5028,0.5028
0.5073,-0.5073,0.4926,-0.4926
-0.1048,0.1048,0.6993,-0.6993
0.5258,-0.5258,0.4728,-0.4728
0.5608,-0.5608,0.4307,-0.4307
0.3208,-0.3208,0.6301,-0.6301
0.0092,-0.0092,-0.707,0.707
0.0384,-0.0384,0.7061,-0.7061
