0.27827,-0.23615,-0.52442,0.76927
0.54003,-0.3947,0.73307,-0.12322
0.35416,-0.9054,-0.22512,-0.064415
0.13712,-0.58233,-0.74713,0.28963
-0.18321,-0.12271,0.92718,0.30284
0.048501,-0.96007,-0.067705,-0.26707
0.18194,-0.95922,-0.18413,-0.11351
0.13363,0.50728,0.81143,-0.25765
-0.14553,-0.23357,0.8735,-0.40156
-0.20702,-0.6806,-0.68229,-0.16857
0.38417,0.10257,-0.90956,0.12081
-0.25821,-0.8932,-0.3343,0.15417
-0.18052,0.11767,-0.93505,-0.28151
-0.045916,-0.65749,0.69396,0.28987
0.248,0.12745,-0.9384,-0.20413
0.12664,0.29862,-0.93681,0.13101
0.2631,-0.79738,0.43939,0.31923
0.19389,-0.86727,-0.3061,0.34141
0.4256,-0.88513,0.061195,0.17794
0.39889,-0.47543,-0.41872,0.66297
-0.29456,0.13097,0.94634,0.022896
0.11828,0.68056,-0.54018,0.48068
-0.30222,-0.7422,0.59665,0.042643
-0.22058,0.83928,0.32933,-0.37215
0.12424,-0.042348,0.90681,0.40059
0.16416,-0.97783,0.13003,0.00088757
-0.34221,-0.19119,-0.91944,-0.031082
-0.09413,-0.40207,-0.90749,-0.077047
0.1543,0.069104,0.93379,0.31535
0.085319,0.67548,-0.66408,0.30894
-0.076319,-0.85975,0.40759,0.29813
0.3895,-0.4883,-0.41324,0.66264
-0.75976,0.39697,0.44506,0.25904
-0.4843,-0.87043,-0.036201,-0.080557
-0.384,-0.20733,0.89936,0.026597
0.23292,-0.90655,0.34852,0.049505
0.38512,-0.20688,-0.87702,0.19931
0.14233,-0.4086,0.81453,-0.38643
-0.15204,-0.63451,0.64459,-0.39847
-0.099077,-0.96909,-0.22593,0.0011411
0.1019,-0.81038,0.52749,-0.23379
-0.21937,0.37614,0.50046,-0.74828
-0.37085,-0.4129,0.76898,-0.31726
0.18312,0.72982,-0.51518,0.4104
0.2188,0.1182,-0.96174,-0.11494
-0.30531,-0.72086,0.58169,0.22087
-0.32976,0.76984,-0.54642,-0.0058642
-0.2843,0.9555,0.052133,-0.058918
-0.19621,-0.97016,0.083499,0.11541
-0.1832,0.82808,0.5137,0.12975
-0.38658,-0.57287,-0.71881,0.075394
-0.14388,-0.91071,-0.37499,-0.096323
0.13082,0.54806,-0.82601,-0.015063
-0.26204,-0.47123,0.74135,0.3996
0.24055,0.80183,0.44724,0.31493
-0.086278,-0.4666,0.87881,-0.050334
0.02852,0.1351,0.99036,0.01077
0.38546,-0.91333,0.13117,-0.0068285
-0.69636,0.45649,0.48705,0.26361
0.03465,-0.0070705,0.97134,0.23507
-0.008016,-0.68567,-0.63883,0.34885
-0.08393,-0.70458,0.67839,-0.19054
-0.15256,0.72371,0.64747,-0.18373
0.1756,0.892,0.33766,0.24389
0.18188,0.67856,0.71166,0.0046051
-0.24532,0.4634,-0.77009,0.36338
0.36791,-0.47094,-0.7873,-0.15174
0.20402,-0.40163,-0.887,0.10148
-0.18485,0.90314,0.3664,-0.12616
-0.23141,0.91339,0.30994,0.12689
-0.34201,-0.70057,0.60516,-0.16128
-0.30295,-0.39721,0.85745,0.12339
-0.16748,0.012078,0.93814,0.30283
-0.1788,-0.13619,-0.88138,0.41551
0.072083,0.82775,0.5137,-0.21391
-0.12037,-0.70184,0.67133,-0.20555
0.17204,-0.97743,0.03192,-0.11839
-0.35415,0.59103,-0.70755,0.15696
-0.21367,0.95025,-0.021106,0.22568
0.15054,-0.98418,0.092919,-0.0091886
0.31764,0.73439,-0.56188,-0.2099
0.030967,-0.094199,0.92373,-0.36998
-0.34474,-0.045467,0.93305,0.092195
-0.21117,0.427,0.85125,0.22013
0.085205,0.041743,-0.95732,-0.27302
-0.40801,0.41987,0.80776,-0.069016
0.15665,0.93737,-0.25384,-0.17988
-0.27132,-0.62935,0.62767,0.36923
0.15793,-0.88372,-0.18753,0.39866
0.047775,-0.99282,0.10877,0.01406
-0.003119,-0.90957,0.26717,0.31826
-0.28245,-0.89016,0.30203,-0.19135
0.086978,0.71424,-0.64022,-0.26909
0.35279,-0.91213,-0.19971,0.060645
0.22174,-0.84596,-0.25915,-0.40991
0.043408,0.63785,-0.76205,-0.10261
-0.55068,0.42461,-0.71154,0.10081
-0.082423,-0.80147,-0.58613,-0.085463
0.22373,0.59752,0.73191,-0.23921
-0.11826,-0.48006,-0.76858,-0.406
0.33917,0.18137,-0.92155,-0.053113
-0.20839,0.65588,-0.67209,-0.27328
0.22597,-0.24308,-0.93493,-0.1255
-0.0073911,0.57642,-0.737,0.35287
0.034859,0.78492,0.61323,0.081457
-0.29951,0.26476,-0.89788,-0.18438
-0.16673,0.9767,-0.12538,0.050379
-0.12164,-0.79202,0.53766,-0.26234
0.30097,0.7482,0.56671,-0.16869
-0.10794,0.85823,0.20486,-0.45807
0.35749,0.91684,0.16812,0.057791
-0.34818,-0.76349,0.5044,-0.20356
-0.19079,-0.19073,0.94065,0.20592
-0.12932,0.9202,-0.20709,-0.30596
-0.2006,0.066455,0.94694,-0.24218
-0.057484,-0.027052,0.88922,0.45305
-0.17657,-0.10042,-0.97767,-0.053853
-0.28362,-0.88772,0.36152,-0.02868
0.036414,-0.65004,-0.75483,0.07972
0.25379,-0.48439,0.83671,0.029425
0.12836,0.12068,0.85316,0.49099
-0.095231,0.1241,-0.98683,0.041297
-0.33026,-0.74606,-0.5521,-0.17178
-0.36556,-0.51645,0.74515,-0.21071
-0.035691,-0.21268,-0.94804,-0.23392
0.20745,0.60095,-0.76973,0.057893
0.11702,0.32387,-0.92955,0.13168
0.052739,-0.34983,0.92961,0.1033
-0.081142,-0.60583,0.65332,-0.44672
-0.00026366,0.9954,-0.012316,0.094962
-0.38513,0.0089604,-0.92004,0.071542
-0.11032,-0.97342,-0.0012681,0.20072
-0.055937,-0.93027,-0.29112,0.21614
0.089417,0.75601,-0.40802,0.50396
-0.029786,-0.83347,0.45659,0.30979
0.042964,-0.24532,-0.83681,-0.48757
0.41344,-0.87881,0.2155,-0.10156
-0.21012,-0.90443,-0.3433,-0.14144
-0.15526,-0.7134,0.60903,-0.3099
0.39542,0.82026,-0.40385,-0.087925
-0.25096,0.6962,-0.64047,0.20525
0.0976,-0.60576,-0.78955,0.012059
0.2575,-0.92245,0.057143,0.28198
-0.16823,-0.66822,-0.66603,-0.28564
0.29552,-0.27878,0.91321,-0.031566
-0.32258,0.011272,0.90528,-0.27621
0.040394,-0.25879,-0.91085,0.31898
-0.098451,-0.91214,0.32255,0.23296
-0.010385,0.51525,0.83086,0.20997
0.24504,0.31637,-0.81746,0.41428
0.30206,-0.82562,0.21339,0.42611
-0.29796,0.95091,0.049035,-0.067645
0.06909,0.85029,0.51298,-0.095333
0.083571,0.78576,0.57827,-0.20297
-0.11451,0.28327,-0.91258,0.27173
0.33912,-0.83472,0.41882,0.11327
0.29941,0.49266,0.80596,-0.13442
0.098556,0.74262,-0.65669,0.086879
-0.26502,-0.89862,-0.13696,-0.32169
0.043491,-0.74373,0.61225,0.26482
0.15183,0.75722,0.54104,-0.33294
-0.20311,0.92639,-0.31686,-0.011927
-0.22163,-0.80017,-0.55508,-0.05001
-0.098043,0.87769,-0.12544,0.452
0.27503,0.95915,0.044466,-0.049073
0.069458,0.22981,-0.92268,0.30169
0.32831,-0.80104,-0.3923,0.31089
-0.20753,0.1559,0.90751,-0.33022
-0.21187,-0.24712,-0.93339,-0.15112
-0.035841,0.71604,0.69344,-0.07178
0.31568,0.44768,0.83618,0.027024
-0.38419,-0.79025,0.42189,0.22339
0.10899,0.97941,-0.16723,0.030086
0.054477,0.36893,-0.92768,0.018228
0.36464,-0.77063,0.52062,0.046069
-0.39531,0.57882,0.71323,-0.00056202
0.31764,-0.65923,-0.63981,-0.23485
-0.27172,-0.091774,-0.95773,-0.022129
0.54691,-0.83358,-0.0065126,-0.077453
0.074318,0.6761,-0.64326,0.35153
0.36418,-0.20167,-0.90319,0.10466
-0.37645,0.91754,0.070698,-0.10676
0.1949,0.36937,-0.87162,0.25662
-0.37174,-0.88827,-0.10586,-0.24814
0.50418,-0.0414,0.85001,-0.14689
-0.15581,-0.58909,0.76664,0.20239
0.16521,-0.90226,-0.39536,0.048201
0.42814,-0.86388,0.10399,-0.24412
-0.45088,0.87229,0.16842,0.0863
-0.68218,0.54573,0.28465,-0.39469
0.33038,0.051966,0.88732,-0.31751
-0.17786,0.27343,-0.88819,0.3236
0.26006,-0.32064,-0.55224,0.72429
0.26084,0.22099,-0.89802,-0.27691
0.13183,0.91162,0.33235,-0.20278
0.46844,0.1121,0.81592,-0.31981
-0.078985,0.92877,-0.087269,0.35146
0.078081,0.97783,0.17363,0.087236
0.2227,-0.90014,0.37406,-0.015253
0.2742,-0.54788,0.65738,-0.43875
0.41239,0.17133,-0.84464,0.29524
-0.14754,-0.15394,0.91779,0.33495
-0.077713,0.96641,-0.2247,0.097544
0.1927,0.12068,-0.92136,-0.31528
-0.45196,-0.82952,0.31781,-0.081438
-0.54366,0.23776,-0.8048,-0.014085
-0.057312,0.73045,0.63946,-0.2329
-0.27153,0.57246,-0.68452,0.36055
0.24681,-0.6065,0.75529,0.027871
-0.53667,0.60869,-0.57599,-0.098579
0.05213,0.30434,-0.94586,0.10007
-0.25896,-0.23298,-0.93592,0.052015
0.39333,-0.40375,0.82399,-0.057615
0.097457,-0.29715,-0.55834,0.76841
-0.21626,0.7917,0.32326,-0.47111
0.057876,0.93353,0.14118,-0.3244
-0.24256,0.79376,0.55699,0.029603
0.067053,0.72881,-0.67977,0.047548
-0.45272,0.89047,-0.0011978,0.045837
-0.1215,-0.46625,-0.86124,-0.16163
0.3403,-0.18113,0.83552,-0.39152
0.047867,0.93166,0.2699,0.23848
0.21619,-0.69827,0.67846,0.073326
-0.30637,0.94938,-0.058649,0.037066
0.044824,0.40938,0.90921,0.061143
0.28353,0.95647,-0.068805,-0.0066106
-0.32163,0.3308,0.88369,0.078852
-0.33343,-0.67869,0.65407,-0.019817
0.38701,-0.82537,0.40554,-0.067299
0.11316,-0.25123,-0.96088,0.028106
-0.15637,-0.42127,0.85757,-0.25031
-0.14195,-0.86865,-0.33459,0.33666
-0.15474,0.58671,0.76894,-0.2014
0.053613,0.11576,0.98415,0.12315
0.12736,-0.12285,0.92759,0.32904
0.091489,-0.62096,-0.74001,-0.24173
0.19382,0.32015,-0.92426,-0.075338
0.07478,0.36695,0.87335,-0.31149
-0.45823,0.28947,-0.84036,-0.005174
-0.014937,-0.9787,-0.19704,0.055622
-0.40459,-0.89439,0.19033,0.011755
-0.32952,0.17376,-0.9031,-0.21364
0.34614,0.8897,-0.26799,-0.12964
-0.37225,0.75931,-0.52704,-0.084318
-0.081535,-0.18406,-0.9718,-0.12278
0.29771,-0.45552,0.83867,-0.022548
-0.18693,-0.9165,-0.3348,0.11397
-0.04341,0.76075,-0.64739,-0.016241
-0.22338,0.49908,-0.8354,-0.055958
0.019146,0.83055,-0.54157,-0.12858
0.0069305,0.88916,0.3987,0.22445
0.33253,-0.77917,-0.52932,0.046316
-0.060863,0.92361,-0.032409,-0.37708
0.19244,0.32754,0.88191,-0.27912
0.098508,-0.66371,-0.73732,-0.078391
0.50014,-0.84256,0.14092,-0.14177
0.19674,-0.61259,-0.75819,0.10577
0.19741,0.26551,-0.87983,0.34122
0.2023,0.964,0.097935,-0.14205
-0.31702,0.64192,-0.64152,0.27549
0.10439,-0.094246,0.94493,0.29551
-0.31188,0.35724,-0.87745,-0.072041
-0.016115,-0.24251,-0.95577,-0.16561
0.2475,0.74246,0.58222,-0.22026
-0.054625,-0.88047,-0.37783,0.28114
-0.14944,-0.18476,0.94644,0.21858
0.16274,0.93053,-0.033127,0.3264
-0.032378,0.80916,-0.58668,-0.0034041
-0.017809,0.30365,0.94903,0.082564
-0.29826,0.90359,-0.24682,0.18342
-0.029849,-0.90568,0.30359,0.29441
-0.23319,0.55412,0.78108,0.16877
0.082065,0.78224,0.50541,0.35486
0.20297,0.050575,-0.9685,-0.13513
-0.13039,-0.6333,-0.70995,-0.2791
0.17767,0.80297,0.5489,-0.14962
0.35881,-0.8521,0.37675,0.056969
0.21916,-0.81623,0.42668,0.32201
-0.031724,0.026325,0.99574,0.082479
0.19593,-0.76375,0.56839,-0.23502
0.10257,-0.34188,-0.46526,0.81002
-0.19994,-0.94406,0.05779,0.25581
-0.082059,0.88792,0.19875,0.40665
0.60777,-0.17801,0.76036,-0.14419
0.034437,-0.63265,0.68373,0.36206
0.26468,0.71504,-0.63364,-0.131
0.031814,0.44549,0.84007,-0.30791
0.080329,-0.23262,-0.94548,0.2133
-0.19666,-0.94487,0.22684,0.13072
0.23165,-0.19617,-0.94255,0.13951
0.14598,0.68802,0.64739,-0.29361
0.077539,0.90976,0.40228,0.067121
0.085124,-0.29138,0.90404,-0.30093
-0.093985,0.45905,-0.84814,0.24719
0.36098,0.067029,-0.8673,0.33614
0.25879,-0.78818,0.42698,-0.35984
-0.38846,0.8487,-0.35596,-0.04594
-0.08069,-0.10505,0.83041,0.54117
-0.14723,0.52036,-0.83499,0.10163
-0.20277,0.7349,0.58721,0.27201
-0.17312,-0.49624,-0.53921,0.65805
0.34989,0.60288,0.70631,-0.12344
0.046257,0.79488,-0.30899,0.52015
0.0294,-0.91657,-0.19429,-0.34827
0.030722,0.46958,-0.79892,-0.37455
0.29848,-0.35365,0.88278,-0.080954
-0.10505,-0.010228,-0.94376,0.31333
0.34154,-0.32508,-0.41937,0.77576
0.12867,-0.15184,0.97998,-0.0054935
-0.17024,-0.76305,0.62351,-0.0017696
0.36963,0.56377,0.73501,-0.072796
-0.43274,0.35541,-0.81393,0.15473
0.054954,0.75808,-0.64983,-0.0035019
-0.02266,-0.50541,0.70509,-0.49689
-0.055268,-0.41294,0.90162,-0.11621
0.29508,-0.57136,0.75739,-0.11332
0.30423,0.56353,-0.70261,-0.31019
0.27394,0.6309,-0.67735,-0.26099
-0.16819,0.64033,-0.73867,-0.12673
0.47693,-0.60346,0.62842,-0.11603
0.25895,-0.92751,0.10719,0.24734
-0.41476,0.49878,-0.7527,-0.11239
0.014676,-0.77323,0.5464,-0.32147
-0.37068,-0.71102,0.54615,0.24242
-0.11751,0.8503,0.2081,-0.46892
0.38188,-0.71063,0.47774,-0.34775
0.10519,-0.27086,-0.90379,0.31423
0.044625,-0.014855,0.97844,-0.2011
-0.047696,0.77607,-0.62747,-0.041433
-0.0064713,-0.89712,-0.14745,0.41639
-0.4068,-0.91149,-0.041553,0.044355
-0.24387,-0.40059,0.87349,-0.13067
0.34951,0.40461,0.82244,-0.19421
-0.40598,-0.88774,-0.18596,-0.11185
0.29576,-0.90038,0.068715,-0.31164
0.21132,-0.87444,-0.38447,0.20708
0.027419,-0.56197,0.82653,-0.01695
-0.17997,0.9653,0.071791,0.17507
-0.22004,-0.86166,0.38033,0.25391
0.018381,-0.11707,-0.95331,-0.27776
-0.08493,0.1182,0.57009,-0.80859
0.21204,-0.82218,-0.32046,0.41995
0.30233,-0.83559,0.45828,-0.019295
0.12756,-0.41279,0.88282,-0.1843
0.062554,-0.83133,0.53556,0.13472
-0.31034,-0.43509,-0.75335,-0.3832
0.47491,-0.85257,0.21292,0.047365
-0.18814,-0.024011,0.9805,0.051462
-0.17385,0.74675,-0.62188,-0.1594
0.3672,0.25926,0.83776,-0.31001
0.31251,-0.21402,0.90306,-0.20254
-0.093975,0.11031,0.96235,0.22996
0.12008,-0.95623,0.096275,-0.24887
-0.14478,-0.58596,0.69348,-0.39342
-0.33048,-0.22882,0.91127,-0.089503
0.35176,0.87809,0.21372,0.24404
0.14593,0.1166,-0.90637,0.37894
0.31008,0.89243,0.31591,0.087245
0.16134,-0.6335,-0.75596,-0.034206
0.080279,0.97658,-0.17158,-0.10198
0.35243,0.50323,-0.78453,-0.08408
0.26757,0.83089,0.36715,0.32129
0.15485,0.34066,-0.84012,-0.39264
0.3022,0.71218,-0.6216,0.1228
0.13303,0.55356,-0.80224,-0.17967
-0.19551,0.3734,-0.90278,-0.085612
-0.057705,0.95273,0.033721,0.29639
0.1821,0.39471,-0.90055,-0.0068691
-0.27402,0.94869,0.12938,-0.090348
-0.49585,0.78796,-0.364,0.027461
0.34499,0.92289,-0.0032341,0.17101
0.034273,-0.78453,-0.52236,0.33238
-0.35431,0.86379,-0.27812,0.22579
-0.15993,0.83109,0.52542,0.08743
-0.51487,0.69359,-0.45699,-0.21215
-0.029873,0.17817,-0.94708,-0.26533
0.042101,0.94917,0.3043,0.068569
0.067074,-0.97131,-0.18287,0.13644
0.022029,-0.938,-0.20385,-0.27948
0.23235,0.45017,-0.85457,-0.11432
0.13938,-0.62293,-0.72736,-0.25196
-0.38082,-0.25358,-0.83931,0.29366
0.25577,-0.54516,-0.78459,-0.14766
0.03839,0.9733,0.090074,-0.20759
-0.006832,-0.9694,-0.18886,-0.15671
-0.28667,0.15168,-0.91666,0.23354
-0.16596,-0.68607,-0.61199,0.3567
0.18326,0.25599,0.93353,-0.17148
-0.50473,0.77794,-0.33952,0.15744
-0.096148,0.42317,-0.87418,-0.21793
-0.034724,0.25969,0.96078,-0.09087
0.08643,0.66857,0.72111,-0.15981
-0.17344,-0.25169,-0.82594,-0.4737
-0.31873,0.66074,-0.63097,-0.2524
-0.055386,0.90688,-0.18485,-0.37461
0.10233,0.97184,-0.079389,-0.19686
-0.052348,-0.67093,-0.73714,-0.061188
-0.12893,0.78779,-0.587,0.13485
0.37491,0.31316,0.82948,-0.27081
0.073333,-0.45893,-0.88542,0.0061572
0.028425,-0.9568,0.27774,0.081154
0.083739,-0.35737,0.8119,-0.45396
0.002354,-0.19704,0.84311,0.50033
0.16513,0.91264,-0.36523,0.080146
-0.37642,0.055358,-0.9082,0.17442
-0.4023,-0.12781,-0.87414,0.24021
-0.34369,-0.83661,-0.4217,0.064207
-0.24556,-0.3239,-0.90052,-0.15441
0.17193,-0.84653,0.43858,-0.24793
-0.35319,0.28418,-0.85611,0.24814
-0.36506,-0.18709,-0.90206,0.13423
0.26262,0.44543,0.84569,-0.13201
0.10201,-0.18734,0.97492,-0.063518
-0.37002,0.74241,-0.55334,0.075605
-0.29618,0.56381,-0.75538,-0.15427
0.11136,-0.11097,-0.53432,0.83053
-0.5097,0.19812,0.48078,-0.68542
0.16921,-0.6122,0.70978,-0.30463
0.10599,-0.64237,0.66941,-0.3578
0.16107,-0.96336,-0.20327,0.068397
0.0652,-0.15763,0.98046,-0.097969
0.40515,-0.7926,0.41954,-0.17783
-0.037173,-0.8532,-0.49635,0.1559
0.28546,-0.44969,-0.84299,0.075175
-0.42823,0.89325,-0.1346,0.024543
0.042911,0.79301,-0.5644,0.22527
0.25608,-0.96207,0.016025,0.092645
0.086867,-0.38391,-0.91084,0.12426
-0.3524,-0.27568,-0.85363,0.26673
-0.046171,0.87184,0.45411,-0.1776
-0.36849,-0.9058,-0.20811,-0.020771
0.05193,-0.79631,0.37258,-0.4737
0.079152,0.93853,-0.32955,0.065534
0.1017,0.7086,0.67048,-0.19493
-0.24557,-0.33366,0.80804,0.41886
-0.185,-0.74197,-0.57883,0.2832
0.23904,0.383,0.88409,0.12067
-0.042904,0.96702,0.0050788,0.251
0.090119,-0.48911,0.83075,-0.25002
0.52234,-0.29191,-0.79936,0.054602
-0.30319,-0.030699,-0.92756,-0.21627
0.30287,-0.92846,0.21455,-0.013924
-0.26141,-0.69067,-0.66738,-0.096187
-0.28232,-0.38942,0.84739,-0.22488
0.24631,0.038805,0.95843,0.13868
-0.26304,0.89408,-0.36242,0.00863
-0.21217,-0.41247,0.84798,0.25646
0.18244,0.83907,0.51153,0.031723
0.0049321,-0.51093,-0.85789,0.054301
0.086999,0.29232,0.85951,0.41016
0.12852,-0.93686,0.32505,0.010352
0.25484,-0.83151,-0.39192,0.30008
-0.23222,-0.078808,-0.93125,0.2695
0.15985,0.94679,-0.14168,0.24075
0.3474,-0.91763,-0.00076352,-0.19306
-0.073434,-0.57083,-0.81715,-0.031943
0.27,0.90991,0.28145,0.14124
0.34918,-0.63624,0.66263,0.18491
0.0017682,0.44694,0.81554,0.36762
0.17136,0.66601,0.68041,0.25321
0.04066,-0.96917,-0.096317,0.22312
-0.016137,0.89766,-0.42607,0.11141
-0.076182,-0.013874,-0.97552,-0.20584
-0.40016,0.52613,-0.75034,-0.0064924
-0.057696,0.89075,-0.31578,0.32173
0.046381,0.93209,-0.25471,-0.25335
-0.034188,-0.90024,-0.23141,-0.36723
-0.10667,0.61194,-0.77319,-0.12777
-0.085022,-0.97908,0.18128,0.036159
-0.25805,0.78337,0.36802,-0.42931
0.28353,-0.88406,0.33984,0.15022
0.023226,0.88995,0.12233,-0.43873
-0.14851,-0.48076,0.76339,-0.40503
0.20006,-0.92302,-0.29435,-0.14621
-0.092026,-0.18318,0.94376,-0.25939
0.13513,0.92636,0.28142,-0.21073
-0.038866,0.872,0.21279,-0.43912
-0.00072909,0.41083,0.8612,0.29926
-0.41378,0.89208,-0.18011,0.023145
-0.27636,0.76692,-0.38116,0.4361
-0.13779,0.95991,0.23066,0.079918
-0.21308,0.62396,-0.68232,0.31578
0.51503,-0.84784,-0.12399,0.023347
0.14323,0.050716,-0.97707,0.14916
-0.18619,-0.23346,0.92193,-0.24673
0.13081,-0.90146,0.016633,0.4123
0.43401,0.89574,0.068428,-0.067867
0.19846,0.95615,-0.19892,0.082553
-0.18726,-0.76547,0.579,0.20916
-0.085375,0.096116,-0.92495,0.35769
0.0019858,0.66078,0.40695,-0.63068
-0.099262,0.82426,0.55228,0.075716
0.004729,-0.72757,0.67959,-0.093668
0.41508,-0.50855,0.74725,-0.10346
0.19794,0.83616,-0.38606,0.33559
-0.16846,0.83928,-0.49837,-0.13733
-0.0024318,-0.65097,-0.74299,-0.15555
-0.13394,0.24424,0.92582,0.25548
0.20224,0.87534,0.43418,0.066132
-0.30033,-0.76542,-0.48259,-0.30173
0.43795,0.81469,0.32707,0.19367
0.42751,-0.26941,0.82007,-0.26858
-0.30168,0.83406,0.34821,0.30346
0.56858,-0.40816,0.7036,-0.12277
0.45037,-0.8432,0.21667,0.19806
-0.088935,0.26704,0.90298,0.32466
0.055046,0.14202,0.98066,-0.1229
0.12785,0.53559,0.75684,0.35211
-0.38878,-0.90146,-0.19013,-0.0088573
-0.36332,-0.89289,0.21281,0.15956
0.37135,-0.17606,0.87566,-0.25361
0.13529,0.85266,-0.43829,0.25012
0.18029,0.76471,0.59529,-0.16838
0.022041,0.11805,0.99269,-0.012423
-0.26316,-0.82877,0.3996,-0.29017
-0.10615,0.90598,-0.17102,-0.37241
-0.3735,0.86053,-0.14311,-0.31544
0.059748,-0.69736,-0.69775,-0.15254
-0.19113,0.85715,-0.42076,0.22741
-0.236,0.45016,0.86111,0.01233
-0.21608,0.7319,-0.63382,0.12612
0.39841,0.8729,0.13334,0.24807
-0.021411,0.99714,-0.038541,0.061421
-0.18216,0.74622,0.63316,-0.095268
0.24548,-0.93791,-0.23226,0.078265
0.21192,-0.97328,-0.044528,0.07644
0.20135,-0.58444,0.78074,0.091253
-0.041849,0.53673,0.7975,0.27232
0.22878,0.1559,-0.93677,0.21407
0.34374,-0.79408,0.33696,-0.37112
0.31967,0.6957,0.54505,0.34166
-0.37231,0.90281,-0.025822,0.21365
0.17811,0.89328,0.34725,0.22305
-0.16601,-0.51156,0.79217,0.28848
0.38665,0.62506,-0.67299,-0.083014
0.39279,0.8855,0.11082,0.2221
-0.15294,-0.59684,-0.71578,0.32871
-0.19929,-0.76093,0.61234,-0.079386
-0.40632,0.89511,0.17732,0.047327
-0.27362,0.82651,-0.38748,0.30311
-0.20224,-0.61282,-0.75905,0.08603
0.0014916,-0.13223,0.97913,-0.15431
-0.074862,-0.41844,-0.88336,0.19741
-0.36349,0.87482,-0.13178,0.29188
-0.28088,0.72047,-0.62057,-0.13004
0.022192,-0.15362,0.94826,0.27696
-0.24659,0.92989,-0.1706,0.21307
0.0093512,0.66456,0.64559,-0.37613
-0.23799,0.94049,0.063897,-0.23401
-0.17555,0.53114,-0.77849,0.28466
-0.30611,0.69362,0.63861,0.13179
-0.30994,-0.86173,0.30278,-0.26398
-0.28352,0.54954,-0.7844,0.048485
-0.046161,-0.97281,0.0024155,0.22694
0.35633,-0.05067,-0.92915,0.084513
0.36968,0.32227,0.83335,-0.25496
-0.18539,-0.40417,-0.75455,-0.48263
-0.37123,0.59765,0.71061,-0.0058733
0.47326,-0.8268,0.29058,0.089412
-0.16441,-0.47472,0.76286,-0.40701
-0.29135,0.079635,-0.93844,0.16763
0.21771,-0.17033,-0.94283,0.18616
-0.032287,0.14176,0.96443,-0.22077
0.44585,-0.25199,0.85399,0.091752
0.26522,-0.021208,-0.95134,0.15546
0.51679,-0.64417,0.56138,-0.053204
0.25758,0.6395,-0.649,-0.3217
0.084896,0.63626,0.74517,-0.1808
0.10364,0.12364,-0.88282,-0.44114
0.27251,-0.13228,0.92701,0.22111
-0.23163,0.96814,-0.079457,-0.052309
-0.44852,0.029162,0.8932,0.013055
0.16922,0.23903,-0.90604,-0.30549
0.041293,-0.19407,0.90281,-0.38152
0.052889,-0.67776,-0.72073,0.1356
0.52596,-0.16932,0.82571,-0.11358
-0.098575,0.67999,-0.5368,0.48963
0.23101,-0.78357,0.54747,-0.18147
0.19284,-0.11391,-0.97074,-0.086596
-0.30906,-0.4126,0.81112,-0.27629
0.37613,-0.50251,0.76763,0.12945
0.012501,0.61123,0.77606,-0.15479
0.041875,-0.96368,-0.26269,-0.023618
-0.31331,0.27993,-0.89292,0.16177
0.56907,-0.4112,-0.37982,0.60234
0.031626,0.9242,-0.34758,0.15507
0.313,0.17227,0.84201,-0.4042
-0.15259,-0.75989,-0.62691,-0.079157
-0.062405,-0.781,0.51993,0.34032
0.27341,0.55378,0.67326,0.40656
-0.32937,0.80562,0.45258,0.19408
0.40223,0.40406,0.80765,-0.15049
0.11005,-0.72439,-0.62983,-0.25782
-0.35743,-0.64508,0.67279,-0.058927
-0.23567,-0.50773,0.71288,-0.42246
0.54703,-0.8215,-0.15998,0.017468
0.514,-0.68819,0.50481,0.085867
-0.046038,0.79105,-0.59084,0.15174
-0.081959,-0.17404,0.95282,0.23478
0.16079,0.14049,-0.92772,-0.30617
0.34677,0.92922,0.015495,-0.12677
0.079813,-0.85031,0.30511,-0.42132
0.27884,-0.09373,0.92379,0.24508
-0.21195,-0.61689,0.71013,-0.26503
0.039151,0.15436,-0.88914,0.42904
-0.41345,-0.86804,-0.178,-0.20949
-0.073233,-0.97149,-0.091541,-0.20607
-0.33745,0.93546,0.009556,-0.10463
-0.0024345,0.46814,0.83004,-0.3031
-0.25226,-0.69048,-0.65264,0.18349
0.31047,-0.94814,0.006224,-0.06782
0.30891,0.33872,-0.84893,-0.263
0.10059,0.98707,0.024383,-0.12239
0.042429,-0.74185,0.58491,0.32518
0.091251,0.9919,-0.056438,-0.068043
0.023632,0.94691,-0.29962,0.11412
0.13046,0.94842,0.21235,0.19591
-0.24423,0.21113,0.91904,0.22614
-0.0030657,-0.51831,-0.76511,0.38204
0.0073725,-0.69745,-0.70384,-0.13461
-0.13198,-0.94768,-0.019761,0.28998
0.18421,0.52762,0.72189,0.40812
0.08505,0.77997,-0.51804,-0.34065
0.42163,-0.85246,0.24128,0.19316
0.14567,-0.45056,0.88029,0.029575
0.040454,0.31921,-0.85832,0.3997
-0.15216,-0.89262,0.40147,0.13747
0.2043,0.88668,-0.37991,0.1665
-0.20489,0.86867,-0.19113,-0.40854
0.21367,-0.51888,0.82453,0.072517
0.15215,-0.89486,-0.038551,-0.41785
-0.31096,0.21375,-0.82248,0.4256
0.28438,0.55062,-0.78238,-0.061874
-0.080511,-0.18798,-0.90914,0.36283
-0.38405,0.86002,-0.33047,-0.060515
0.28216,-0.29356,0.89885,-0.16211
-0.4294,0.46382,-0.74045,0.22852
-0.3915,-0.31143,0.85833,-0.11403
-0.017032,-0.35812,-0.89699,0.2586
0.091276,0.33152,-0.92298,0.17285
-0.31988,0.68017,0.64819,0.12205
-0.43014,-0.88206,0.17937,0.069072
-0.3699,0.84978,0.32694,0.18485
-0.16431,0.20285,-0.92342,0.28131
0.11555,0.73158,-0.66565,0.09135
-0.31261,0.92405,-0.20334,0.083992
0.48044,-0.13756,0.85993,-0.10379
-0.047458,0.66837,-0.67545,-0.30788
0.40328,-0.069719,-0.86999,0.27498
0.26602,0.68551,-0.63251,0.24338
0.12296,0.38439,-0.91411,0.039028
0.084835,0.48042,0.87291,-0.0059529
0.10701,0.71543,-0.60329,0.33577
0.088452,-0.87672,-0.27998,-0.38099
-0.030771,0.4579,-0.88769,0.0373
0.37841,0.70677,-0.53605,-0.26443
0.025799,-0.98828,-0.035094,0.14631
-0.2258,-0.035631,0.91097,0.34334
0.11774,0.59426,-0.78172,-0.14802
0.10955,-0.65439,0.59439,-0.45439
0.077537,0.20316,0.85907,0.46337
-0.065502,0.18252,0.56812,-0.79977
0.03911,-0.30631,0.95086,-0.02233
-0.16011,0.81948,-0.54648,-0.064634
0.31887,0.41784,-0.79696,0.29765
-0.0027865,-0.90824,0.1166,-0.40186
0.11819,-0.92023,0.12862,-0.35023
-0.1713,-0.62768,0.65397,-0.386
-0.21249,0.92839,0.13295,0.27436
0.048468,0.18168,0.90071,0.39162
-0.37554,0.582,-0.68148,0.23629
-0.33263,-0.91868,0.20627,0.053237
0.37182,0.81984,-0.43488,-0.022014
-0.056385,0.98732,-0.14728,-0.01836
0.2905,-0.099732,0.93073,-0.1985
-0.10451,0.77194,-0.44932,0.43738
0.223,-0.45045,0.84322,-0.19068
-0.047284,-0.87768,0.46944,0.084043
0.18085,-0.97305,0.14148,0.02107
0.13417,0.17944,-0.97137,-0.079003
-0.34118,0.66947,-0.6416,-0.15414
-0.029121,0.59062,-0.74313,0.31318
-0.30718,0.77822,-0.46706,-0.28613
-0.26398,0.20885,-0.9274,0.16317
0.17536,0.53658,0.75517,-0.33325
-0.2525,0.80852,-0.43716,0.30238
-0.25198,-0.82579,0.49719,-0.085904
0.12621,-0.98493,0.015031,-0.11729
-0.3164,0.71342,0.62524,-0.001946
-0.18109,-0.77899,-0.4692,0.37447
0.43572,-0.76002,0.42676,-0.2245
0.1444,-0.94047,0.19227,0.2402
-0.16456,0.75891,-0.56626,0.27626
-0.08178,0.54518,0.80098,-0.2335
-0.18713,-0.76898,-0.58457,0.17867
-0.14081,-0.71939,0.63538,-0.2428
0.27395,-0.88998,-0.1848,0.31422
0.16554,0.51692,-0.8304,0.12578
0.048274,-0.56092,-0.82557,0.038353
-0.14442,0.254,0.93184,-0.21517
-0.028587,-0.33761,0.87319,0.35034
0.30146,-0.078063,-0.94263,-0.12033
0.35344,0.70998,0.57603,0.19797
-0.28328,0.88924,0.27822,-0.22718
-0.2493,-0.80533,0.43597,0.315
0.0010508,0.27865,0.90047,0.33391
0.041676,-0.55833,0.82178,0.10582
0.030662,0.97898,-0.082927,-0.18377
0.19458,-0.843,0.48129,-0.14091
0.38352,0.79712,-0.4231,-0.19623
-0.27161,-0.68951,-0.57335,0.34938
-0.20038,0.91592,0.19214,0.28987
-0.090758,0.1988,0.87088,0.44024
-0.01895,-0.81236,0.38057,-0.44145
-0.35962,-0.5331,-0.75046,0.1526
-0.0085958,0.10204,0.95922,0.26345
-0.49467,-0.85756,-0.067769,-0.12371
-0.29681,0.35097,0.51678,-0.72227
-0.04174,0.18256,0.97603,0.11087
0.38373,-0.66959,-0.62748,-0.10327
0.19043,-0.67459,-0.59056,0.39987
0.13864,0.25956,-0.86684,-0.40248
0.20067,0.073919,-0.97158,0.10145
-0.25967,0.3847,-0.87231,-0.15379
-0.11975,-0.17001,0.90254,-0.37707
-0.020081,0.3681,-0.92881,0.037658
-0.36413,0.35592,-0.86064,0.0057869
0.015768,-0.069464,0.83375,0.54753
0.0068769,0.7862,0.61794,0.0010599
-0.27593,-0.86007,-0.41315,0.116
-0.27938,-0.95341,0.11116,0.024703
0.18342,0.032774,-0.96801,-0.16804
0.24099,-0.66329,0.70244,-0.092435
0.017734,-0.3729,-0.91429,0.15718
-0.34795,0.62511,-0.66721,-0.20737
-0.36947,-0.88895,-0.27043,-0.011685
-0.097359,-0.58719,0.69501,0.40334
-0.3905,0.8324,0.39206,-0.030019
0.16267,-0.7315,-0.61335,0.24952
-0.3398,-0.50095,-0.74933,0.2685
0.077728,0.65969,-0.5852,0.46509
-0.21244,0.48618,0.83975,0.11539
0.23853,-0.88549,-0.2091,0.33954
-0.19795,-0.90919,0.33141,-0.15605
0.28045,-0.94716,0.010723,-0.15531
0.2208,0.83049,0.50827,0.056523
0.0067142,0.81164,-0.58387,-0.017229
-0.023767,0.32772,0.89665,0.29675
-0.024741,0.090553,0.84128,0.53239
0.00057745,0.9332,-0.00041497,0.35936
0.086536,0.90578,-0.40402,0.094095
-0.21193,-0.40568,-0.84968,0.26181
0.38288,-0.68933,0.61454,-0.023952
0.43487,-0.87135,-0.011478,0.22694
-0.34667,-0.55429,-0.6672,-0.35697
-0.37038,0.86277,-0.34295,-0.028814
0.24642,-0.91701,-0.028534,0.31234
-0.10041,0.95397,0.095352,0.26603
0.40821,-0.84044,0.21539,-0.28395
-0.082628,-0.8067,-0.46424,-0.35622
-0.3993,0.89573,-0.17674,0.083625
-0.30095,-0.047777,0.92432,-0.22972
-0.1045,-0.80947,-0.49571,0.29683
0.10165,0.57549,-0.81142,0.0080915
-0.26856,-0.43722,-0.8573,-0.041783
-0.081369,-0.97521,0.024836,-0.20428
-0.067877,0.34381,-0.90052,0.25739
-0.26353,-0.88094,0.39307,-0.0013242
0.3443,-0.35575,0.81139,-0.31071
0.10532,-0.72695,-0.67108,0.10047
0.18626,-0.88382,0.41236,-0.11886
-0.078401,0.52484,0.7852,-0.31915
-0.19887,-0.5067,-0.83346,-0.095161
-0.14134,0.10807,-0.98047,-0.083785
0.36533,0.21979,-0.89852,0.10438
-0.31814,-0.93013,0.16454,0.081062
-0.30297,-0.11537,-0.93694,-0.13055
0.41741,-0.90559,-0.028611,0.069648
0.20656,0.017443,0.92323,-0.32353
-0.095173,0.92789,-0.3523,0.076514
-0.062114,0.036927,-0.89104,-0.44814
0.16725,0.54886,-0.70438,0.41789
-0.30471,-0.086203,0.94557,-0.074933
0.19898,-0.80119,0.56043,-0.066463
0.070131,0.32969,-0.83264,-0.43943
-0.24,-0.95157,0.15856,0.10848
0.182,0.44501,-0.87526,0.052649
0.1126,-0.69104,-0.55312,0.45148
-0.28757,-0.11749,0.91227,-0.26694
0.45462,-0.62711,0.6118,-0.16048
-0.030483,-0.65814,0.70504,0.26237
0.032606,-0.23805,-0.91491,0.32437
-0.29854,0.31553,-0.85956,0.2692
0.081684,-0.83843,-0.44494,0.30394
0.32494,0.77678,-0.53522,0.067592
-0.17954,0.83343,0.21725,-0.47535
0.22108,-0.69546,0.63061,-0.26418
0.0030763,0.10954,-0.96837,-0.22415
-0.050723,-0.15781,0.83841,0.51921
-0.11736,0.75909,-0.60289,0.21573
0.044741,0.32833,0.91136,0.24416
-0.034928,0.88417,-0.33742,0.32119
-0.21905,0.89056,0.39864,0.0036848
0.30169,-0.91031,0.09772,0.26601
0.22218,-0.96842,0.024178,0.11048
-0.38942,-0.017838,0.9161,0.093835
-0.061523,0.19798,-0.97498,-0.080221
0.4027,0.76184,-0.43252,-0.26524
0.15112,-0.84965,-0.50091,0.065944
-0.011548,-0.31188,-0.43993,0.84206
-0.027287,0.85532,0.51595,-0.038408
0.19512,-0.4889,-0.84137,0.12249
0.22348,0.50903,0.57412,-0.6011
0.08089,-0.76845,0.63296,-0.047983
0.03862,-0.94254,-0.028513,0.33063
0.40847,-0.11053,0.8519,-0.30855
-0.1514,-0.87927,-0.41436,0.17963
-0.089805,0.51139,-0.81805,-0.2474
0.42033,0.82778,-0.31453,-0.19793
0.17825,0.34732,0.88299,-0.26063
0.21092,-0.89134,-0.38345,0.11827
0.053407,-0.44179,-0.89315,-0.065184
-0.022863,-0.34073,-0.92784,0.15001
-0.07072,-0.10615,-0.98088,-0.14696
-0.19973,-0.25505,0.88038,0.34641
-0.12289,-0.1727,-0.90745,0.36278
0.28931,0.31003,-0.90234,0.077217
-0.11918,-0.89427,-0.32315,0.28574
-0.45225,0.48267,-0.717,0.22003
-0.083602,-0.87435,0.29038,-0.37974
-0.019147,0.74985,0.58339,-0.31148
-0.22914,-0.20858,-0.8755,0.3708
0.18957,-0.89087,0.41278,0.0043087
0.22872,-0.092503,0.92562,-0.28698
-0.14717,-0.97957,-0.032882,-0.13307
0.4579,-0.83372,0.29709,-0.083472
0.30487,-0.066466,-0.94972,0.025835
-0.40157,0.53585,-0.72856,0.14424
-0.26261,0.62895,0.70618,-0.19175
0.46486,-0.2593,0.84521,0.047894
0.11191,-0.8082,0.57577,-0.052669
0.22664,-0.57261,0.71654,-0.32758
-0.22129,-0.13301,0.93742,0.23365
-0.48709,0.27887,-0.80751,0.18137
-0.16087,-0.78636,0.35322,-0.48062
-0.23091,-0.7287,-0.59179,0.25585
-0.3134,0.52431,0.79162,0.014584
0.052875,-0.91474,-0.39951,0.028969
0.24685,0.9522,-0.16855,0.063003
-0.038963,0.82625,0.50813,-0.24001
0.30892,-0.60735,0.7081,-0.18516
0.030768,-0.20896,-0.95326,0.21608
-0.13867,-0.0032478,-0.87241,-0.46868
-0.28,-0.39205,0.75579,0.44348
-0.29597,0.76188,0.52294,0.24181
-0.38588,-0.86178,-0.23864,-0.2269
-0.020162,0.5383,-0.72218,0.4339
-0.085701,0.23763,-0.9511,-0.17773
0.34938,0.41186,0.78166,-0.31194
-0.27801,-0.10148,-0.94328,-0.15044
-0.040805,-0.96511,0.019998,0.25789
-0.27235,0.95908,0.015727,-0.075844
0.46908,-0.46979,-0.47491,0.57769
-0.21981,0.25837,0.93889,-0.058408
-0.20237,-0.57151,-0.76328,0.22322
0.2852,0.52982,-0.79348,-0.09131
-0.086317,-0.59673,-0.78486,0.143
0.23727,-0.92722,-0.26429,-0.11882
-0.1925,0.93781,-0.15493,-0.24384
-0.045606,-0.97329,-0.19237,-0.11671
0.0060733,0.96254,-0.03339,-0.26903
-0.035791,0.91258,-0.047262,-0.40457
-0.027291,0.15562,0.92376,-0.34886
0.13514,-0.54589,0.82047,-0.10276
0.58011,-0.20338,-0.78654,0.058905
-0.12914,-0.7386,0.57834,-0.32144
-0.011104,0.39132,0.83733,0.38162
0.31524,0.64349,0.6912,-0.093736
0.11839,-0.94326,0.2552,0.17639
-0.106,0.69578,0.70467,0.090024
-0.11111,-0.10747,-0.92138,-0.3566
0.10124,-0.97421,0.11757,0.16383
-0.33014,-0.66322,-0.63685,-0.21346
0.071796,-0.83955,0.105,-0.52818
0.06502,-0.089632,0.99196,-0.061224
-0.049335,-0.1242,-0.96066,0.24344
-0.099337,0.89462,-0.070962,0.42984
0.069017,-0.7366,0.49237,-0.45851
-0.033113,0.81163,0.48238,-0.32782
0.15155,-0.88655,0.18943,-0.39392
0.055917,0.76763,0.50002,-0.39699
0.1722,-0.13382,-0.93457,0.28111
0.095258,-0.12856,-0.98696,0.017454
-0.29399,0.78611,0.50794,0.19391
0.39742,-0.10452,0.91166,-0.001243
-0.023378,0.82916,-0.45949,-0.3175
0.077737,-0.038843,0.89984,0.42748
0.085644,-0.32255,-0.83825,-0.43124
-0.089578,-0.69725,0.54648,-0.45516
0.30218,-0.91493,0.16244,0.21262
-0.23562,0.96861,-0.060958,-0.050528
-0.045046,-0.62704,-0.67078,0.39351
0.21556,-0.95682,0.076593,0.17933
-0.34906,-0.63079,0.68325,0.11592
-0.27497,-0.358,0.79506,-0.40511
-0.074198,0.69361,0.54879,-0.46068
0.09716,-0.079869,-0.98116,-0.14665
-0.02469,-0.93794,0.34438,0.032522
-0.1398,-0.85309,0.34778,-0.36296
0.31607,-0.22229,-0.90404,-0.18276
0.27595,0.6696,0.68452,0.083166
-0.15362,0.92152,-0.31418,-0.16879
0.47355,-0.098773,-0.87498,0.020177
0.095151,0.57341,0.77253,0.25563
0.32307,0.89706,-0.21743,-0.20887
0.42634,-0.51625,0.70307,-0.23964
-0.27143,0.94797,-0.050245,0.15861
-0.20799,0.94829,0.10182,-0.21705
-0.11236,-0.054492,0.97388,-0.18963
-0.31164,-0.56748,-0.75058,0.13218
0.35433,-0.5768,-0.73549,0.028402
0.44993,-0.82123,0.27564,-0.21717
-0.11359,-0.51944,0.80207,-0.27197
-0.10584,0.32327,-0.90564,-0.25318
-0.36678,0.8513,-0.19052,0.32322
0.092698,0.22007,-0.88318,0.40369
-0.17079,0.10092,0.94727,-0.25166
0.2144,-0.42102,0.87678,-0.089615
-0.31354,0.19995,-0.92072,0.11828
-0.11305,0.67251,0.70229,0.20429
0.11067,-0.010278,-0.90682,0.40661
-0.14513,0.61092,-0.73063,0.26814
0.36469,0.87447,0.19424,0.25412
0.37642,0.76937,-0.41887,-0.30153
0.25779,0.67112,0.58976,0.36788
0.14329,-0.56028,-0.81528,-0.029538
0.31753,-0.92827,-0.096127,-0.1681
-0.24071,0.56014,0.75979,-0.22587
-0.27145,0.23723,-0.88523,0.29393
0.072114,-0.061589,-0.9355,0.34037
-0.24342,0.25702,-0.88395,0.30549
-0.0061517,-0.03053,0.99007,0.13709
-0.16767,0.95846,0.10568,-0.20514
0.17028,0.61887,0.72217,0.25783
0.19936,0.94564,-0.25561,-0.026312
-0.21029,-0.91251,0.26598,-0.2288
0.018359,0.4914,-0.85622,-0.15835
-0.1381,0.58222,0.79391,-0.10799
0.35932,-0.92176,-0.14346,0.025752
0.087307,-0.88378,-0.23137,0.39721
0.21299,0.065792,-0.97044,0.092466
0.43132,-0.53663,0.70478,0.17111
-0.16225,-0.59332,-0.67595,0.40587
-0.41658,0.87038,-0.23253,-0.12177
-0.054669,0.7383,-0.67224,0.0043433
0.17482,-0.87063,0.3638,0.28123
0.37184,0.71686,-0.56493,-0.16938
-0.19754,-0.96664,0.014908,0.16237
0.10005,0.49557,0.77064,-0.38797
-0.26598,0.8005,-0.4789,-0.24313
0.10733,-0.95413,-0.25698,-0.10994
-0.1543,-0.65431,-0.72571,-0.14633
-0.21946,0.94235,-0.2489,0.043176
-0.063333,-0.99361,-0.0075369,0.093138
-0.020855,0.82074,0.56782,-0.05942
-0.072421,0.61856,-0.64848,0.43774
0.43896,0.74227,0.45171,0.22872
0.01748,-0.43734,0.85504,0.27809
0.057138,0.030273,0.86798,0.49238
-0.15511,-0.11813,0.95766,0.21181
-0.21914,0.94077,0.077389,-0.24687
-0.41073,0.87465,-0.087843,-0.24201
-0.38725,0.37173,0.84321,0.029128
0.54241,-0.37606,0.73594,-0.15086
0.070151,-0.59795,0.74258,-0.29346
0.3348,-0.70468,-0.62429,-0.039945
0.11779,-0.31187,0.92812,-0.16573
0.16094,-0.49738,-0.82199,0.22591
0.31794,0.56016,-0.6892,-0.33186
0.24755,-0.61966,-0.7445,-0.021493
-0.4767,0.42889,-0.7534,0.14562
0.16078,-0.68942,0.5632,-0.42621
0.39369,-0.87667,0.094388,0.25992
0.34579,0.61896,0.69816,0.099465
0.54825,-0.22979,-0.80413,0.00072448
0.1724,-0.85536,-0.47684,-0.10613
0.44293,-0.88846,0.084455,-0.085557
-0.017206,-0.87973,0.47309,-0.044324
0.29212,0.94142,0.10863,-0.12883
0.35209,0.61874,-0.70227,-0.0029103
-0.0094457,-0.98308,-0.068988,0.1694
-0.18215,0.35585,-0.83576,0.37643
-0.17782,0.86074,-0.31597,0.35732
-0.094721,-0.86682,-0.46077,0.16535
-0.51148,0.27925,-0.79868,0.15006
0.067467,-0.38608,-0.91362,0.10811
-0.36378,-0.032306,0.92926,0.055646
-0.21165,-0.30334,0.92644,-0.069926
0.26633,0.59393,-0.75109,-0.11035
0.3577,0.74379,-0.56367,0.033148
-0.082466,0.69953,-0.70896,-0.035164
-0.10093,0.87059,0.48028,0.034898
-0.30248,0.25349,-0.80995,0.43386
-0.099141,-0.86519,-0.43699,-0.22508
-0.21068,0.89668,-0.13353,-0.36571
0.26449,-0.80597,-0.52828,-0.037105
-0.067214,-0.79509,-0.58563,0.14267
0.31138,0.79614,-0.51881,0.0068073
-0.15134,-0.023329,-0.89829,0.41186
0.43547,-0.88918,-0.085151,0.11166
-0.25647,0.90831,0.28444,0.16816
0.067098,0.55604,0.80202,0.20754
-0.22896,-0.85089,0.4203,-0.21661
-0.31203,-0.1147,-0.94252,-0.033853
0.078428,0.86489,-0.099625,0.48568
0.27593,-0.72153,-0.55624,0.30636
-0.15435,0.90404,0.39807,-0.020586
-0.020952,-0.55469,-0.72827,0.40189
0.1051,-0.22111,-0.89944,-0.36204
0.23442,-0.962,-0.11993,-0.072297
0.12812,0.76655,0.57057,0.2654
-0.31584,-0.59487,0.68025,0.28919
0.39278,0.82169,0.3796,0.16265
0.33472,0.6024,-0.70869,0.15113
-0.30736,0.84301,0.36025,-0.25514
0.23826,-0.0090462,-0.9704,0.038374
-0.099396,-0.60258,-0.48564,0.62544
-0.074359,-0.65122,-0.75382,0.046305
0.015255,-0.98367,-0.17911,0.0091122
0.33437,0.68597,-0.61922,-0.18495
0.24176,0.74679,0.61083,0.10363
0.07448,0.066451,-0.82532,-0.55577
-0.08117,0.76511,-0.63611,0.058203
0.5422,-0.16994,-0.82052,0.06242
0.352,0.58382,0.67935,-0.27154
0.17946,0.084695,-0.97944,-0.036261
-0.0525,-0.90883,0.40871,-0.06506
-0.46311,0.45534,0.75958,-0.035016
-0.19974,-0.61005,0.76562,0.0421
0.13747,-0.90781,0.26766,0.29214
0.23359,0.63286,0.71591,-0.17999
-0.30125,0.73683,0.60314,-0.05053
0.27274,-0.87288,-0.36756,0.16912
-0.098551,-0.90336,0.35726,-0.21586
-0.33749,0.9396,0.042365,0.038054
-0.37508,-0.34053,-0.86199,0.018406
0.3405,0.48696,0.78358,-0.18149
-0.30357,0.51354,-0.80172,0.03696
-0.25713,-0.73102,0.63185,-0.016288
-0.16291,-0.94801,-0.051713,0.26845
0.37016,-0.75084,0.43349,0.33363
0.035027,-0.34002,-0.92227,0.18049
0.0076534,0.97395,-0.11411,-0.19582
-0.19133,-0.96245,-0.17909,0.070791
0.40524,-0.90149,0.058166,-0.14042
0.47683,-0.071951,0.87546,-0.032091
-0.16783,-0.97056,-0.1162,0.12784
-0.044676,0.56671,0.74749,-0.34367
-0.44474,-0.8394,-0.23509,-0.20577
0.009379,0.15693,-0.94366,0.2912
-0.12853,-0.96802,-0.10059,0.19051
-0.36439,-0.88255,0.19393,-0.22518
-0.18104,-0.51747,-0.80225,0.23629
-0.27923,0.73837,-0.53207,0.30619
0.22972,-0.078328,-0.94816,0.20512
0.33815,-0.21315,0.91623,0.0273
0.4926,0.029715,-0.83319,0.24949
0.32303,-0.11724,0.85192,-0.39515
0.19501,0.88821,-0.25062,0.33204
0.43337,-0.10107,-0.86173,0.2437
0.14418,0.9568,0.041455,-0.24907
0.18209,0.52594,0.813,0.17104
-0.31402,-0.69114,0.64351,0.09804
-0.02861,0.99458,-0.079009,-0.061313
0.37934,-0.81573,0.28926,-0.32713
0.0008964,-0.92765,-0.36917,0.056418
0.22976,0.60551,0.76054,0.046238
0.017273,0.13192,0.94655,0.29386
-0.077812,-0.82625,0.35389,-0.4313
-0.20269,-0.79683,0.5382,-0.18526
-0.12519,0.7213,-0.62913,-0.26124
-0.069691,-0.94915,-0.023265,-0.30612
-0.29247,0.80161,-0.51806,0.059155
0.21364,0.14112,0.93977,-0.22645
0.22647,0.46027,-0.76148,-0.39624
-0.3516,0.80456,-0.43091,0.20827
-0.19421,-0.60773,-0.72448,0.2609
0.51884,-0.26424,-0.80728,0.096336
-0.030833,0.26966,0.94935,0.15831
0.41964,-0.21624,0.87645,0.094752
0.00090413,0.50024,0.85314,0.14802
0.15369,0.28969,-0.82746,0.45582
-0.31482,0.59236,0.72525,0.15493
0.27343,-0.93463,0.058054,-0.21984
-0.007684,0.7619,0.64709,-0.026791
-0.078489,-0.10677,0.87652,0.46276
0.063597,0.87679,0.45232,-0.15033
0.042267,-0.25182,-0.96078,-0.10816
0.19715,0.37369,0.89395,-0.14945
-0.1447,0.75562,-0.60988,-0.19015
-0.44123,0.5308,-0.72142,0.055833
-0.46287,0.31741,-0.82748,-0.017005
-0.59715,0.36377,-0.71331,-0.04777
-0.22079,-0.67615,-0.59175,-0.37935
0.12571,-0.95407,-0.27194,0.0011229
-0.31284,0.74294,-0.58946,0.052064
