1,0.93935394287109,1.0614078505e-08,1.0917190707005e-08,-0.34294927120209
2,0.91088855266571,5.1143295820566e-08,-1.1163983515416e-07,0.41265243291855
3,0.89563578367233,-5.1665756117814e-09,2.526927112001e-09,0.44478824734688
4,0.78274089097977,-8.1251849692876e-09,1.1528396015592e-08,-0.62234771251678
5,0.19070507586002,-0.1906863451004,-0.6808739900589,0.68094122409821
6,0.58787202835083,6.3641451220064e-08,-1.6887592835246e-07,-0.80895400047302
7,0.96858441829681,9.9833643574243e-09,-9.166330805499e-09,0.24868512153625
8,0.96717649698257,1.2902937385206e-07,-7.3710360481982e-08,0.25410559773445
9,-0.092094093561172,3.2510206438019e-07,4.880511284e-08,0.9957503080368
10,0.057196799665689,-0.057191420346498,-0.70475846529007,0.7048214673996
11,0.14683695137501,-3.5077800220051e-08,-8.9698346528166e-08,0.98916071653366
12,0.59859073162079,1.3396090992046e-07,-2.003334316214e-07,0.80105501413345
13,0.96726185083389,-1.9539903917121e-07,2.1547148776335e-07,-0.25378039479256
14,-0.47666144371033,-1.6849543982289e-08,-8.3442124321209e-09,0.87908697128296
15,0.66111350059509,-3.1784670451174e-09,-2.0865554617444e-08,0.75028592348099
16,-0.11567781865597,-2.1370045732994e-09,-1.2242580282873e-08,0.99328678846359
17,0.77125233411789,-6.9110463130073e-08,-6.5564201179313e-08,-0.63652950525284
18,0.89097654819489,1.3346702409933e-08,-1.1613712658232e-08,-0.4540493786335
19,0.16525442898273,-2.0034844894212e-08,5.0147246355436e-09,0.98625099658966
20,0.6172690987587,-0.61720752716064,-0.34497117996216,0.34500548243523
21,0.85178220272064,-4.5953054694792e-09,-6.3640608338744e-09,-0.5238960981369
22,0.98373705148697,1.4895094047063e-08,1.5192586744206e-08,0.17961484193802
23,0.90910989046097,3.9432907783521e-07,-9.0641736960606e-07,0.4165563583374
24,0.99345278739929,9.0362267668453e-10,-3.0520757032804e-09,-0.1142433732748
25,0.98108810186386,-1.50543080224e-08,7.932319689985e-09,-0.19356180727482
26,0.85870426893234,-1.9175214749367e-09,-4.1412056006607e-09,-0.51247143745422
27,0.95982050895691,1.4030838713097e-07,1.2719303299491e-07,-0.28061479330063
28,0.87849223613739,-5.751716436464e-09,-9.9050678770141e-09,-0.47775673866272
29,0.82619309425354,-2.4699060574562e-09,9.1637186727667e-09,0.56338703632355
30,0.56499850749969,1.317634996667e-07,-2.5768780886892e-08,0.82509189844131
31,0.98092645406723,2.6416893561532e-08,-9.6541459271293e-09,0.19437934458256
32,0.33818885684013,-2.3632480861124e-08,1.34621735981e-08,0.9410782456398
33,0.0020395242609084,1.1974909952528e-08,-1.3537174936573e-08,0.99999791383743
34,0.74537122249603,1.4785245028293e-08,1.0711536546637e-08,0.66664963960648
35,0.63697052001953,-0.63690745830536,-0.30708205699921,0.30711245536804
36,0.5254510641098,-6.8457453039628e-09,-1.7576386568408e-08,0.85082387924194
37,0.74724501371384,9.6178602859709e-08,4.609635695374e-08,0.66454863548279
38,0.16320963203907,-0.37107801437378,0.60191458463669,0.68801349401474
39,0.80999881029129,8.5930187410099e-09,-7.9261708307854e-09,0.58643162250519
40,0.12704493105412,-0.12703248858452,-0.69556748867035,0.69563513994217
41,0.40302786231041,-0.40298801660538,-0.58099162578583,0.5810489654541
42,0.98819863796234,6.0711293770055e-09,-1.1494570628656e-08,0.15317779779434
43,0.91985648870468,-1.1200208760442e-08,-1.8114633348887e-08,0.39225509762764
44,0.77749001979828,-1.1294704904685e-07,-1.746585631679e-08,-0.62889522314072
45,0.68164390325546,0.61497277021408,-0.34901010990143,0.18804790079594
46,0.94778203964233,2.3433912588189e-08,1.3524545039445e-08,-0.31891876459122
47,0.99756270647049,8.9126800162376e-08,4.0453794980522e-08,0.069775432348251
48,0.27044409513474,3.4959157346748e-07,-1.2170580987458e-07,0.96273571252823
49,0.88403314352036,6.2432303771232e-09,1.0419358709157e-08,-0.46742430329323
50,0.59690284729004,2.5338330544855e-08,-1.648297498491e-08,-0.80231356620789
51,0.64988684654236,2.534548793065e-09,2.6258495378073e-09,0.76003104448318
52,0.41287994384766,1.1492672591373e-08,-5.5818691890863e-09,0.91078543663025
53,0.50246238708496,3.9794080919364e-08,-6.8305752165543e-08,-0.86459910869598
54,-0.13656638562679,1.5564483035746e-08,6.7204712905777e-09,0.99063092470169
55,0.9117836356163,-1.1490767448663e-08,-1.7134848206979e-08,0.41067093610764
56,0.51127052307129,5.0787059535651e-07,-6.0272832058672e-08,-0.85941988229752
57,0.90628612041473,-4.7131107905329e-09,-1.2556911066497e-08,-0.42266473174095
58,0.61763656139374,-0.61757546663284,0.34431254863739,-0.34434646368027
59,0.90540224313736,-3.136170434459e-08,-1.2894259882046e-08,0.4245548248291
60,0.98789137601852,1.8655029521142e-08,-1.0594840560429e-08,0.15514729917049
61,-0.48831480741501,-2.2744982786094e-08,9.6728591802986e-10,0.87266761064529
62,0.94478660821915,-4.106746018806e-07,-2.5477572762611e-06,0.32768625020981
63,-0.42445650696754,3.6564622440949e-09,-6.2262417444003e-10,0.90544831752777
64,-0.35386523604393,4.6282110588436e-08,-9.903860131999e-08,0.93529641628265
65,0.80865234136581,-2.1719618104044e-08,-2.4447036395259e-08,0.58828681707382
66,0.66850340366364,0.63565731048584,-0.30974125862122,0.23044168949127
67,0.90437638759613,3.1588932358773e-08,-1.913422522648e-07,-0.42673572897911
68,-0.13735309243202,-2.7101020094733e-08,-4.8497663662772e-09,0.99052214622498
69,0.92517721652985,-2.4265568754345e-07,-1.0260972516107e-08,-0.37953543663025
70,0.40953531861305,-0.11800128221512,0.6971914768219,0.57643783092499
71,0.16636671125889,-3.4020686712211e-07,-1.3334677362309e-07,0.98606395721436
72,0.57325661182404,-6.781457173588e-09,-8.7515417135364e-08,-0.819375872612
73,0.99130511283875,1.7180514788606e-08,-1.0851327836292e-08,0.13158376514912
74,0.47868469357491,-1.2132916538121e-07,4.9026009918407e-08,0.87798690795898
75,0.58931303024292,1.0303099173825e-07,-4.987853685634e-08,0.80790483951569
76,0.8250697851181,-6.1090634773109e-09,3.8763259269103e-09,-0.56503087282181
77,-3.7209744618849e-08,0.97879147529602,0.2048592120409,3.8107588196112e-09
78,0.9182288646698,-1.6777727296358e-07,4.1980374021477e-07,-0.39605030417442
79,0.74699628353119,9.3412452883967e-08,-5.8659477275569e-08,-0.66482824087143
80,-0.15311607718468,-8.0286302051036e-09,-1.8737593698859e-09,0.98820823431015
81,0.6744726896286,1.9761678515806e-07,-2.3801777615517e-07,0.73829978704453
82,0.18694591522217,-3.8218641407184e-07,2.1004916561651e-07,0.98237019777298
83,0.98885065317154,7.1704533866068e-08,1.5208657089261e-07,0.14891059696674
84,0.17470464110374,-0.17468738555908,-0.68515330553055,0.68522077798843
85,0.95543503761292,2.2751603268034e-08,-1.7462749468677e-08,0.29520148038864
86,0.56125468015671,5.3213291550946e-09,4.1376249093616e-09,0.82764315605164
87,-0.46577906608582,1.0775889514036e-08,4.2790688326022e-08,0.88490104675293
88,-0.17958697676659,-2.9840589377272e-07,1.246381771125e-06,0.98374211788177
89,0.84765875339508,-1.1265295363216e-09,4.1148493501453e-09,0.53054183721542
90,0.73116582632065,1.6437080319065e-07,-2.2273098920778e-07,0.68219977617264
91,0.70228290557861,-0.70221322774887,-0.08274631947279,0.082754507660866
92,0.97170704603195,9.4707388598181e-09,1.2172797880794e-08,-0.23618939518929
93,0.058044396340847,-3.0304390108427e-09,1.7682699748889e-09,0.99831402301788
94,0.70582222938538,2.0170720915758e-07,-1.2560427364861e-08,-0.70838904380798
95,0.99619394540787,1.1591907433939e-09,4.7688684112757e-09,-0.0871646925807
96,0.931505382061,3.4516966707088e-07,-8.1253148209726e-07,-0.3637275993824
97,0.98800188302994,-1.67958749131e-08,3.3761304862878e-10,-0.15444187819958
98,0.73266857862473,1.1890842088746e-08,1.5932396735252e-08,0.68058562278748
99,0.90327835083008,-1.2462188614393e-08,-9.0408338593306e-09,0.42905500531197
100,0.59337872266769,-5.8918754319848e-08,4.3192507348522e-09,0.80492341518402
101,0.75785386562347,1.3092185113805e-09,4.7676098624549e-09,0.65242433547974
102,0.83167362213135,-7.7261779196647e-09,-1.9216166435854e-08,0.55526477098465
103,0.67928755283356,-0.67922115325928,-0.19649370014668,0.19651308655739
104,0.45158430933952,7.9155180188195e-09,-1.2681886651933e-09,0.89222848415375
105,-0.19509524106979,1.039695440852e-08,-1.4725253549841e-07,0.98078429698944
106,-0.22680415213108,9.3494116981674e-07,5.1054246341664e-07,0.97394043207169
107,0.63846051692963,1.5545424503216e-08,-4.9643582578085e-09,-0.76965463161469
108,0.99998325109482,-1.2218637213124e-09,1.0434993313879e-08,0.0057874619960785
109,0.061241146177053,2.1992923038283e-08,-1.4991114127838e-08,0.99812299013138
110,0.99996870756149,2.1012790796249e-07,2.4599103198852e-07,0.007912402972579
111,0.089589968323708,-4.3577188080235e-08,-4.9491433173898e-07,0.99597877264023
112,0.88580358028412,-2.1014466611291e-08,-4.5068691889583e-08,0.46406030654907
113,0.20856010913849,-1.4653856794666e-08,-1.1693939150348e-08,0.97800958156586
114,0.99712473154068,-6.6399721276866e-09,6.8830976474032e-09,-0.075777597725391
115,0.6838413476944,-1.8169257209877e-09,-4.7763770716358e-09,-0.72963070869446
116,0.27483531832695,1.8981502591942e-08,-8.6735711946062e-09,0.96149134635925
117,0.76597613096237,-4.9608985364102e-08,7.935655332858e-08,0.64286905527115
118,0.96913290023804,2.0220027181495e-06,7.3044287773882e-07,0.24653890728951
119,0.92796713113785,9.0532639163143e-09,6.5870020549141e-10,-0.37266203761101
120,0.059254188090563,-8.4410828549153e-08,4.610880566247e-10,0.99824291467667
121,0.54319530725479,-0.54314136505127,0.45271176099777,-0.45275643467903
122,0.99175655841827,1.558475304364e-08,5.7248823459588e-09,0.12813627719879
123,-4.831094102542e-08,0.89088261127472,-0.45423370599747,3.1151920154571e-08
124,0.85474652051926,2.3608468069369e-08,-3.3536863952577e-08,0.51904565095901
125,-0.43247377872467,0.4324309527874,-0.55942285060883,0.55947828292847
126,0.85100644826889,4.2082870521654e-09,1.9331473311013e-08,0.52515524625778
127,0.89476442337036,1.1180827819146e-08,-1.7059225143612e-08,0.44653847813606
128,0.44168543815613,3.2575161412751e-07,-1.878264441757e-07,0.89717000722885
129,-0.3667533993721,8.0767961208039e-09,6.9445165173931e-09,0.93031817674637
130,0.93829810619354,2.4820272415127e-07,9.4125034877379e-08,-0.34582757949829
131,0.81542086601257,1.6711592110141e-08,1.621556044995e-08,-0.57886856794357
132,0.65341395139694,3.0035329245948e-07,-1.3182303248982e-08,0.75700080394745
133,0.88110333681107,-4.269800513157e-09,1.0912112990979e-08,-0.47292378544807
134,0.87943691015244,-1.228762869232e-07,-4.6915722862195e-08,0.47601547837257
135,-0.46037372946739,-2.7118055356823e-08,-1.3528047126954e-08,0.88772523403168
136,0.67715555429459,-8.3846085630057e-10,-3.724697883456e-09,-0.73583990335464
137,-2.8505700910841e-08,0.88544374704361,0.46474662423134,9.5626468521459e-08
138,0.063446052372456,-5.712688988524e-09,-1.1165606217389e-08,0.99798530340195
139,-0.015809331089258,5.3252602327802e-09,-6.6406187215762e-08,0.99987506866455
140,0.18515813350677,-1.2608725619145e-08,-8.678793683714e-09,0.9827087521553
141,0.98258244991302,1.6707056715859e-07,3.5837924627913e-08,0.18582709133625
142,0.92726850509644,-6.8779217876624e-09,-1.3525664144254e-08,0.37439712882042
143,0.48609903454781,-7.1788875288803e-08,1.2200115406813e-07,0.87390375137329
144,0.27378100156784,-2.057646497633e-08,2.607866367299e-09,0.96179205179214
145,0.90615028142929,-2.6946015196927e-08,-1.225970702734e-08,0.422955930233
146,0.45084181427956,-0.066379278898239,0.70398437976837,0.54473984241486
147,0.92427164316177,-1.1590339799028e-10,-8.2721847149969e-09,-0.38173541426659
148,0.58378946781158,3.5775080675648e-09,1.0532762440008e-09,-0.81190514564514
149,0.89947152137756,-5.0636379533842e-09,6.0160521009323e-09,0.43697947263718
150,-0.1723580956459,7.9221820215025e-09,-3.7598502089509e-09,0.98503434658051
151,0.74723815917969,-8.5477713795967e-09,9.2413321439722e-09,-0.66455644369125
152,0.97524970769882,7.0499091009424e-09,-1.3091852046898e-08,0.22110635042191
153,-0.13197161257267,-3.1095915176138e-08,-4.8723187262567e-08,0.99125355482101
154,-0.38766500353813,1.858487763684e-08,1.125254645018e-08,0.9218003153801
155,0.89165008068085,8.2606980811306e-08,4.6500424843998e-08,0.45272517204285
156,0.021821076050401,-1.8579575211675e-08,-1.6303662420114e-08,0.99976187944412
157,0.41415768861771,1.5450662971261e-08,1.0265031491485e-08,0.91020512580872
158,0.82535529136658,-4.3201918487057e-08,-1.0873439748593e-07,-0.56461369991302
159,0.84237170219421,-3.6761375099559e-07,-1.3668777683051e-06,-0.53889697790146
160,0.6936000585556,0.58771866559982,-0.39317509531975,0.13754661381245
161,0.70930933952332,1.8876785645716e-07,-1.2246578080521e-06,-0.7048973441124
162,0.76556301116943,9.7380325314589e-06,9.6013239025972e-11,0.64336091279984
163,0.63991475105286,1.7550368269781e-08,-9.1214023001385e-09,0.76844596862793
164,0.78133875131607,-1.3529177778082e-11,4.2679162426396e-09,0.62410718202591
165,-0.26628488302231,-4.957727117727e-09,-1.684651973477e-09,0.96389436721802
166,0.65725934505463,0.64916390180588,0.2803328037262,-0.26078712940216
167,0.85339891910553,8.5631152169086e-10,7.3268324740638e-09,0.5212584733963
168,0.46062481403351,1.1908635855207e-08,9.6617904787877e-09,0.88759499788284
169,0.98856085538864,1.9624792457762e-08,2.4251184171931e-08,0.15082250535488
170,0.55104517936707,1.0646441062079e-08,6.3414479223312e-10,-0.8344754576683
171,0.44077304005623,1.1765406071618e-07,-2.0030948633121e-07,0.89761859178543
172,0.96062403917313,-1.6158702464963e-07,1.1759652807086e-07,-0.27785149216652
173,0.13732804358006,9.1581089378678e-09,-1.6484726472754e-08,0.99052566289902
174,-0.30603542923927,2.2239235875077e-07,2.4919421548475e-07,0.95202016830444
175,0.71865177154541,3.9253438899323e-07,8.8275146481465e-07,-0.6953701376915
176,0.033790357410908,-1.6379304668135e-07,-3.7832719179676e-09,0.99942898750305
177,0.99309527873993,1.6833942240169e-08,-1.3472327253794e-08,-0.11731052398682
178,0.81555789709091,1.3436704193737e-07,2.0578718817887e-07,-0.57867550849915
179,0.67510443925858,-8.2777678045431e-09,-1.4759085509297e-08,0.73772215843201
180,0.78205931186676,-1.3812938348678e-08,-1.1475674632777e-08,0.62320399284363
181,0.43183824419975,5.1309068105354e-09,-4.1634558023418e-09,0.90195107460022
182,0.35667181015015,-3.6450302332014e-07,-1.4103737839832e-06,0.93422973155975
183,0.83329302072525,-1.0005719985884e-07,3.642786623459e-07,-0.55283159017563
184,-0.43974080681801,-8.369843840228e-07,4.5311665530789e-07,0.89812475442886
185,0.96923643350601,8.078839641712e-08,-5.2630738878179e-08,0.24613150954247
186,0.17848645150661,1.5192894053939e-08,3.2150762052652e-09,0.98394238948822
187,0.98105537891388,1.5894970317731e-07,-1.5228445704452e-07,0.19372768700123
188,0.95478796958923,4.7833616179105e-08,3.8248458622547e-08,0.29728770256042
189,0.56448805332184,0.70028138160706,0.098011486232281,-0.42585560679436
190,0.16777592897415,3.6566427663587e-09,1.7745693803306e-09,0.98582518100739
191,0.61115956306458,-1.7723786882584e-08,1.5229328909072e-08,0.79150742292404
192,0.99999189376831,1.0929505300794e-08,2.338689242265e-08,0.0040291212499142
193,-0.45483139157295,1.0209713074971e-08,4.9365080911912e-09,0.89057755470276
194,0.77907955646515,-7.704174436185e-07,2.311729616622e-07,-0.62692511081696
195,0.72005462646484,-1.4132254477772e-08,-1.317104114662e-08,0.69391745328903
196,0.96261161565781,4.1762669411582e-07,-3.2871730581974e-07,0.27088540792465
197,0.37139514088631,-0.16284702718258,0.68809866905212,0.60171979665756
198,0.36414867639542,2.8581588207288e-09,4.4929618359113e-10,0.93134087324142
199,-0.15770426392555,9.2738346779697e-08,-7.7464825665174e-08,0.98748642206192
200,0.036999370902777,1.7431693422054e-08,-3.947060733811e-10,0.99931532144547
201,-0.19742240011692,6.2701424496936e-08,-1.8679598312588e-08,0.98031854629517
202,-0.49610844254494,-1.4524208502564e-08,-4.4541930144248e-09,0.86826056241989
203,-0.41108059883118,-1.052402431867e-08,-2.0860850824533e-09,0.91159898042679
204,-3.7641981975867e-08,0.94826340675354,0.31748467683792,2.3181010444517e-09
205,0.82679843902588,-2.1489666934826e-08,7.5295318424651e-08,0.5624982714653
206,-0.16793115437031,4.6061208180959e-09,4.3791787973646e-09,0.9857987165451
207,0.94636964797974,3.5195797387644e-09,1.15534355416e-08,-0.32308593392372
208,0.48887127637863,-4.5326515873967e-08,1.9718953581105e-08,0.87235599756241
209,0.88674825429916,-2.7454689188744e-06,1.704441729089e-06,-0.46225270628929
210,-0.033626396209002,-7.8987483220772e-10,-2.0697270564085e-09,0.99943447113037
211,-0.03910893201828,1.3750853611327e-07,1.9036052378851e-07,0.99923497438431
212,-0.047337178140879,0.047332488000393,-0.70548570156097,0.7055556178093
213,-0.030724512413144,2.3187127773383e-09,4.1227221636575e-09,0.99952787160873
214,0.90068191289902,1.2562519259518e-05,5.4758652368037e-06,0.43447911739349
215,0.17258481681347,2.1382415837934e-08,-5.5286548672484e-08,0.98499464988708
216,0.80060648918152,1.2002101357211e-07,-5.9474867697418e-08,0.59919053316116
217,0.58819383382797,4.6652268714809e-09,-2.2703958713066e-09,-0.80871999263763
218,0.27975344657898,-1.7941475860539e-08,-2.1882280876184e-08,0.96007192134857
219,0.85135346651077,-5.2386486260048e-09,-1.9533439310493e-09,0.52459245920181
220,0.92027467489243,-2.2836988478048e-07,-1.2251833325649e-08,-0.39127308130264
221,-0.15943892300129,2.4559538402968e-08,-4.3457610843234e-09,0.98720782995224
222,-0.1236786916852,8.103947948257e-06,-3.0397418413486e-06,0.99232232570648
223,0.69871044158936,0.5708943605423,0.41722956299782,-0.10864099860191
224,0.53132724761963,-3.3571563307078e-09,-5.52586065794e-08,0.84716671705246
225,0.89694303274155,-6.6788441444032e-09,8.7464407272364e-08,0.44214615225792
226,0.97768652439117,2.9523761213568e-07,3.2426341611824e-09,-0.21006917953491
227,0.93055886030197,6.0413833580242e-07,-6.0339942820065e-07,-0.36614242196083
228,0.58177006244659,1.6055088281064e-07,1.7657487205724e-07,-0.81335335969925
229,0.94131255149841,1.2094406365293e-08,8.6660465470345e-09,0.33753633499146
230,-0.13501887023449,2.3447304098312e-09,1.5190609881088e-09,0.99084305763245
231,0.97123265266418,2.0783148535486e-09,1.0421257190529e-09,-0.23813262581825
232,0.54330348968506,-1.654069592405e-08,-2.7590846940484e-08,0.83953642845154
233,0.98983699083328,1.6729782004177e-08,-3.0415691298913e-08,-0.14220683276653
234,0.91906434297562,5.9527662799042e-09,2.1977673014817e-08,-0.39410755038261
235,-0.18697759509087,3.1744143313972e-08,1.7524932616197e-08,0.98236417770386
236,-0.23628240823746,-5.3705928593217e-11,3.8243328503995e-09,0.97168439626694
237,-0.27038657665253,3.7728849378027e-08,1.3469149351408e-08,0.96275186538696
238,0.91779142618179,1.1503045982408e-07,-8.1940619622856e-08,0.39706283807755
239,-0.26412877440453,1.5573397149637e-07,-6.3209927247954e-07,0.96448743343353
240,0.81654274463654,-2.0355471974653e-08,-2.1254756177314e-08,0.57728499174118
241,0.29466506838799,5.0205484214416e-10,-3.0155568708778e-08,0.9556006193161
242,0.64470726251602,-0.64464378356934,0.29049116373062,-0.29051992297173
243,0.88902652263641,6.553171782997e-09,-1.1198492799736e-08,0.45785570144653
244,0.67735660076141,-0.67728984355927,-0.20304974913597,0.20306976139545
245,0.78890484571457,-9.8445013918536e-08,-3.8163577187333e-07,0.61451536417007
246,0.9797335267067,8.3539219986051e-09,-6.218281889403e-09,0.20030543208122
247,0.42802256345749,-0.095318488776684,0.70065301656723,0.56284672021866
248,0.91449576616287,2.6421519194741e-08,1.8552412939243e-08,-0.40459555387497
249,0.98937821388245,2.1447460696322e-08,-9.1999874385351e-09,0.14536419510841
250,0.86031901836395,1.4123148872613e-08,-1.3679493093832e-08,0.50975602865219
251,-4.3371567670647e-08,0.98123347759247,0.19282355904579,-1.3451617597582e-09
252,0.92845690250397,2.3553511141472e-08,-3.1418372259395e-07,0.37144020199776
253,0.55098021030426,-6.1028888609371e-09,6.050287826298e-09,0.8345183134079
254,0.95767986774445,2.7090246490502e-08,-7.6850419361563e-09,0.2878355383873
255,-0.084406137466431,-1.6987386288747e-06,-2.0509512523859e-06,0.99643141031265
256,0.55318796634674,1.3821021660476e-08,-1.3153905520369e-08,-0.83305650949478
257,0.60832834243774,-0.60826820135117,-0.36050030589104,0.36053591966629
258,0.96894532442093,1.4731412534275e-08,-1.0418726326122e-08,0.24727523326874
259,0.1682753264904,6.150830245133e-07,6.4665940158193e-08,0.98574006557465
260,-0.081827871501446,-3.0209275081461e-09,-1.5487497506683e-08,0.996646463871
261,0.95304334163666,-2.9220703634536e-09,-1.1824907275582e-08,-0.30283400416374
262,0.79268926382065,-3.2129761962096e-08,1.2293628337545e-08,-0.60962599515915
263,0.30097237229347,-8.4081772655509e-09,8.2977624771274e-09,0.95363289117813
264,0.090313538908958,-6.9518031331484e-09,1.5676574705026e-08,0.99591338634491
265,0.51107412576675,3.8311562811089e-09,4.8489425807929e-08,0.85953664779663
266,-0.40240865945816,-1.1018130408047e-07,5.9170496058414e-08,0.91546016931534
267,0.70074009895325,-1.7397471907543e-08,2.367720419727e-08,0.71341663599014
268,0.48816427588463,1.595644150143e-08,1.1291755974696e-08,0.87275177240372
269,0.92020756006241,8.2340916307544e-09,-9.6343244493369e-09,0.39143073558807
270,0.32303047180176,1.0675845096841e-08,3.5601317449618e-08,0.94638860225677
271,0.86148691177368,-1.5811907871921e-07,-1.1767111729455e-08,0.50777977705002
272,-0.058262035250664,-0.53948652744293,0.45711532235146,0.70470237731934
273,0.17789542675018,0.60970056056976,0.35814136266708,0.68436336517334
274,-0.4062240421772,-8.5197907537804e-06,1.7143651348306e-05,0.91377353668213
275,0.94398415088654,-3.5393039610199e-08,-2.1012287731992e-07,0.32999089360237
276,-0.0059288996271789,-4.9277442570883e-08,-1.265750171342e-07,0.99998241662979
277,-0.42119285464287,-1.363280972555e-07,2.6092498828234e-08,0.90697115659714
278,0.89660251140594,-1.1060929061557e-08,-1.6694384541438e-08,0.44283622503281
279,0.097427308559418,-4.2106074715775e-07,2.4008213017623e-07,0.99524265527725
280,-0.45320338010788,-3.7018033083314e-09,-9.1909484467578e-09,0.89140719175339
281,0.99941289424896,1.582255437782e-09,3.507767187827e-09,-0.034261789172888
282,0.2429151237011,1.8781992849881e-08,-3.8722141049163e-09,0.97004753351212
283,0.23664154112339,1.1306018876667e-07,-5.3429010904438e-07,0.9715970158577
284,0.55507332086563,0.082760147750378,-0.70224696397781,-0.43805658817291
285,-0.0016506547108293,-5.1046074034389e-09,-6.6341949711557e-09,0.99999862909317
286,0.82067537307739,1.0845133679993e-09,-4.9612962627066e-09,0.57139474153519
287,0.91819781064987,-1.748721345507e-08,3.311389384919e-09,-0.39612221717834
288,0.57086491584778,3.9060132905888e-09,5.7656173169107e-09,-0.82104408740997
289,0.84447169303894,-1.3983790125849e-08,6.388307660643e-09,-0.53560018539429
290,0.99246346950531,1.1448227610344e-07,1.2167271279395e-07,-0.12254083901644
291,0.064980208873749,0.54382139444351,0.45194932818413,0.70411485433578
292,0.98367869853973,-1.720863673782e-09,-6.6117678443334e-08,-0.17993412911892
293,0.99622488021851,3.6773506906229e-08,6.2973754211271e-08,0.0868104621768
294,0.61825948953629,7.9190973778509e-09,3.9163865039882e-08,0.78597402572632
295,0.039272043853998,-0.4714463353157,0.52700912952423,0.70601516962051
296,0.56685131788254,8.7171523333041e-09,-1.8636647780568e-10,-0.82382011413574
297,0.054978046566248,-5.5958726541405e-09,3.5031901823857e-09,0.99848759174347
298,0.95677882432938,1.1273876225459e-05,-3.5155828754796e-06,-0.29081657528877
299,0.98045337200165,1.305010322028e-09,-7.2376757920267e-09,0.19675153493881
300,0.99999958276749,-5.5323147307718e-07,2.571352410996e-07,0.00095285131828859
301,-0.35029789805412,-7.4593708987436e-09,2.8600100066001e-10,0.93663835525513
302,0.8163628578186,-1.0148852425118e-08,2.4922410801764e-09,0.57753932476044
303,0.84075337648392,-6.5951129002428e-09,2.5033106254568e-08,-0.5414183139801
304,0.51825106143951,-2.3103439161787e-07,-3.5444642776383e-07,0.85522854328156
305,0.82867836952209,-4.2811469924686e-09,-1.3956796607317e-08,-0.55972510576248
306,0.066285893321037,3.6594947072643e-09,2.2947401756568e-09,0.99780070781708
307,0.70451837778091,-0.70444881916046,-0.060848139226437,0.060854408890009
308,-0.43028250336647,-6.2974869763366e-09,-7.47796491396e-10,0.90269428491592
309,0.92731899023056,-1.0085688950667e-09,2.059172388158e-09,-0.37427201867104
310,0.99249041080475,1.8128147871721e-08,-2.2808810395958e-09,0.12232272326946
311,0.99908512830734,2.0975452486027e-09,-4.1422363317167e-09,-0.042765781283379
312,0.80814123153687,4.7396344626804e-09,-1.2521281789191e-09,0.5889887213707
313,0.6230092048645,-0.62294763326645,0.3344948887825,-0.33452793955803
314,0.99290162324905,3.0007261120346e-09,6.7790919544564e-09,-0.11893896013498
315,0.52718913555145,8.9342053755104e-09,-1.9763515268778e-09,0.8497479557991
316,-0.089453488588333,-4.8545615527473e-08,9.0235330318933e-09,0.99599099159241
317,0.90315228700638,-3.4755677802423e-07,-1.2146393828516e-06,-0.42932027578354
318,-0.40960907936096,-2.2401355437296e-08,9.6627438495034e-08,0.91226118803024
319,0.82131034135818,-7.8990218810304e-08,-3.0217142921174e-07,0.57048165798187
320,0.78740721940994,6.4367043250968e-07,8.0518411493813e-08,-0.61643320322037
321,0.80866128206253,-1.8773557997065e-07,2.4070132553788e-07,0.588274538517
322,0.47387462854385,1.6888694887029e-08,2.1603863586961e-08,0.88059234619141
323,0.68388289213181,-0.68381530046463,0.17985336482525,-0.17987109720707
324,-0.31313633918762,6.4285779899365e-07,-1.9580661501095e-06,0.9497082233429
325,0.61676108837128,0.19158439338207,0.68065625429153,0.34584426879883
326,0.67557179927826,1.705525853879e-08,-8.8089571192995e-09,0.73729419708252
327,0.048809505999088,1.5780833306778e-09,-1.5953261822688e-08,0.99880814552307
328,0.99698162078857,-2.871994695397e-07,7.6367228984964e-07,-0.077638000249863
329,0.96632385253906,-1.462866450197e-08,-3.2075564426748e-09,0.25732898712158
330,-0.13175037503242,-1.4191645192341e-08,-3.9632985782134e-09,0.99128293991089
331,0.9546725153923,1.530041315867e-09,-5.7657625340823e-09,0.2976581454277
332,0.99211382865906,6.7304206652352e-08,-1.1762108620417e-08,0.12534058094025
333,0.93390637636185,1.1792727683257e-08,-1.0997225352583e-08,0.35751777887344
334,0.57202976942062,2.8294283538344e-07,4.5906006107543e-08,0.82023292779922
335,-0.36337375640869,8.9110647749635e-09,-9.4764951441562e-09,0.9316434264183
336,0.80627179145813,-1.8451459027347e-08,3.0004454742993e-07,0.5915452837944
337,0.96162289381027,9.1346201713804e-09,3.5117775354365e-10,-0.27437448501587
338,0.77845346927643,2.2448897141203e-07,2.1146485096324e-07,0.62770229578018
339,0.26329332590103,-2.6901634253562e-09,1.3471599835668e-08,0.96471583843231
340,0.28938561677933,1.8155199654757e-07,9.1400761448313e-07,0.95721262693405
341,0.92021328210831,-1.1373392005964e-08,-9.6545038630325e-10,0.39141735434532
342,0.90673404932022,-1.0482970047576e-08,-2.8508126970195e-09,0.4217030107975
343,0.94093018770218,2.5063464637043e-09,-1.7028445320477e-10,0.33860069513321
344,-0.48507106304169,-1.0021953933403e-08,-5.9527338613918e-09,0.87447476387024
345,0.73177349567413,1.0571337583087e-08,-1.1241839459331e-08,-0.68154793977737
346,0.74037742614746,1.8211302688087e-07,9.0436074628997e-08,0.67219138145447
347,-0.19282059371471,2.7964490527665e-06,-1.3732150364376e-05,0.98123407363892
348,0.56944012641907,2.8247804095827e-09,1.6850876249919e-10,0.82203280925751
349,0.19885928928852,-4.8425543575092e-09,2.4504067663855e-09,0.98002809286118
350,0.72571158409119,-5.7555120669406e-09,-1.587060793895e-08,0.68799912929535
351,0.50254029035568,1.3883246197111e-07,4.7564230953867e-07,0.86455380916595
352,0.82346832752228,2.9645668142564e-09,2.6270927655503e-09,-0.56736224889755
353,-0.014654777012765,0.014653233811259,-0.70692020654678,0.70698964595795
354,0.960413813591,1.6274261938065e-08,4.4484291805702e-09,-0.27857744693756
355,-0.14374555647373,0.14373150467873,-0.69230926036835,0.69237738847733
356,-0.17264543473721,3.8568884974666e-08,-2.2442127090017e-07,0.98498404026031
357,0.04339687153697,-0.043392591178417,-0.70573902130127,0.70580893754959
358,0.99304240942001,9.9338981485175e-10,-2.64960231533e-09,-0.1177572235465
359,-0.112085044384,1.1243236563985e-08,9.8731490538739e-08,0.99369865655899
360,-0.14849726855755,-2.7460732354712e-08,3.2982676145821e-08,0.98891282081604
361,-0.41268822550774,1.2860896791977e-09,7.9871796287989e-08,0.91087234020233
362,0.70680224895477,0.51446497440338,0.48510417342186,-0.020744275301695
363,0.55381774902344,0.70248490571976,0.080717474222183,-0.43964248895645
364,0.88513016700745,6.7819838633909e-09,3.3618023920212e-09,-0.46534350514412
365,0.76935136318207,6.5761753376137e-08,2.187815795196e-08,0.63882583379745
366,0.6239846944809,1.8446643323955e-08,-3.0728444788686e-10,0.78143662214279
367,0.61099177598953,1.5167234579394e-08,3.7124125995547e-09,0.79163694381714
368,0.93612974882126,6.0916716115855e-09,1.1409877487267e-08,-0.35165479779243
369,0.96924477815628,1.6158526250365e-07,-2.629260222875e-07,-0.24609883129597
370,0.99557024240494,1.2715745990877e-11,-4.5584882535366e-09,0.094021119177341
371,-0.11271987855434,-4.590644664404e-08,6.296291843455e-08,0.99362683296204
372,-0.066063843667507,-9.6682377659363e-09,4.4195358483989e-09,0.99781543016434
373,-0.42684751749039,-1.6063095742425e-08,9.7038546087447e-09,0.9043236374855
374,0.57215076684952,-1.0731909583228e-08,-3.8959910853009e-09,0.82014846801758
375,-0.30332165956497,-2.5757697130757e-06,-1.7979136828217e-06,0.95288825035095
376,-4.8878074920822e-09,0.73436868190765,-0.678750872612,1.7885392722405e-08
377,0.69977581501007,2.8442401767137e-09,5.5552114019974e-09,-0.71436250209808
378,0.92650490999222,-1.7310396671633e-08,-3.8332892415838e-10,-0.37628263235092
379,-0.082694888114929,1.0048775145322e-08,4.5836685558243e-09,0.99657493829727
380,0.073747411370277,-0.073739066720009,-0.70321643352509,0.70328551530838
381,0.66422563791275,1.1179215775314e-08,2.4939591725115e-08,0.74753212928772
382,0.71364688873291,7.9484374637673e-09,-4.5493444567057e-09,0.7005056142807
383,0.98218178749084,1.8657130951283e-08,1.1189853488247e-09,-0.18793343007565
384,0.70711827278137,-6.878179448222e-08,-1.5397554875562e-07,0.70709526538849
385,-0.17707519233227,2.7178000294725e-08,1.1768456431582e-08,0.98419731855392
386,-0.35403937101364,9.6227168455698e-09,-1.2836915530556e-08,0.93523055315018
387,0.33898487687111,-2.0134516276471e-08,-2.2958140277751e-08,0.94079184532166
388,0.83507692813873,2.2765004104031e-08,-4.8728714396873e-09,-0.55013316869736
389,0.7064802646637,0.47852617502213,0.52058881521225,0.029759623110294
390,0.76259207725525,-3.4264321584487e-06,-2.7809150537905e-07,-0.64687967300415
391,0.92979782819748,-7.1153735348162e-08,-7.7524489938696e-08,0.36807069182396
392,0.40596759319305,-0.12230485677719,0.69644910097122,0.57895642518997
393,0.98251932859421,-3.1781539178155e-08,2.2813338773631e-08,0.18616060912609
394,0.10268795490265,-2.3263882553692e-07,6.9959313009349e-08,0.99471360445023
395,0.89132136106491,6.6311400814811e-10,-1.3950701927001e-08,-0.45337212085724
396,0.67225992679596,2.7544788672174e-09,1.1832522517352e-08,0.74031519889832
397,0.6709411740303,0.63229203224182,-0.31655415892601,0.22324466705322
398,0.91872775554657,6.4013141809482e-07,8.1769746884675e-07,-0.39489156007767
399,0.93347036838531,7.6122762493469e-07,3.1130267075241e-07,0.3586545586586
400,0.52542638778687,0.70614314079285,0.036906454712152,-0.47320914268494
401,0.71462315320969,2.5072978360186e-08,-1.1631999363715e-08,-0.6995096206665
402,0.96381711959839,3.2447506903566e-09,4.9331267959474e-09,-0.2665644288063
403,-0.36793056130409,1.2340523047882e-09,-3.5211069615571e-09,0.92985332012177
404,0.99639838933945,2.2554610268344e-07,-9.85272592402e-08,0.084795586764812
405,0.5457638502121,7.7167392475985e-08,3.5616704252561e-08,0.83793902397156
406,-0.30693471431732,-1.442788999384e-07,2.5046614382518e-07,0.95173060894012
407,0.66491812467575,6.4904398300314e-08,-3.3145668432155e-09,-0.74691623449326
408,0.92277216911316,-2.1792767590512e-09,2.4024290112834e-08,0.38534596562386
409,0.017383057624102,-1.9435537623735e-09,3.4663640846588e-09,0.99984890222549
410,-0.3154770731926,-2.1003025985067e-09,-2.7977641536836e-08,0.94893318414688
411,0.41546115279198,-3.5849801349741e-08,1.4890693122993e-08,0.90961092710495
412,0.89864611625671,7.2073418344587e-09,-5.3949547051957e-09,0.43867433071136
413,4.889804472441e-08,-0.64844512939453,0.76126140356064,5.7552490773105e-08
414,0.97468477487564,-6.4267837274201e-08,-3.8531973700628e-07,-0.22358360886574
415,0.5469496846199,4.1205439060832e-10,8.0708737471014e-09,0.83716547489166
416,0.60562241077423,8.2272908485947e-09,1.5014260945634e-09,0.79575216770172
417,-0.069043941795826,1.2166015750381e-08,-2.8303182375566e-07,0.99761360883713
418,0.81663727760315,1.1288450174618e-09,2.6426931754031e-08,0.57715129852295
419,-0.10990143567324,-1.4891663902006e-08,1.4901528899713e-08,0.99394249916077
420,0.8973331451416,-2.9743486607003e-07,1.463103842525e-07,-0.44135385751724
421,0.98770672082901,8.230303194523e-08,-2.0381817122939e-08,0.15631867945194
422,0.64697635173798,7.2435923925696e-09,9.9800026021057e-09,0.76251006126404
423,0.69183671474457,-0.6917684674263,0.14631155133247,-0.14632587134838
424,0.9382284283638,4.7887695586724e-08,-1.8480912800101e-08,0.34601664543152
425,-0.27949118614197,-7.3482082640908e-09,1.2543091898465e-08,0.96014827489853
426,0.88959777355194,2.1148780504632e-08,-8.9085139265421e-09,0.45674481987953
427,0.71398359537125,-6.9428875576705e-05,-4.3744679715019e-05,-0.70016247034073
428,0.91721129417419,1.5446801171493e-08,-9.3600363015867e-09,0.39840108156204
429,0.9780935049057,1.8462030126898e-08,-5.2282125295733e-09,0.20816600322723
430,0.98919808864594,4.6696584377059e-08,2.7302839988863e-09,-0.14658513665199
431,0.93418449163437,-5.1240132137309e-09,-1.0779007908468e-08,-0.35679033398628
432,0.69072109460831,4.770809027832e-06,-5.1775446081592e-06,-0.72312128543854
433,0.20251177251339,1.8868888673751e-08,-2.2830710655342e-09,0.97927981615067
434,0.1532783806324,7.2725679274299e-06,4.5753065933241e-05,0.98818308115005
435,0.67497527599335,8.5329611465568e-06,9.9112967291148e-06,0.7378403544426
436,-0.46193835139275,3.7689900089788e-09,-1.671058669217e-08,0.88691204786301
437,0.94379830360413,1.0918046200459e-06,4.991129571863e-07,-0.33052209019661
438,0.96670699119568,-2.5093749300709e-09,8.1349149638754e-09,-0.25588598847389
439,0.79180479049683,-1.236760908796e-05,1.5351126421592e-05,0.61077427864075
440,0.9982824921608,1.0435711850221e-08,-1.5368442518593e-08,0.058584656566381
441,0.83412557840347,1.5531469443886e-09,8.7989118213727e-09,-0.55157458782196
442,0.65247464179993,1.5326008906413e-08,8.6382412334274e-09,0.75781053304672
443,0.83319598436356,-4.0648049370873e-09,2.4990880476139e-09,0.55297780036926
444,0.97089821100235,-1.5362711991429e-08,-1.1682450562489e-08,0.23949255049229
445,0.27811807394028,8.0072188879399e-09,-2.0536484512945e-08,0.96054691076279
446,0.20701146125793,-7.2262160699665e-09,-1.7359060855426e-09,0.97833853960037
447,0.24208931624889,-9.5656327303573e-09,-1.2684662209494e-08,0.97025400400162
448,0.80453026294708,-1.1440841607424e-09,-2.4766366735207e-09,-0.59391164779663
449,-0.31431618332863,-1.0120552396131e-08,-5.9315361511381e-09,0.94931840896606
450,0.99514418840408,-2.2862887760766e-07,-1.8591578054838e-08,-0.09842798858881
451,0.99232119321823,3.9166860865691e-09,-5.3422941626025e-09,-0.12368799746037
452,-0.44953474402428,-2.3949673355617e-09,2.0443040593676e-09,0.89326286315918
453,0.72602534294128,-1.1105393049604e-08,-1.2780435376669e-08,0.68766796588898
454,0.80073976516724,-9.4061363142828e-09,2.4583481916807e-08,0.59901237487793
455,0.44305568933487,5.749885900741e-08,-5.2285278329123e-09,0.8964940905571
456,-0.19640722870827,-4.5225934286464e-07,4.2010025680383e-08,0.9805223941803
457,0.57243585586548,8.3927007565876e-09,-1.7496875059919e-08,-0.81994950771332
458,0.98207503557205,3.8909604427317e-09,-4.9533410706459e-10,-0.18849046528339
459,0.66105484962463,-0.66098946332932,-0.25108462572098,0.25110951066017
460,0.86620724201202,-1.0316438814328e-09,-1.4581420515469e-08,-0.49968492984772
461,-0.16894118487835,-6.2215947949085e-09,-2.5719197438434e-08,0.98562616109848
462,0.64540761709213,2.4220440764111e-08,3.346031896001e-09,0.76383835077286
463,0.20154057443142,5.9904799343258e-08,-2.9214936247968e-08,0.9794802069664
464,0.45906069874763,8.008691310124e-08,1.6009616743418e-08,0.8884049654007
465,0.96296429634094,1.7822394227096e-08,9.0563121446507e-09,0.26962912082672
466,0.90390521287918,-1.7628568826922e-08,1.8479856533915e-09,0.42773294448853
467,0.92202478647232,1.2334276711101e-08,-1.2052683295849e-08,-0.38713094592094
468,0.76592135429382,1.3100321893944e-07,-2.2154087275794e-07,-0.64293438196182
469,-1.657579740133e-09,0.91885578632355,-0.39459347724915,6.6117733510396e-09
470,0.28992131352425,-3.8238909816357e-09,1.4240373324981e-09,0.95705050230026
471,0.78471487760544,-1.7004175845159e-08,4.101647377297e-08,-0.61985689401627
472,-0.24857166409492,8.1299376120114e-09,1.947020678017e-08,0.96861356496811
473,0.75969910621643,-7.3242309994725e-09,1.638563560391e-07,0.65027475357056
474,0.65578770637512,2.8400593237166e-06,-1.7444990874083e-07,-0.75494539737701
475,0.98417538404465,-1.4873469567078e-08,-1.0169970643403e-08,-0.17719732224941
476,-0.11386714875698,-5.9002216445947e-09,-1.6624333909476e-08,0.99349600076675
477,0.24075098335743,-5.0721826738709e-09,1.2765133838855e-08,0.97058695554733
478,0.63762724399567,2.5113015666989e-08,-2.4474914539496e-08,-0.77034509181976
479,-7.5309110059152e-08,0.73932760953903,0.67334592342377,-3.1957760882051e-08
480,-0.21673749387264,3.6593142738184e-08,-1.4838113315818e-07,0.9762299656868
481,0.70570743083954,0.53046458959579,-0.46755427122116,0.044467590749264
482,0.89687442779541,-1.8413826907704e-08,-4.5351087329948e-09,-0.44228526949883
483,0.72026604413986,5.8159592697393e-09,8.7829299388886e-09,-0.69369792938232
484,0.98808115720749,1.5596475222424e-09,-8.9591525309629e-09,-0.15393383800983
485,0.16661292314529,0.60372626781464,0.36812302470207,0.68719738721848
486,0.31507608294487,1.3993522784972e-08,3.3906837337838e-09,0.94906640052795
487,0.15312674641609,1.8161692423746e-05,-1.1866635759361e-05,0.9882065653801
488,0.65129166841507,0.26584473252296,0.65523028373718,0.27535259723663
489,0.49368569254875,1.1594520898939e-08,1.2976837382439e-08,0.86964040994644
490,-0.24188925325871,2.9237726906217e-08,4.0332560047318e-07,0.97030389308929
491,0.97693365812302,1.7657299622442e-08,-4.6021353394821e-10,0.21354302763939
492,0.97157984972,-1.657354076201e-08,-3.5007294840739e-09,-0.23671218752861
493,0.97279268503189,-1.1431563962105e-07,1.3575328239313e-07,-0.23167732357979
494,0.86237335205078,1.6141705749817e-09,1.2134107052475e-09,0.50627285242081
495,0.95603442192078,2.8854909572829e-08,3.7975514288746e-08,0.2932545542717
496,0.17197071015835,-3.7475005321141e-09,-4.6543600973337e-08,0.98510205745697
497,-0.429602175951,8.6199998250436e-09,7.6480768385068e-09,0.90301829576492
498,0.99145436286926,-1.0891080926001e-08,-1.349631162384e-08,0.13045428693295
499,0.99846911430359,1.6924504464555e-08,-3.2250797588063e-09,0.055312797427177
500,0.45061892271042,-7.2253181215842e-09,-9.0608409664128e-10,0.89271640777588
501,0.65769946575165,2.1831736418676e-08,-7.926485245946e-09,-0.7532804608345
502,0.65983855724335,-4.8586184675514e-06,-7.5256713898852e-05,-0.75140738487244
503,0.74282222986221,1.0282279028218e-08,-1.2014012895634e-08,0.66948872804642
504,0.40801098942757,8.6650949526756e-08,-2.5455452146161e-07,0.912977039814
505,0.63833504915237,-0.6382719874382,0.30423581600189,-0.30426597595215
506,0.99862718582153,3.5733407344196e-07,4.2917090326e-08,0.052380673587322
507,0.9130973815918,-3.4521234759666e-09,-1.570308327814e-08,-0.4077416062355
508,0.97661316394806,-3.6517546959658e-06,-2.3359800707112e-06,-0.21500398218632
509,0.39236015081406,1.674675331742e-08,1.1694712753751e-08,0.91981172561646
510,0.95213478803635,1.2752908062907e-08,-1.143421179961e-08,0.30567860603333
511,0.97658461332321,-4.277340703851e-10,-7.7493389483152e-09,0.21513374149799
512,0.2064520418644,-1.597947374421e-08,-1.3143455213083e-08,0.97845673561096
513,0.24763779342175,-7.471959051486e-09,-1.4469890174951e-08,0.96885269880295
514,-0.16372352838516,2.6121608698304e-07,1.3354544137201e-07,0.98650628328323
515,0.56169682741165,4.1788208449134e-08,-3.774262324896e-08,-0.82734310626984
516,0.26458805799484,-2.8083999836781e-07,1.3366910422974e-07,0.96436154842377
517,0.69804716110229,3.6679694837005e-09,2.267024612479e-08,0.71605181694031
518,0.28244662284851,-1.0787676529844e-08,1.6191150642442e-09,0.95928305387497
519,0.70787537097931,1.409452643486e-08,-1.5572750200477e-08,0.70633745193481
520,0.985371530056,3.6888255294798e-07,2.4872906578821e-07,-0.17041997611523
521,0.51146674156189,6.5885438971236e-07,-1.5942663367241e-07,-0.85930305719376
522,0.85440820455551,-6.7306082485175e-08,1.8006114999025e-07,0.51960241794586
523,0.29470071196556,-4.4520701014683e-10,-2.1381489911931e-09,0.95558965206146
524,-0.30010014772415,1.5997258628886e-08,-1.1292392798623e-08,0.95390772819519
525,-0.2520566880703,-3.8153933346052e-09,1.3000851950551e-08,0.96771246194839
526,-7.1471639273568e-08,0.96198999881744,-0.27308484911919,4.8424025900218e-10
527,0.66299575567245,3.0275268958491e-09,3.5308094226139e-09,0.74862313270569
528,0.56881016492844,1.8200383422595e-08,9.1923185729925e-10,-0.82246887683868
529,0.86026334762573,-2.0906447844027e-06,1.6331561880634e-08,-0.50984996557236
530,-0.14122281968594,6.0024003687431e-06,-2.2410924884753e-06,0.98997783660889
531,-0.48671531677246,-4.0343568485923e-09,1.4244760926374e-09,0.87356066703796
532,0.91838908195496,-1.5544884490737e-08,5.0405302154388e-09,-0.39567863941193
533,0.99955320358276,2.2808220023762e-07,-2.7146842285219e-07,-0.029891509562731
534,0.62315320968628,-1.0458479415831e-08,-9.8920942548375e-09,0.78209978342056
535,2.0878520246015e-08,-0.46958300471306,0.8828883767128,-3.0823375851696e-08
536,0.9167023897171,1.6041216355234e-08,2.9849740457166e-08,0.39957070350647
537,0.52434688806534,6.0548637215163e-09,-9.0497200844197e-09,-0.85150480270386
538,0.99429976940155,3.799689693551e-06,3.223589146728e-06,-0.10662105679512
539,0.76831668615341,4.0356347597026e-08,-3.3313563108095e-07,-0.64006990194321
540,-4.9685947800526e-08,0.97596371173859,0.21793329715729,-7.2122086081094e-09
541,0.19768191874027,-1.7007012464987e-09,3.366651180059e-09,0.9802662730217
542,-0.2332678437233,-4.3601765753465e-08,4.4573052804253e-08,0.97241252660751
543,0.84828674793243,-5.8666051927503e-07,-3.6208660958437e-07,0.52953720092773
544,0.93146872520447,6.1793676842115e-09,-9.4095531366634e-09,0.36382141709328
545,0.67583405971527,3.2601798238829e-07,-2.1312726583567e-10,0.73705387115479
546,-0.16074205935001,8.65900684488e-09,5.0452704236648e-09,0.98699647188187
547,0.63766121864319,1.1447760073224e-08,-4.583883939091e-09,-0.77031689882278
548,-0.17875507473946,2.9509839016839e-09,2.0031669656362e-09,0.98389363288879
549,-0.43078920245171,1.4829605099465e-08,5.5981650426418e-09,0.90245258808136
550,0.25869795680046,0.64825648069382,0.28242442011833,0.65808469057083
551,0.060302618891001,1.0884262380273e-08,2.2017736966973e-08,0.99818015098572
552,0.98037749528885,1.5386959262287e-07,1.4836190587175e-07,-0.19712924957275
553,-0.17514848709106,3.9993586220533e-09,2.696247003442e-09,0.98454207181931
554,0.92935633659363,1.8916754385145e-08,-2.6576911338339e-08,0.36918407678604
555,0.72587090730667,-2.9758315811534e-09,2.4702306866686e-09,-0.68783104419708
556,-0.19594411551952,1.7086938086663e-08,1.2069053312302e-08,0.98061507940292
557,0.21419921517372,-4.4817213051829e-07,1.1785409270715e-07,0.97679001092911
558,0.42859634757042,2.2056429571649e-08,-2.6314895151813e-08,0.90349608659744
559,0.72772198915482,2.2932892917993e-08,-2.2146267042444e-08,-0.68587225675583
560,0.99882441759109,1.0565195829315e-08,4.562988598078e-10,0.048474512994289
561,0.80746567249298,-2.5269077497114e-08,8.200363765809e-08,0.58991461992264
562,0.89908301830292,-1.2652513703415e-08,1.2461736531577e-08,-0.43777814507484
563,0.68971627950668,0.37751120328903,0.59790128469467,0.15585561096668
564,0.60280025005341,0.68762117624283,-0.16485467553139,0.36963757872581
565,0.98257344961166,1.6402358369305e-06,8.8306239831581e-07,-0.18587470054626
566,7.8181676599343e-07,0.39995440840721,0.91653501987457,9.7727354386734e-07
567,0.52730524539948,0.039749398827553,0.70598882436752,0.4711147248745
568,0.89671647548676,6.7546224613579e-08,2.9161271175582e-09,-0.44260543584824
569,0.98680764436722,3.9885734715028e-09,7.1830075221158e-10,-0.16189715266228
570,0.13945758342743,4.1462509869916e-08,-1.0800778227349e-07,0.99022805690765
571,0.72499030828476,-1.4519641045041e-09,-7.3307360182184e-10,-0.68875908851624
572,0.99234306812286,1.8618463215603e-08,3.8821283965262e-09,-0.1235122308135
573,0.51662528514862,6.9893131282583e-09,-3.5721239299846e-09,0.85621160268784
574,0.70588576793671,-0.70581579208374,-0.042124591767788,0.042128887027502
575,0.97438329458237,3.0325788547003e-09,-9.4868353173183e-09,0.22489386796951
576,0.75366175174713,-3.8754048858891e-09,8.351666025419e-09,0.65726244449615
577,0.069696180522442,3.021509797918e-08,1.0012391610248e-10,0.9975683093071
578,0.66625827550888,-0.66619288921356,-0.23693445324898,0.23695780336857
579,-0.47018325328827,-1.9904636161527e-08,-8.9411861248223e-10,0.88256883621216
580,0.96264308691025,3.1216789153632e-09,-3.6855953844395e-09,0.27077370882034
581,0.40203836560249,6.8303784850343e-09,4.0079228824652e-09,0.91562283039093
582,0.6870169043541,6.257333495796e-08,-2.3529990755833e-07,0.72664147615433
583,0.99204802513123,-2.0086556418164e-08,-1.0508873771187e-08,-0.12585990130901
584,-0.2786360681057,1.6705206107304e-08,-1.323784992735e-08,0.9603967666626
585,0.8402179479599,-1.9932244299525e-08,1.6802090385681e-08,0.5422488451004
586,0.38973915576935,-1.2270045601781e-07,3.0006155338214e-09,0.92092531919479
587,0.65627354383469,0.27791967988014,0.65020072460175,0.26325789093971
588,0.99487912654877,3.1116891285876e-09,-1.2001441618281e-08,0.10107184946537
589,0.47470325231552,4.7750026155313e-10,2.9372944965189e-08,0.88014590740204
590,0.51797962188721,-0.51792854070663,0.48135289549828,-0.48140060901642
591,0.74160760641098,2.5996993002764e-08,-1.1685729717215e-08,-0.67083394527435
592,0.96865516901016,1.3437740697952e-08,3.5497422778974e-09,0.24840924143791
593,-0.40783759951591,-1.2802799709277e-08,8.9928180457832e-09,0.9130545258522
594,0.68895548582077,1.6575810946051e-08,-3.4716460817208e-08,0.72480362653732
595,0.75841230154037,-3.2914860526034e-07,-6.5415042627137e-07,-0.65177512168884
596,-2.5015161497777e-08,0.95122784376144,-0.30848929286003,1.6414256620578e-08
597,0.9972363114357,2.4065829329345e-09,-4.4869552517923e-09,0.07429551333189
598,-0.12172652035952,-5.4868278809295e-09,-1.8060713813384e-08,0.99256366491318
599,0.5917392373085,2.4425258260408e-08,-6.6006670351726e-08,-0.80612945556641
600,0.36032229661942,0.68499612808228,0.17544360458851,0.60841411352158
601,0.79877042770386,-6.984246070374e-09,-6.5355756362351e-09,0.60163593292236
602,0.3005311191082,-4.5314064323065e-07,4.8929285867416e-07,0.95377206802368
603,-9.1584801964473e-09,0.7019926905632,0.71218413114548,-7.977931915093e-08
604,0.74273735284805,5.5148325373011e-07,3.9557866671203e-07,0.66958290338516
605,-0.22000400722027,2.5508546386277e-09,1.5641600015215e-08,0.97549897432327
606,-0.12063077092171,2.6328487834348e-08,-1.4137616632937e-09,0.9926974773407
607,0.91637033224106,-9.7656398523327e-09,6.1315197363854e-09,0.40033158659935
608,0.99236631393433,2.8660991802099e-08,-9.0801052010647e-08,0.12332533299923
609,-0.30465507507324,1.7217978154349e-07,2.2510151609367e-07,0.9524627327919
610,0.86278742551804,-3.7893395088417e-09,1.2842930274815e-08,0.50556683540344
611,0.86126786470413,5.6817084370664e-09,1.3977308199742e-09,-0.50815123319626
612,0.91582292318344,1.0698834707057e-08,2.0636683473185e-08,-0.40158236026764
613,-0.46036413311958,2.5950498638849e-08,-3.6236977862814e-09,0.88773018121719
614,0.92716723680496,2.8340696189844e-06,-1.8284388261236e-06,0.3746477663517
615,0.92473846673965,1.575155295086e-08,1.364057644615e-09,-0.3806032538414
616,0.54451334476471,-0.54445952177048,-0.45112577080727,0.45117026567459
617,0.98848676681519,2.1430114571785e-08,-9.7932177922644e-09,0.15130750834942
618,0.6846626996994,2.347062491026e-07,6.2405959511125e-08,0.72886008024216
619,0.98201942443848,-2.3969497497944e-09,2.1170154518302e-09,0.18878002464771
620,-0.49443876743317,-2.9313326876945e-07,3.7338807601373e-08,0.8692125082016
621,0.59300100803375,6.4675784727797e-09,2.6062645375191e-09,0.80520170927048
622,0.91010373830795,-3.2413755235439e-08,1.0665642946606e-07,0.41438055038452
623,0.70177954435349,0.43498688936234,0.55748236179352,0.086634136736393
624,-2.4511029650398e-08,0.25039935112,0.96814262866974,-1.5385090534892e-08
625,0.74286186695099,5.4510893576776e-09,-1.6964493809724e-08,0.66944473981857
626,0.91995829343796,-7.428595516501e-09,1.1961219570367e-08,-0.39201638102531
627,0.67539143562317,0.32952374219894,-0.62563097476959,-0.20939539372921
628,0.85233896970749,-1.3199297210775e-09,6.1487908098457e-09,-0.52298974990845
629,0.70860117673874,9.03085251025e-08,-1.7765744075859e-07,0.70560926198959
630,0.98702669143677,-2.209333160863e-09,2.6576620903995e-09,-0.16055636107922
631,0.15098786354065,4.4150740841076e-09,1.2052354669834e-09,0.9885356426239
632,-0.40243363380432,-1.6899859289765e-08,-1.0350369450407e-09,0.91544914245605
633,0.83156847953796,4.3276322969632e-08,2.9130161394164e-08,-0.55542224645615
634,0.99231386184692,4.27698267913e-07,5.6990590024952e-08,0.12374685704708
635,0.21645936369896,-2.3086686340434e-08,-6.9443819938897e-07,0.97629165649414
636,0.2795438170433,-0.26158556342125,0.65694183111191,0.64950424432755
637,0.9623646736145,5.3793853815876e-09,7.6007058424921e-09,-0.27176138758659
638,0.62996250391006,-0.62990009784698,0.32121071219444,-0.32124254107475
639,0.95830100774765,3.9376515381662e-09,6.9090448917564e-09,-0.28576073050499
640,-0.1329637169838,-5.2090425306517e-09,-1.3401128207136e-08,0.99112093448639
641,0.91952979564667,6.306225230901e-08,-4.0512134091841e-08,-0.39302030205727
642,0.99999904632568,-4.3339021260635e-09,-1.7461584400635e-09,0.0013954035239294
643,0.69388049840927,1.0598370181469e-08,4.8742032632276e-09,-0.72009021043777
644,-0.017773414030671,-1.5543047737765e-08,3.0969937725445e-09,0.99984204769135
645,0.99670702219009,-0.0004217030655127,3.4311022318434e-05,-0.081085786223412
646,-0.44496813416481,-7.9318461132516e-08,-7.1036353688214e-08,0.89554637670517
647,0.28358379006386,-0.28355577588081,-0.64772415161133,0.6477884054184
648,0.62794232368469,5.1856252625271e-09,-9.0026963661671e-10,0.7782598733902
649,0.94963186979294,4.9115026712343e-08,-6.3526077731524e-09,-0.31336778402328
650,0.92117559909821,-1.3316565627974e-06,5.6744005405562e-07,-0.38914719223976
651,0.13738545775414,-4.5905199641538e-09,2.00620542401e-09,0.99051767587662
652,0.99739170074463,3.3486810480099e-07,-2.0884041873614e-07,0.072179056704044
653,0.71085023880005,2.2257660603486e-08,-4.5918262969735e-08,-0.70334339141846
654,-0.0099320532754064,-5.403464786724e-09,1.7679212760413e-08,0.99995070695877
655,-0.12083461135626,-1.7919866479588e-08,4.9239513799648e-08,0.99267268180847
656,0.23213966190815,4.7167645789159e-08,-2.193228709757e-07,0.9726824760437
657,-0.020182928070426,-3.8760421539052e-09,-2.9728692840791e-09,0.9997963309288
658,0.72252017259598,9.0811971276139e-09,1.5448087253844e-08,0.69134986400604
659,0.68507254123688,6.6939880305483e-09,6.1045217769617e-09,0.72847485542297
660,-0.48160603642464,-1.9410839513512e-07,-2.1449702103382e-07,0.87638783454895
661,-0.47667968273163,3.3685562783603e-08,-5.6007419146908e-08,0.87907707691193
662,0.97540754079819,2.2588291415104e-07,3.5346013760318e-07,0.22040897607803
663,-0.32506507635117,-1.1601009930473e-07,4.9122640177757e-08,0.94569164514542
664,0.6506450176239,1.6682527359535e-08,1.1383355591477e-08,0.75938206911087
665,0.29088515043259,-2.3261828019372e-08,1.7072727231948e-08,0.95675802230835
666,-0.45314314961433,3.0547544493942e-09,-1.6970790994719e-08,0.89143776893616
667,0.4906157553196,-1.7901253102082e-07,-6.5995328668578e-07,0.87137603759766
668,0.57657915353775,2.7895847853898e-09,-8.0791739964781e-10,0.81704133749008
669,-0.23523169755936,2.0240564779783e-08,-6.2421747770713e-08,0.97193932533264
670,0.31835532188416,1.6476423780887e-08,1.0660635041404e-08,0.94797146320343
671,0.51981389522552,-0.51976227760315,0.47937208414078,-0.4794194996357
672,0.3634018599987,-2.1739186006897e-09,3.9483780689409e-09,0.93163251876831
673,0.71807670593262,4.6498502825898e-09,-1.020309881028e-08,0.6959639787674
674,0.39845192432404,-0.39841243624687,-0.58413875102997,0.58419650793076
675,0.94352948665619,-3.609755694356e-08,1.9024688491243e-09,-0.33128863573074
676,-2.1027521057704e-08,0.85007286071777,0.52666515111923,5.9798876961281e-09
677,0.41241079568863,1.4465777020689e-08,8.7957099381697e-09,0.91099804639816
678,0.75374215841293,-9.4519396952819e-05,8.3724036812782e-05,-0.65717029571533
679,0.49136462807655,7.6319324193719e-08,-2.8751420799722e-08,0.870953977108
680,-1.9215512736537e-08,0.78867173194885,-0.6148145198822,1.7033830346236e-08
681,0.65669447183609,-0.65662950277328,-0.26227506995201,0.26230099797249
682,0.97654759883881,3.3487722816972e-07,1.7702089394334e-07,-0.21530179679394
683,0.9282054901123,-4.9932619816673e-08,3.9964444198404e-08,-0.37206807732582
684,0.45397594571114,-2.1658590867446e-06,-4.2227434278175e-06,0.8910139799118
685,0.88404840230942,7.5379340103154e-08,1.9724609501282e-07,0.46739539504051
686,-0.36230877041817,-2.8169742449791e-07,4.5018300198763e-08,0.93205815553665
687,0.93906474113464,1.4727157804373e-07,4.8124192630894e-08,-0.34374037384987
688,0.98548418283463,8.9234726274867e-09,2.0715695825402e-09,-0.16976724565029
689,0.97933119535446,-2.0838720615757e-07,5.3092865215376e-08,-0.20226341485977
690,3.4965541573229e-08,-0.44476547837257,0.89564710855484,-2.3430898110632e-08
691,0.99675494432449,1.480450162461e-08,-1.1681083655901e-08,0.08049587905407
692,0.89541149139404,-5.6629136935271e-09,1.3407181143066e-08,0.44523954391479
693,0.84502351284027,-2.1128554905658e-08,2.042563806981e-08,-0.53472918272018
694,0.71126616001129,-1.0490471424873e-07,1.1930015375583e-07,-0.70292282104492
695,0.90340209007263,8.3466300537793e-09,1.3905749440823e-08,-0.42879441380501
696,0.99294722080231,2.1812272166244e-07,1.2695744544544e-07,0.11855719983578
697,0.17177072167397,-5.5448441393935e-09,2.5664026459538e-09,0.98513698577881
698,0.92714482545853,-4.0345238261352e-09,-2.6871254110716e-09,-0.37470322847366
699,0.71154522895813,-1.5856314039553e-09,-2.559108480682e-11,0.70264029502869
700,0.96170324087143,9.0656044449133e-07,1.6821874737616e-07,0.27409291267395
701,0.46447366476059,2.6028608601791e-08,7.8115531820799e-09,0.88558691740036
702,0.61398828029633,-0.61392778158188,0.35077539086342,-0.35081005096436
703,0.89415109157562,4.4035455282199e-09,2.5330709974014e-08,0.44776540994644
704,0.51504909992218,0.021629618480802,-0.70677578449249,-0.48448398709297
705,6.2990954674547e-09,-0.70422351360321,0.70997840166092,-2.7907468336252e-08
706,0.98501890897751,-2.7791404022537e-07,1.8191974149318e-08,-0.1724466085434
707,0.97395777702332,-1.0763149482784e-08,-6.8102603556497e-09,0.22672955691814
708,0.65978598594666,0.64638262987137,0.28668767213821,-0.25432679057121
709,0.61274868249893,5.4135603022587e-07,-6.9094511445655e-08,-0.79027783870697
710,0.30955210328102,4.7165372052405e-08,-1.4515980240049e-07,0.95088249444962
711,0.029833648353815,-2.2997017623538e-09,-1.5741395742452e-08,0.99955487251282
712,0.7616046667099,8.7691898187359e-10,6.7152816640714e-10,0.64804190397263
713,0.58657866716385,8.1454452072194e-08,-1.4706874651438e-07,-0.80989229679108
714,0.72597700357437,1.0696619590078e-08,-1.1369618135859e-08,-0.6877189874649
715,0.8913015127182,-6.9709486183456e-08,7.5856831927013e-08,0.45341110229492
716,0.60612964630127,2.4662673240528e-05,3.3143592190754e-06,0.79536592960358
717,0.97327893972397,-1.2135669358315e-08,3.1017517443388e-08,-0.22962620854378
718,0.99580872058868,-1.5028385647042e-08,9.3052143768091e-09,-0.091460511088371
719,0.99194937944412,1.1330089089157e-09,8.7652143321293e-09,-0.12663532793522
720,0.90556073188782,-6.9462721796754e-08,-6.5431720486231e-08,0.42421674728394
721,0.72572422027588,2.7262634816339e-08,-1.9034811060692e-08,-0.68798571825027
722,0.68801736831665,6.7649863488839e-09,3.3280315392403e-08,-0.72569417953491
723,0.99043142795563,1.9847457011224e-08,1.3044984648047e-08,-0.13800606131554
724,0.64500045776367,7.0764674120483e-09,1.961798723471e-09,-0.76418220996857
725,0.8929563164711,2.2823346768064e-08,2.4817372601404e-09,-0.45014342665672
726,0.74234241247177,7.8945010528741e-09,1.403159011204e-08,0.67002069950104
727,0.55977833271027,1.8114162685379e-06,7.648406494809e-07,0.8286424279213
728,0.88544815778732,-1.4064658770963e-08,-1.1189615456431e-08,0.46473821997643
729,0.80880302190781,7.4009993689117e-09,-5.2924065130355e-09,0.58807963132858
730,-2.2199143856483e-08,0.73963242769241,0.67301112413406,-1.4639884859946e-08
731,0.27138197422028,1.038632646555e-08,-1.9133827855455e-09,0.96247172355652
732,0.77554768323898,-8.3101427961196e-09,-1.3256229891567e-08,0.63128906488419
733,-0.22000594437122,4.2477590334045e-09,2.6950119913494e-09,0.97549855709076
734,0.97308903932571,2.2555660450507e-07,-2.332183157705e-07,-0.23042955994606
735,0.85467052459717,1.0731118216256e-09,8.9994651730763e-09,0.5191707611084
736,1.5127747943211e-08,-0.33323159813881,0.94284504652023,-5.5589726599692e-08
737,0.82354313135147,2.0220285446015e-09,4.9855124473197e-09,0.56725364923477
738,0.89580535888672,4.3982195663261e-09,3.7769245508912e-09,-0.4444465637207
739,-0.37425547838211,3.3608205995961e-08,8.3209762635761e-08,0.92732566595078
740,0.9587008357048,-8.7723907427062e-07,1.9038355958401e-07,-0.28441649675369
741,0.70721924304962,0.4947754740715,-0.50495964288712,-0.0073451385833323
742,0.94900768995285,-1.7329885082518e-08,1.3925960384853e-09,0.31525301933289
743,0.8135792016983,2.0827934932299e-08,1.460401932718e-08,0.58145409822464
744,0.95711386203766,3.1304356440387e-08,3.9783070171495e-09,-0.28971213102341
745,0.34104895591736,8.4147222523256e-09,-1.5189089097589e-08,0.94004553556442
746,-0.35307362675667,-1.4396508163372e-07,1.1484835304998e-08,0.93559557199478
747,0.6661365032196,-1.4682388638221e-09,-4.9342441243994e-09,0.74582982063293
748,0.58573478460312,0.69426888227463,-0.13397994637489,0.39617547392845
749,0.99116414785385,2.3518643033071e-08,-1.4206420040352e-08,-0.13264086842537
750,0.95778441429138,7.9557134213815e-09,-2.2360715945524e-08,-0.28748744726181
751,-0.030986625701189,1.0206946399194e-09,9.1742542451811e-09,0.99951982498169
752,-0.082011558115482,-5.0588946365338e-09,3.5487315308558e-09,0.99663138389587
753,0.98683714866638,1.4619718058384e-06,1.8999502060524e-07,-0.16171717643738
754,-0.049501959234476,8.8979490442398e-11,-5.5819686650693e-09,0.99877405166626
755,0.93759739398956,5.3509237041283e-09,-2.0204243611488e-08,-0.34772279858589
756,0.7552542090416,9.4236742143039e-07,1.3295542885317e-05,0.6554319858551
757,0.3184902369976,-5.3752020612308e-09,-1.5430857702725e-09,0.9479261636734
758,0.70606362819672,0.47212398052216,-0.52640175819397,-0.038396939635277
759,0.91053277254105,-9.1045983197091e-08,2.5249937607441e-07,-0.41343703866005
760,0.83040070533752,-8.7282350236251e-09,-1.3764029915819e-08,-0.55716669559479
761,0.13331717252731,5.5950497568347e-09,7.3234772912656e-08,0.9910734295845
762,0.57274037599564,1.8301943072174e-08,-7.7223116790037e-10,0.81973683834076
763,0.99998635053635,5.2180350706976e-08,-1.7655773731917e-08,-0.0052273608744144
764,0.99991202354431,2.1664283167411e-07,-2.0988933613353e-07,0.013266142457724
765,0.88721388578415,-1.7927248574523e-10,-4.7301229599839e-09,0.46135836839676
766,0.98747932910919,1.992057696043e-05,-3.1838944778428e-06,-0.15774866938591
767,0.94898623228073,5.4475680144606e-07,-5.5559110023751e-07,0.31531763076782
768,0.99344044923782,7.52461914999e-09,-1.3817262001226e-08,0.11435090005398
769,0.10171067714691,-1.353659229153e-08,-1.2984692432383e-08,0.99481403827667
770,0.22363148629665,-4.4046566394229e-09,3.0235771664167e-09,0.974673807621
771,0.99244004487991,-2.0236711861799e-08,-4.0694811076492e-08,-0.12273063510656
772,-0.28698047995567,-9.859080218888e-10,-1.6096960209211e-08,0.95793640613556
773,-0.08977222442627,-1.5000711783841e-09,1.1084990703125e-08,0.99596232175827
774,-0.35219064354897,8.6374475358753e-06,-2.3669625079492e-05,0.93592828512192
775,-0.4525234401226,6.4309317870936e-09,4.6714241364043e-09,0.89175254106522
776,0.51111721992493,-0.5110667347908,0.48863220214844,-0.48868060112
777,0.90258079767227,-2.0862136462796e-09,7.9269630859358e-09,0.43052062392235
778,0.84327477216721,6.4697114332546e-10,-4.0467633688479e-09,-0.53748273849487
779,3.4489001876636e-08,0.99130076169968,-0.1316159516573,7.8473814113522e-09
780,0.8743342757225,-8.0276352232289e-10,4.6959089949894e-09,0.48532417416573
781,0.15810410678387,-9.7276933175294e-09,1.90407867251e-09,0.98742246627808
782,0.52946758270264,0.042997669428587,0.70579832792282,0.4686833024025
783,0.019564792513847,1.6790853152315e-08,-3.0167599529562e-09,0.99980860948563
784,0.72842675447464,6.1307403598221e-09,5.4113087344376e-09,0.68512368202209
785,0.98722702264786,1.567220242471e-09,-3.5286473742957e-09,-0.15932002663612
786,0.81072252988815,-2.6876806558107e-08,2.2650223030496e-08,-0.58543062210083
787,0.57004302740097,0.69893085956573,0.10721767693758,-0.41839092969894
788,-0.32234156131744,1.5865314395569e-08,1.2117178371795e-08,0.94662344455719
789,-0.34708672761917,7.1942156409932e-07,-2.7508048106029e-07,0.937833070755
790,0.99342221021652,-1.3475304205812e-10,2.3259230985673e-08,0.11450918763876
791,0.98095434904099,1.8532499979074e-08,4.8961097398603e-09,-0.19423861801624
792,0.99302715063095,1.2114097103222e-07,-6.8807408659666e-09,-0.11788590997458
793,0.52381855249405,3.4870751619565e-08,-5.3599954696892e-08,-0.85182988643646
794,0.29422080516815,7.2099126668945e-09,4.0918037846893e-09,0.95573747158051
795,0.90943706035614,2.3930749648571e-07,-1.1617082407156e-07,0.4158416390419
796,0.59834372997284,-1.8444785254701e-08,4.4858512460166e-09,-0.80123955011368
797,0.89137303829193,-1.2955437611595e-08,-1.9035274689827e-08,0.45327046513557
798,0.47917109727859,4.164107636484e-08,2.0622758611921e-08,0.87772154808044
799,0.94655168056488,-8.1260694173579e-08,2.4020986089113e-08,-0.32255214452744
800,0.54793393611908,5.8247297829439e-07,1.2172027652468e-07,0.8365216255188
801,-0.35586684942245,-9.8500780865152e-09,-2.076457672473e-09,0.93453669548035
802,0.49801695346832,1.3203104387571e-08,-1.284148254399e-08,0.86716729402542
803,0.88580226898193,-1.8219100894612e-08,-1.7263346308027e-09,0.46406280994415
804,0.52160900831223,1.4870916054122e-08,-1.0213163648132e-08,-0.85318464040756
805,0.93948203325272,5.8707207983844e-09,-5.4905395785454e-08,-0.34259831905365
806,0.87112599611282,5.8581841599903e-09,-8.302700749141e-09,0.49105960130692
807,0.71369606256485,7.4902146707245e-09,-7.9237096883844e-09,0.70045554637909
808,0.99668228626251,4.8311328271211e-08,8.9215079768223e-09,-0.081390641629696
809,0.99095022678375,-2.5936606196098e-09,9.0684473263991e-09,0.13422986865044
810,0.45517259836197,1.8301578563751e-07,2.9460156270034e-07,0.89040327072144
811,-2.0317870053077e-08,0.29096958041191,0.95673233270645,-3.1408760037266e-09
812,-0.38660261034966,-5.5780748908774e-09,-1.9689823105296e-08,0.9222463965416
813,0.99965673685074,1.203714816711e-07,1.4529084069181e-07,0.026200504973531
814,-0.29051586985588,1.2161842732894e-07,-2.8110332550568e-07,0.95687019824982
815,0.98835229873657,-1.7875958491231e-08,-4.2951624479315e-09,0.15218345820904
816,0.99460595846176,-6.3118121840233e-12,3.0585889376766e-09,0.1037255525589
817,0.94673651456833,2.9428625225592e-07,2.7294046844872e-07,-0.32200938463211
818,0.43376824259758,-4.1384122795307e-08,-1.7088236603513e-08,0.90102452039719
819,0.99758571386337,2.2113856630313e-06,-3.2385912618338e-07,-0.069446034729481
820,0.36416405439377,-1.0140361439426e-08,-3.2276445960377e-09,0.9313348531723
821,0.97878867387772,1.4451131846727e-07,-8.9832965954884e-08,-0.20487253367901
822,0.23674710094929,-3.6633647226836e-08,-2.4788143093701e-08,0.9715713262558
823,0.8963714838028,1.4584832896958e-08,-1.0008437634212e-08,0.4433037340641
824,0.29082781076431,-0.25008955597878,0.66140419244766,0.64452999830246
825,0.39985340833664,1.9825571939691e-07,8.6877555816045e-08,0.91657912731171
826,0.39276254177094,0.6934974193573,-0.13806577026844,-0.58799380064011
827,-6.5215055577994e-10,-0.19834208488464,0.98013287782669,3.5022722499889e-08
828,0.15646851062775,-0.15645299851894,-0.68954563140869,0.68961358070374
829,-5.1990389771106e-09,-0.21976415812969,0.97555303573608,7.7632256179072e-10
830,-0.025031179189682,-5.0255715144942e-09,-1.5665868602355e-08,0.99968665838242
831,0.66479367017746,-0.66473031044006,-0.24101050198078,0.24103301763535
832,0.81076383590698,-2.9260363021422e-08,-5.9385802941847e-09,0.5853733420372
833,0.99455159902573,-3.4093581291472e-08,9.5952179535175e-09,0.10424589365721
834,0.13090781867504,-3.9878749191757e-09,7.7225124073266e-09,0.99139457941055
835,0.68623775243759,5.1615818286166e-09,-7.0983796618407e-10,0.72737729549408
836,0.99723362922668,3.0565562525453e-08,1.4766014189149e-08,0.074331603944302
837,0.7243332862854,1.0160852603747e-08,-1.3731423109675e-08,-0.68945002555847
838,0.89276707172394,8.366233927859e-09,4.8723514112226e-09,-0.45051857829094
839,0.57646775245667,1.0242134251826e-08,6.1971494602631e-10,-0.8171198964119
840,0.37976428866386,-2.7323229900844e-08,2.2723384063283e-08,0.92508327960968
841,0.94414836168289,3.1495073216092e-09,3.0425908459364e-09,-0.32952073216438
842,-0.30815905332565,-5.0093094117187e-09,-1.3114314079132e-09,0.95133489370346
843,0.66162174940109,1.1831835511344e-09,3.9628211823128e-10,-0.74983781576157
844,0.50270563364029,-1.2794981785191e-07,4.4145500055492e-07,-0.86445766687393
845,0.94396734237671,7.223603493145e-09,-1.1763650498153e-08,0.33003893494606
846,0.87180644273758,2.2488122475295e-10,3.4582874341993e-09,-0.48985052108765
847,0.28680440783501,-3.1129303579291e-07,-5.9408131392047e-07,0.95798915624619
848,0.99307781457901,-1.0978078535118e-06,3.9919885352901e-07,-0.11745851486921
849,0.50071108341217,8.2584872274083e-10,-2.0894095342783e-08,0.86561447381973
850,0.25706288218498,-1.6836759186845e-07,-8.9819472748331e-08,0.96639466285706
851,-0.24837532639503,-2.7361635179801e-09,-1.351249778736e-08,0.9686638712883
852,0.70614022016525,-0.70607060194016,-0.037616640329361,0.037620402872562
853,0.51824796199799,-0.51819676160812,0.48106417059898,-0.48111173510551
854,-0.24972455203533,-1.495685131303e-09,3.0580347143427e-09,0.96831691265106
855,0.93870276212692,1.3582902802511e-08,2.9694313674611e-09,-0.34472766518593
856,0.25180697441101,-4.6523531693765e-09,4.5286685512735e-09,0.96777749061584
857,-0.10513493418694,8.2283655444826e-08,1.2255564563191e-08,0.99445801973343
858,-0.43539342284203,-1.8498418512536e-06,2.426328819638e-06,0.90024030208588
859,-0.47093793749809,-2.0428180036447e-08,2.1985570308747e-10,0.88216638565063
860,0.51169991493225,2.0777648046533e-08,2.7291743975866e-08,0.85916429758072
861,-0.39045178890228,-1.7866369717012e-07,1.0722531129659e-07,0.92062342166901
862,0.70210540294647,0.43711736798286,-0.55581426620483,-0.083945833146572
863,0.88882958889008,-1.7374646166246e-10,1.4091789068971e-08,0.45823791623116
864,-0.47704291343689,0.031736373901367,0.706394135952,0.52194857597351
865,0.99282872676849,1.8449838989909e-08,-1.5561013810839e-08,0.11954567581415
866,0.70521175861359,1.439252717006e-08,-9.9489039229184e-09,-0.70899671316147
867,0.58495724201202,1.7346842184907e-08,4.3824641693391e-09,0.81106412410736
868,0.98548167943954,3.7654177553748e-09,-1.5063573721719e-09,0.1697820276022
869,0.90911072492599,-2.851795954939e-07,-2.3811534077822e-08,-0.41655468940735
870,0.7695991396904,-2.1818493678438e-08,2.5469043762882e-08,-0.63852733373642
871,0.96266949176788,1.3438656853992e-09,2.1377644099374e-09,-0.2706798017025
872,0.98309224843979,4.9925512257687e-07,3.1422487722921e-07,-0.18311116099358
873,0.99355465173721,2.8574265797943e-07,2.4114453367474e-07,-0.11335424333811
874,0.64073902368546,-0.6406757235527,-0.29914081096649,0.2991703748703
875,0.87295264005661,-3.8839869098695e-09,5.8919487067044e-09,-0.4878049492836
876,0.64225476980209,-3.144040583436e-09,6.4139356048543e-09,-0.76649129390717
877,0.99997138977051,1.8593336648109e-08,-3.7370675443071e-09,-0.0075658387504518
878,0.87258017063141,2.7054584350594e-08,1.3080497573981e-08,0.48847091197968
879,0.66364187002182,4.8913439968601e-05,0.00023241326562129,0.74805045127869
880,0.046983893960714,1.5021937471715e-08,2.365731388565e-09,0.99889570474625
881,0.24277873337269,-9.407032848685e-06,1.5723942851764e-05,0.97008168697357
882,-0.041226528584957,2.2933561716343e-09,2.0091761587793e-09,0.99914985895157
883,0.96288925409317,2.7490800746932e-09,-4.5146339999746e-09,-0.26989677548409
884,0.85627233982086,-9.0652036988104e-08,4.9721585071438e-08,-0.51652461290359
885,0.94263684749603,-2.3194475673449e-08,3.6795784197352e-09,-0.33381995558739
886,0.69685047864914,-1.50366599172e-08,-7.9713382561408e-09,0.71721643209457
887,0.70400327444077,0.45113867521286,0.54449456930161,0.066173620522022
888,0.91952323913574,-6.4699293034209e-08,-2.3673979399064e-07,-0.39303562045097
889,0.55392175912857,-1.0463820920847e-09,-1.6890815857096e-08,-0.83256870508194
890,0.15379656851292,-3.8954275360936e-09,-1.3423159472836e-08,0.98810255527496
891,-0.40651312470436,-5.1776476439613e-09,1.4278708215798e-09,0.91364496946335
892,0.92549252510071,1.0823480067756e-07,4.4173525282076e-08,-0.37876588106155
893,0.58547168970108,-6.9773136601725e-08,3.2305464969795e-08,-0.81069284677505
894,0.71203655004501,4.6465702396858e-09,1.9816301932707e-09,-0.70214241743088
895,0.86699718236923,-6.5559344619714e-09,-1.1661847487687e-08,-0.49831303954124
896,0.75165092945099,9.6288790274457e-09,-6.8666166086473e-09,0.65956115722656
897,0.098183341324329,4.0230987430334e-09,4.1825343188862e-10,0.99516832828522
898,0.99932473897934,1.9646979581012e-06,1.8813398128259e-06,-0.036743771284819
899,0.99050670862198,1.5091036198456e-09,8.9794134794374e-08,-0.13746467232704
900,0.31524881720543,-7.1687598079961e-09,-5.5916737906614e-09,0.94900906085968
901,0.83843016624451,-3.8603130292358e-07,1.1810680433655e-07,0.54500907659531
902,0.16308386623859,1.4719288010667e-08,1.9782513405175e-09,0.986612200737
903,-0.39659431576729,-2.7024949389443e-08,4.8693525656063e-08,0.91799396276474
904,0.65120601654053,8.2343811769192e-09,-4.5494616962571e-09,0.75890105962753
905,0.78691518306732,-1.265333704481e-08,2.0003724898743e-08,0.61706119775772
906,0.97226256132126,1.7414144792838e-08,5.0776209903347e-09,0.23389220237732
907,-0.092620089650154,-9.3543439660948e-09,-4.9777497679315e-09,0.99570155143738
908,0.44391471147537,1.8722072780974e-08,-2.6438898292902e-10,0.89606910943985
909,0.96477311849594,-1.4341809517759e-08,8.0414546133056e-09,-0.26308351755142
910,2.682216404537e-08,-0.64204829931259,0.76666420698166,-3.743822141189e-09
911,0.87443721294403,-7.6405104465493e-09,3.1937446465236e-08,0.48513871431351
912,0.94958102703094,7.7880439874889e-09,-1.1168227231906e-08,0.31352174282074
913,-0.14676812291145,-0.59288239479065,0.3853445649147,0.69170743227005
914,-2.2693011914043e-09,0.8392448425293,0.54375374317169,-3.2493204571438e-08
915,-0.049566999077797,0.46370816230774,0.53383016586304,0.70536750555038
916,0.93626987934113,2.4121314368131e-07,-2.1392611415649e-07,-0.35128164291382
917,0.73200458288193,-2.6903219918495e-07,-2.5183581442434e-07,0.68129968643188
918,0.32429161667824,-1.5492750193857e-08,7.4042132425234e-09,0.94595718383789
919,0.57961702346802,7.0088543857594e-09,-1.8246304023251e-08,-0.81488907337189
920,0.60179042816162,7.6458910314159e-09,2.8978242028188e-09,-0.79865401983261
921,0.60713613033295,7.1507351151467e-09,-1.0182129805969e-08,0.79459780454636
922,0.87269997596741,-1.5979606970973e-08,1.8961381353932e-09,0.48825681209564
923,-0.48108401894569,-7.3037416115085e-09,4.7213347814656e-11,0.87667453289032
924,0.91389012336731,-2.4686763744342e-09,-1.0586250098754e-08,-0.40596163272858
925,-0.33662110567093,-1.2158307072241e-07,-5.6301257700397e-07,0.94164019823074
926,0.88759309053421,7.4952188899857e-10,5.7409978992951e-09,-0.46062839031219
927,0.98724108934402,6.4129501708976e-08,5.5290765743621e-08,0.15923285484314
928,0.91051113605499,-3.397478565148e-08,-1.4916695079137e-07,-0.41348454356194
929,0.78506225347519,1.2528152737445e-08,1.3355419881123e-08,-0.61941683292389
930,0.4933825135231,5.8324030760559e-07,1.1846087488721e-07,0.86981242895126
931,-0.26350909471512,1.7182182787678e-08,6.1850133903363e-09,0.96465694904327
932,0.60025608539581,0.1601774841547,-0.68872594833374,-0.37375447154045
933,0.99268293380737,1.452394648993e-08,3.294821304678e-09,-0.12075048685074
934,0.45949432253838,4.323857272226e-09,2.666906695481e-08,0.88818073272705
935,0.99956637620926,-7.8246603640864e-11,-6.2567062641961e-09,0.029445812106133
936,0.89966088533401,-1.3691506239866e-07,3.1208264772431e-07,0.43658936023712
937,0.26236802339554,-1.2757413969666e-07,-5.2603110134442e-07,0.96496790647507
938,-0.055352386087179,1.1436357638672e-08,2.0436814907043e-08,0.99846690893173
939,0.64423257112503,4.4672106014332e-09,1.6916024137004e-10,0.76482963562012
940,0.83606564998627,-1.1058784110674e-08,6.391247087123e-09,-0.54862940311432
941,0.67377316951752,-0.67370688915253,-0.21463887393475,0.21466001868248
942,0.11418844014406,-7.5011854505647e-09,2.3600930099121e-09,0.99345910549164
943,0.85091948509216,-2.161231726916e-08,6.5334340604295e-08,0.52529609203339
944,0.071853391826153,2.4286865851764e-09,2.6828355093045e-09,0.99741524457932
945,0.82246482372284,-2.6264223151884e-07,1.9053923949741e-07,-0.56881600618362
946,0.60575032234192,1.162450899983e-07,-6.3758804458303e-08,0.7956548333168
947,-0.22980980575085,4.1450011423194e-08,6.507689942481e-09,0.97323560714722
948,0.95559620857239,1.7108403582711e-08,5.7223035199172e-09,0.2946791946888
949,0.94966912269592,9.3713360627135e-08,-6.1244335824995e-08,-0.31325477361679
950,0.99070298671722,9.8341172360961e-07,-7.2952485652422e-07,0.13604289293289
951,0.61074751615524,-7.7757400518408e-10,-2.0695102520563e-08,0.79182541370392
952,0.7830485701561,-1.7143675279385e-07,9.8475290144506e-08,-0.62196058034897
953,0.01716803945601,7.0190147027915e-09,-1.6738082919687e-08,0.99985265731812
954,0.34047657251358,-2.00794882943e-08,7.7425781341844e-09,0.94025301933289
955,0.78611654043198,1.9867957945507e-08,-1.1239758013204e-09,0.61807829141617
956,0.0082825934514403,-7.3560380009496e-09,-1.2253071446366e-08,0.99996572732925
957,-4.559246633562e-07,0.70902317762375,0.70518517494202,-2.487323342848e-07
958,0.70500928163528,-9.203273698688e-10,2.0592985094936e-08,-0.70919805765152
959,0.93660682439804,7.9971655964073e-09,1.4312093732372e-08,-0.35038208961487
960,0.62266141176224,-0.62259984016418,0.33514168858528,-0.33517503738403
961,0.98087346553802,-1.4370458245594e-07,-1.5769971994928e-08,-0.19464653730392
962,0.92487841844559,2.8801056828343e-07,1.3900277906487e-07,-0.38026303052902
963,0.94815099239349,1.123464485886e-07,-1.0334249367361e-07,-0.31782019138336
964,0.93900984525681,-2.4335172099654e-08,-5.4785765257748e-08,-0.3438903093338
965,0.94926750659943,2.7984803807612e-08,-1.0475553757772e-08,-0.31446984410286
966,0.35057270526886,0.68211072683334,-0.1863466501236,-0.61408358812332
967,0.98799467086792,1.4005125059668e-08,-6.6746612681357e-09,0.1544881016016
968,0.84766590595245,-1.8154368319756e-07,-1.4445150497977e-07,0.53053039312363
969,0.006050496827811,-8.1893203329741e-09,-4.2634473729208e-10,0.99998170137405
970,0.86891287565231,1.0106012027222e-08,-1.3178787838797e-08,0.49496507644653
971,0.95321577787399,4.0752201613259e-08,9.4505494985242e-08,-0.30229070782661
972,0.93677699565887,1.1143398204183e-08,-3.4268219373246e-09,-0.34992700815201
973,0.91430306434631,-2.4719938096496e-07,6.2613942475309e-08,-0.40503072738647
974,0.061447728425264,1.7656413220379e-08,1.3531267661904e-08,0.99811029434204
975,0.63565349578857,-5.4411950500821e-09,1.7346915015537e-08,-0.77197450399399
976,0.69712066650391,-1.3361201922635e-08,-1.0786482818048e-10,0.71695381402969
977,0.98666799068451,1.8596134410132e-08,-4.7315740214771e-10,0.16274599730968
978,1.0495037727765e-08,-0.18462342023849,0.98280936479568,-5.4044541286657e-08
979,0.99938571453094,9.0006985198343e-10,3.9885263980466e-09,-0.035046998411417
980,-0.41796198487282,-3.851000407451e-09,-2.5482862486825e-09,0.90846455097198
981,0.38486844301224,-7.600938545238e-08,-3.2753058576418e-07,0.92297148704529
982,0.67938441038132,0.61903595924377,0.34175223112106,-0.19605292379856
983,-0.37893837690353,3.4114480129688e-09,1.034025420843e-09,0.92542195320129
984,0.94390642642975,-5.188335983064e-09,4.7610879683191e-09,0.33021318912506
985,0.96313798427582,2.159288747805e-08,-1.3950324229128e-09,-0.26900804042816
986,0.8922780752182,-4.2615248135869e-11,-3.2799603033595e-09,-0.45148634910583
987,0.73478746414185,5.2720221077607e-08,-2.0068629424941e-08,-0.67829746007919
988,0.94650596380234,2.9343232199608e-07,-2.7109032885164e-07,-0.32268640398979
989,0.18732380867004,0.61458522081375,0.34969237446785,0.68184322118759
990,0.69648009538651,1.1577643732608e-08,3.8953285041998e-11,-0.71757608652115
991,0.55575150251389,1.4503699574675e-08,3.0580804555314e-09,0.8313484787941
992,0.67037087678909,1.8361188125482e-08,1.3919935426543e-08,0.74202620983124
993,0.168721601367,-1.8931904151032e-06,7.8241771461762e-07,0.98566377162933
994,0.82674169540405,-1.3839012602546e-08,-1.6974532002223e-07,0.56258171796799
995,0.49500781297684,-1.4221093636024e-07,-2.1030542640688e-08,0.86888855695724
996,-0.3322813808918,2.110721908366e-07,-5.4597683174507e-07,0.94318032264709
997,0.74478322267532,-2.5572681749964e-08,-1.6546300329878e-08,0.6673064827919
998,0.9342605471611,3.8685698200425e-08,-4.5766526568514e-08,-0.35659110546112
999,0.98142993450165,-2.7049853201788e-07,1.4420966465423e-07,-0.19182105362415
1000,0.87587934732437,5.5326254688737e-09,-2.2072052630051e-08,0.48253017663956
1001,0.54683399200439,0.06969129294157,0.70366424322128,0.44829940795898
1002,-0.16681875288486,-4.5028025752458e-09,-1.4619701005358e-09,0.9859876036644
1003,0.11527769267559,-1.1682161016324e-08,2.0284689483674e-09,0.99333328008652
1004,-0.18738359212875,0.18736505508423,-0.68179523944855,0.68186289072037
1005,0.97282856702805,5.4417842676457e-08,1.9733361611429e-08,0.23152688145638
1006,0.66580730676651,3.1566639790981e-07,-5.5438738399971e-07,-0.74612373113632
1007,0.99252104759216,1.9673725759617e-08,8.1143269881068e-09,0.12207385897636
1008,0.70544362068176,-0.70537334680557,0.048975631594658,-0.04898040369153
1009,-0.27203151583672,-2.0270918277276e-09,1.0201878453131e-08,0.96228837966919
1010,0.92142856121063,-2.4616508831343e-10,9.699244074568e-09,-0.38854786753654
1011,0.030576787889004,4.6730541214401e-08,-5.7321699387103e-07,0.99953240156174
1012,0.62354588508606,-0.62348413467407,-0.33349362015724,0.33352673053741
1013,0.95430475473404,2.8487972869584e-08,6.0513789534866e-09,0.29883515834808
1014,0.88268405199051,-1.0826592955482e-08,3.0897719938139e-08,0.46996688842773
1015,-0.06185706704855,7.7013790900082e-09,-1.9248311389219e-08,0.99808502197266
1016,-0.18267500400543,-9.0916456585433e-09,6.3428968744006e-09,0.98317337036133
1017,0.39182716608047,-1.0549228851575e-10,-4.7692118698706e-08,0.92003887891769
1018,-3.0146145491017e-07,0.96786552667618,-0.25146833062172,6.0357578490766e-08
1019,-0.26542416214943,-1.9543342943962e-08,-4.6962416178076e-09,0.96413177251816
1020,0.95411163568497,2.3708375707088e-08,-1.5790281082673e-08,0.29945117235184
1021,0.95331126451492,7.5790298481593e-09,9.1646459310368e-09,-0.30198937654495
1022,0.19075591862202,-2.5449454099657e-08,2.2124599041717e-08,0.9816375374794
1023,0.05119077116251,5.6332154940719e-08,4.6318064050865e-08,0.99868887662888
1024,-7.6239663471256e-09,0.2604972422123,0.9654746055603,1.7784492101214e-08
1025,0.97741627693176,2.1480171199073e-05,3.2117109185492e-06,0.21132306754589
1026,0.14532625675201,-1.6111472689317e-07,2.3875974974885e-08,0.98938381671906
1027,0.32370528578758,-5.651077383817e-09,2.9036273385685e-09,0.94615799188614
1028,-0.38433787226677,0.38429999351501,-0.59351849555969,0.59357708692551
1029,0.24436953663826,-8.7278353433362e-09,4.3179415598615e-09,0.96968221664429
1030,0.65239828824997,-1.3696997314128e-08,-5.3503036667735e-08,0.75787633657455
1031,0.59915846586227,0.15815798938274,-0.68919211626053,-0.37551221251488
1032,0.83349418640137,-5.2284647722445e-09,-1.2655829717545e-09,0.55252826213837
1033,0.86586236953735,-1.3662170950113e-08,-1.5013718268619e-08,-0.50028228759766
1034,0.44363406300545,-1.7812880059864e-08,-1.2505810786934e-07,0.89620804786682
1035,0.61480987071991,-0.61474907398224,-0.34933388233185,0.34936851263046
1036,0.6217896938324,0.20159357786179,-0.67776095867157,-0.33671605587006
1037,-0.38874155282974,0.14276200532913,0.69254499673843,0.5906611084938
1038,0.73805224895477,-3.747614130134e-08,-2.7595723040008e-08,0.67474359273911
1039,0.83501893281937,-7.9463529090162e-09,3.1115150456174e-09,0.55022120475769
1040,-0.074224770069122,0.444739818573,0.54973292350769,0.70320045948029
1041,0.6507140994072,-5.9452452205733e-07,-6.8724830271094e-07,0.75932282209396
1042,0.65228492021561,0.26821714639664,0.65426290035248,0.2729908823967
1043,0.53148233890533,0.046039134263992,0.70560663938522,0.46639704704285
1044,-0.24537445604801,-2.6355852611459e-08,-1.7732798562875e-09,0.96942842006683
1045,0.9461961388588,-7.4810500905187e-08,1.9607058732163e-07,0.32359370589256
1046,0.56616276502609,-3.2865319354869e-08,-2.755798700349e-09,-0.8242934346199
1047,-0.41031935811043,-9.0099554483913e-09,1.9650105154145e-10,0.91194194555283
1048,0.25909480452538,1.9255979921695e-08,-7.0411436681184e-09,0.96585190296173
1049,-0.15735973417759,3.0823400720692e-08,1.8617008379351e-08,0.9875413775444
1050,0.51380282640457,-0.51375216245651,0.48580804467201,-0.48585584759712
1051,0.68465811014175,0.35915407538414,-0.60910457372665,-0.1767580062151
1052,0.92506390810013,4.1153018770501e-08,-1.7836123689108e-08,-0.37981161475182
1053,-0.48125115036964,-1.3295966105886e-08,8.8990761426544e-09,0.87658274173737
1054,0.91792500019073,-6.216540171522e-09,-2.2407681044001e-08,0.39675399661064
1055,-0.21340921521187,-7.7232211737055e-09,1.5749554549416e-08,0.9769629240036
1056,0.095713995397091,1.4072228715634e-08,6.519864648169e-10,0.99540889263153
1057,-0.44095638394356,-3.1148785772928e-09,1.6797998547702e-09,0.89752852916718
1058,0.70577085018158,-0.70570105314255,-0.04400672018528,0.044011097401381
1059,0.57151979207993,1.8285092551196e-08,-3.1504473696486e-08,0.82058835029602
1060,0.96686798334122,6.3182845622123e-09,-2.4078845584086e-09,-0.25527700781822
1061,0.92159825563431,1.750134259737e-07,6.2907226094921e-08,0.3881451189518
1062,-0.45113614201546,-1.0526622418183e-07,5.514417722452e-08,0.89245516061783
1063,0.27723786234856,-9.0550109632659e-09,-5.7171504863618e-08,0.96080130338669
1064,0.75712674856186,-7.0230532500659e-10,8.1289073250446e-09,0.65326803922653
1065,0.49493876099586,2.385456987497e-08,1.2940077454004e-08,0.8689278960228
1066,0.83283674716949,-3.5652389929197e-09,4.9406949642616e-09,0.5535187125206
1067,0.52192568778992,4.9408743763024e-09,-6.3451423670813e-08,-0.85299098491669
1068,-0.1173582226038,1.7803540863781e-09,-1.5327470848092e-08,0.99308967590332
1069,-0.10676355659962,1.1505847385962e-09,-1.5682154241858e-08,0.99428445100784
1070,0.89345991611481,-3.5507593310058e-08,4.9448152239506e-09,-0.44914293289185
1071,0.58099859952927,3.8030179005943e-09,2.8413258412741e-09,-0.81390458345413
1072,0.96165972948074,5.202582364916e-09,-4.5835331974331e-08,0.27424544095993
1073,0.82100355625153,-1.5418061138917e-07,3.2028404461926e-07,0.57092308998108
1074,0.99036568403244,2.2175667524493e-08,-3.6894598487436e-09,-0.13847680389881
1075,0.61249095201492,1.3332415171874e-08,1.9964043751486e-09,-0.79047757387161
1076,0.94852191209793,2.1778451753107e-07,-2.9428312586788e-07,-0.31671154499054
1077,0.87427145242691,-1.0920137016868e-09,6.1383635951984e-09,0.48543733358383
1078,-0.34520199894905,8.6655287390158e-09,-1.4231799738695e-08,0.93852841854095
1079,0.7242870926857,8.5141298455937e-09,2.6370592376423e-09,-0.68949848413467
1080,0.95488172769547,2.667609244611e-09,-2.3721129505105e-09,0.29698631167412
1081,-0.14148990809917,0.14147593080997,-0.69277358055115,0.69284200668335
1082,8.7943516291489e-07,0.91854429244995,0.39531809091568,-2.8913726168867e-07
1083,0.99912327528,2.0168528180875e-08,9.6401677751601e-09,-0.041865073144436
1084,0.88238269090652,-1.304158416815e-07,7.4288806217737e-08,-0.47053256630898
1085,3.8987806760815e-08,-0.64106416702271,0.76748734712601,-7.7627886341247e-09
1086,0.98294579982758,2.5240259660109e-08,5.5866662407311e-09,0.18389551341534
1087,-0.22163759171963,0.31806716322899,0.63153237104416,0.67147374153137
1088,0.90269422531128,-1.1329081672784e-08,-1.3297667855738e-08,0.43028265237808
1089,0.54835653305054,5.1746464890812e-08,3.4261400827518e-08,-0.83624470233917
1090,0.96419668197632,2.259044862285e-08,-7.2398806949536e-09,0.26518815755844
1091,0.81244176626205,-1.6249050105444e-08,-2.6269415087654e-08,0.58304238319397
1092,0.5002903342247,-2.6379254336462e-07,-6.0288374470474e-07,0.86585777997971
1093,0.4189125597477,1.5294479283057e-07,4.8507970973333e-08,0.90802657604218
1094,0.998988032341,-4.2027619429064e-07,1.7046305345048e-07,-0.044977571815252
1095,0.55454212427139,-7.2336137080242e-11,1.8574781712744e-09,0.83215570449829
1096,0.38527742028236,9.2809440133124e-09,-1.7675771957215e-08,0.92280077934265
1097,0.74724495410919,2.7715143957607e-08,-3.1663141442095e-08,0.66454869508743
1098,0.80778205394745,-4.7305173112022e-09,5.4356124046251e-09,0.58948129415512
1099,0.55972599983215,-1.146252692763e-08,-1.0348213841382e-08,-0.828677713871
1100,0.86100459098816,2.958911871076e-08,1.5147119114545e-08,-0.50859731435776
1101,-0.18868270516396,-4.0560504288578e-08,-3.5795952868511e-08,0.98203814029694
1102,0.80142045021057,-1.638561997197e-07,-1.8583885719181e-07,0.59810137748718
1103,0.92289513349533,-9.5436121227976e-08,-3.6314801832305e-08,0.3850514292717
1104,0.16399325430393,-1.2986994590847e-08,1.1537512278892e-08,0.98646146059036
1105,0.073783703148365,-9.9091557785869e-05,-6.0016023780918e-05,0.99727427959442
1106,0.99410808086395,1.3501749052125e-08,6.0254166101004e-09,-0.10839390009642
1107,0.9958268404007,-1.307427055508e-07,5.3373284458758e-08,-0.091263003647327
1108,0.86132937669754,-4.8972204069742e-09,-9.6802343918512e-11,0.50804698467255
1109,0.46978729963303,5.7080837834178e-09,-8.1741369228894e-10,0.88277965784073
1110,0.97063738107681,2.6656358897981e-08,6.610900271653e-09,0.24054753780365
1111,0.91041773557663,2.6872160052704e-09,-2.8109310434843e-09,0.41369017958641
1112,0.34274116158485,-1.3240600615916e-08,-2.8851353306436e-08,0.93942987918854
1113,0.57216793298721,1.959118423045e-09,2.5265478598158e-09,0.82013648748398
1114,-0.042717568576336,-1.1019603007867e-09,-4.8091406412709e-09,0.99908721446991
1115,0.64616113901138,-4.360764194189e-09,7.3619914608969e-09,0.76320099830627
1116,-0.47547763586044,-3.2456044518625e-09,-2.1324691346081e-08,0.87972784042358
1117,-2.5262526293091e-08,-0.32875308394432,0.94441592693329,5.240009759433e-09
1118,0.62748175859451,0.21320635080338,0.67419826984406,0.32598528265953
1119,-0.2235052138567,1.9977195009346e-08,1.5235640660194e-07,0.97470271587372
1120,-0.35263776779175,-3.0300693065755e-09,-1.9283701746531e-08,0.93575996160507
1121,-0.15063424408436,-6.5236180901707e-09,4.1449471410715e-08,0.98858958482742
1122,0.9987478852272,-6.8033845224136e-09,-8.9236040778928e-09,-0.050026495009661
1123,0.77694767713547,-1.090543033655e-08,-2.4807520482284e-09,0.62956517934799
1124,-0.30831730365753,-6.0771840892926e-09,-1.5238588169098e-09,0.95128357410431
1125,0.9098973274231,1.1670215904758e-08,-1.8344557872751e-08,-0.41483354568481
1126,0.95143002271652,3.6967968242152e-08,-1.2147726380363e-08,0.30786520242691
1127,0.14930953085423,7.6823425843031e-06,9.6524745458737e-06,0.98879051208496
1128,0.71576511859894,1.5216787829786e-08,-3.7613787640112e-08,0.69834113121033
1129,0.996746301651,1.041389419143e-09,-3.6412244330819e-09,0.080603018403053
1130,0.99981814622879,-1.6742138342352e-08,-5.1833186631711e-09,0.019070744514465
1131,0.66628265380859,0.63857394456863,0.30367913842201,-0.2367904484272
1132,0.684705555439,1.5470996928002e-08,1.7290528830927e-07,-0.72881978750229
1133,0.038315288722515,2.4660324893233e-09,-1.6026675098146e-08,0.99926573038101
1134,0.82210743427277,3.1402359468302e-07,-6.5787439496034e-08,0.5693324804306
1135,0.50831460952759,-5.3242084352423e-11,-1.9284180918788e-09,-0.86117148399353
1136,0.92255717515945,-1.7143199215752e-07,-6.8626313520781e-08,0.38586035370827
1137,0.9651181101799,3.7867724955731e-08,-9.5839538971632e-08,-0.26181480288506
1138,0.5537520647049,-7.4881700129481e-07,1.3134987852936e-07,0.83268159627914
1139,0.95164352655411,-2.735832538292e-07,-3.7677514796997e-07,-0.30720460414886
1140,0.28669419884682,0.659776866436,-0.25435164570808,-0.64637929201126
1141,6.4320141746066e-07,-0.15999406576157,0.98711800575256,-4.6583249968535e-07
1142,0.71803945302963,1.5672982911497e-08,1.2383766012647e-08,0.69600242376328
1143,0.97777497768402,-1.2630609891318e-09,-3.6400187308772e-09,-0.20965729653835
1144,0.38625556230545,1.1751365214252e-08,-2.1564467989066e-09,0.92239183187485
1145,0.97058856487274,7.936511110529e-07,-6.936182330719e-07,0.2407443523407
1146,-0.48544105887413,-9.2266256856988e-09,1.1281321654621e-08,0.87426942586899
1147,0.73255914449692,-7.4395849480879e-09,7.815540215006e-09,0.68070340156555
1148,-0.4166973233223,-4.5304428653026e-08,1.50141676869e-10,0.90904527902603
1149,0.073484905064106,1.8264463275131e-09,-1.73094143463e-08,0.99729633331299
1150,0.63236570358276,-1.0435750930071e-08,-3.6714691287187e-09,0.77467006444931
1151,0.6701979637146,0.63333719968796,-0.31445819139481,0.22546561062336
1152,0.93503391742706,-2.1131936023266e-07,-1.2731200627059e-07,0.35455828905106
1153,0.64649015665054,1.0548064643956e-08,-8.7668734494173e-09,0.76292234659195
1154,0.97815668582916,-1.717376285626e-08,-1.9741728252143e-08,0.20786900818348
1155,0.51109856367111,3.3360183948616e-08,4.4107334673527e-08,-0.85952216386795
1156,0.42873591184616,9.966328207156e-09,2.8400414464613e-08,0.9034298658371
1157,-0.146847859025,5.5516981234405e-08,-8.3731265476672e-08,0.98915910720825
1158,0.93509322404861,7.0517785388802e-08,-8.1776811100553e-08,-0.35440194606781
1159,0.35290858149529,9.4320249388602e-09,9.750299057032e-08,0.93565785884857
1160,0.27338978648186,-6.3162453045607e-09,-4.624094529504e-08,0.96190333366394
1161,-0.42949360609055,-1.0576961528841e-08,6.4062177784763e-10,0.9030699133873