-0.3326,-0.12365,-0.63586,0.6854
-0.37962,0.40487,0.45379,-0.69717
0.66157,-0.39365,0.39182,-0.50383
-0.22706,-0.15531,0.73465,-0.62017
-0.84169,0.35433,-0.23416,0.33343
0.21828,-0.1997,-0.58455,0.75549
-0.45978,0.81992,0.060507,-0.33567
-0.89174,0.36251,-0.23352,0.13734
-0.56876,0.76176,0.29926,0.081705
-0.69642,0.59593,0.33469,-0.21876
0.50308,-0.61426,-0.55217,0.25436
-0.57638,0.40946,-0.66745,0.23375
-0.53671,0.80904,-0.23955,0.0014565
-0.33472,0.45537,-0.75838,0.32475
0.3803,-0.16569,-0.47272,0.77746
-0.067995,0.015677,-0.89982,0.43064
-0.35013,0.34701,-0.7827,0.37997
-0.54182,0.81069,-0.15406,0.15964
-0.43443,0.89252,0.10756,0.055803
0.20891,-0.53241,-0.69774,0.43133
-0.56949,0.52675,-0.22063,0.59122
-0.43468,0.60674,0.64812,-0.15121
0.66766,-0.36558,-0.59083,0.26738
-0.7977,0.55323,-0.2398,0.010317
0.46052,-0.18252,-0.56602,0.65895
-0.81891,0.55586,0.0701,-0.12443
-0.42966,0.56235,-0.50377,0.49535
0.63364,-0.47655,-0.47045,0.3874
0.53648,-0.31625,-0.55187,0.55463
-0.37949,-0.17831,-0.51232,0.74949
0.087663,0.32883,-0.6633,0.6665
0.84239,-0.30694,0.4135,-0.15869
0.16669,-0.64097,0.47131,-0.58245
0.29348,-0.61613,0.32086,-0.65673
-0.55893,0.32858,-0.57645,0.49734
0.62637,-0.55342,0.54558,-0.061113
0.59081,-0.41491,0.55864,-0.4083
-0.70919,0.24859,0.54183,-0.37639
-0.766,0.24947,-0.4087,0.42892
-0.41161,0.00084007,-0.49092,0.76784
0.44165,-0.13385,0.65241,-0.60115
0.60418,-0.75858,-0.24216,-0.029591
-0.32555,0.3144,-0.52903,0.71784
0.11023,-0.5967,0.53137,-0.59113
-0.57461,0.40863,0.24251,-0.66636
-0.34653,0.21929,-0.50406,0.7601
0.058356,0.11418,-0.44738,0.88511
-0.65066,0.33097,0.50278,-0.46294
0.10976,-0.048799,0.61838,-0.77664
-0.12277,0.31121,0.48946,-0.8053
-0.60928,0.4994,-0.30238,0.5366
-0.30069,0.52696,-0.67802,0.41494
-0.45417,0.79956,0.20718,-0.33394
0.42636,-0.79327,-0.30146,0.31315
-0.24851,-0.20856,0.40572,-0.85448
0.37764,-0.51387,0.61349,-0.46579
0.13547,0.023226,0.64637,-0.75054
-0.055582,0.10005,-0.65721,0.74496
0.70872,-0.44894,0.5036,-0.2063
-0.82049,0.56077,0.039012,0.10397
-0.61918,0.69777,0.24563,-0.26343
0.06915,-0.070465,0.68854,-0.71845
-0.079802,-0.15413,-0.85758,0.48419
0.72073,-0.58036,-0.3777,-0.032829
0.40338,-0.21982,-0.82534,0.32828
0.61259,-0.43631,0.5267,-0.39618
0.48105,-0.78442,-0.13142,0.36879
-0.66989,0.11193,0.48997,-0.54649
0.46721,-0.70033,0.085144,-0.53291
-0.86898,0.34141,0.34312,-0.10288
0.59869,-0.19731,-0.38669,0.67314
0.37044,-0.31567,0.74097,-0.4627
-0.1889,0.062638,0.68876,-0.69714
0.24186,0.10557,-0.77834,0.56969
0.37659,-0.70384,0.37514,-0.47123
0.17903,-0.20913,-0.81276,0.51346
-0.018812,-0.21201,0.69928,-0.68242
0.4944,-0.016311,-0.5126,0.70181
0.61741,-0.67471,0.37382,-0.15438
0.5685,-0.5412,0.25708,-0.56375
0.40615,-0.86725,-0.28099,0.062904
-0.77632,0.5768,0.0024606,0.25422
0.64868,-0.57665,-0.46794,0.16649
-0.82953,0.46886,-0.0098469,-0.30322
-0.67184,0.60368,-0.35946,0.2345
0.16068,0.32621,-0.44704,0.81727
0.034441,-0.39524,0.70347,-0.58969
0.33376,-0.43619,0.66268,-0.50911
0.68956,-0.67342,-0.1326,0.23114
0.69629,-0.43799,0.35828,-0.44157
0.88957,-0.30183,-0.21071,0.27048
0.11732,-0.068002,0.69494,-0.70616
0.47566,-0.054484,0.60625,-0.63502
0.60968,-0.22654,0.64772,-0.39676
-0.17255,0.28306,0.51528,-0.79031
0.57377,-0.78019,0.037372,0.24637
0.5417,-0.72778,-0.027363,-0.41969
0.074354,-0.39388,0.71334,-0.57487
0.32178,-0.032414,-0.78046,0.53506
0.56399,-0.58685,-0.40775,0.41383
-0.43913,0.86654,-0.21203,-0.1064
0.54871,-0.23355,-0.49162,0.63457
0.78276,-0.61258,-0.10956,-0.0055462
-0.30713,0.52557,0.21325,-0.76418
0.68217,-0.72295,0.078495,-0.076387
-0.6181,0.72249,0.033056,0.30802
0.45679,-0.79901,0.39101,-0.0064381
-0.61047,0.69127,-0.27927,-0.26734
-0.5748,0.5205,-0.6172,0.13325
-0.23141,0.40071,-0.33324,0.82148
-0.76706,0.58232,-0.03608,0.26688
0.024901,-0.51081,0.68921,-0.51327
-0.40431,0.39232,0.7287,-0.38938
-0.63215,0.41395,-0.14548,0.63865
-0.56957,0.39921,0.68403,-0.21983
0.37436,-0.8792,-0.16936,0.24122
-0.62361,0.59764,0.043771,-0.50202
-0.8347,0.46733,0.10639,0.27122
-0.52036,0.36519,-0.5502,0.54142
-0.43798,0.47975,-0.70115,0.29395
0.1716,-0.35764,-0.77708,0.48866
0.43138,-0.32993,-0.77612,0.32046
-0.29091,0.013566,-0.52547,0.79942
-0.85459,0.27615,0.29242,-0.32849
0.55688,-0.79366,0.060069,-0.23746
0.41572,-0.16649,0.82582,-0.34274
0.24103,-0.21818,0.38589,-0.86336
-0.25392,0.18778,-0.58617,0.7461
-0.84956,0.4564,0.25821,-0.057179
-0.40403,0.10752,-0.77028,0.48153
0.14017,-0.57232,-0.6167,0.522
-0.2178,0.76719,0.38723,-0.46264
-0.089085,0.10474,0.61372,-0.77746
0.41518,-0.78053,-0.32244,0.33829
-0.66,0.31638,0.38444,-0.56259
0.37341,-0.70866,0.58672,-0.11882
0.44174,-0.22176,-0.56527,0.66043
-0.70733,0.69327,-0.024032,0.13595
0.66656,-0.60459,0.35088,-0.25894
0.67811,-0.61276,0.3969,0.084612
0.44443,-0.62099,-0.19557,0.61531
0.69531,-0.42524,-0.35741,0.45604
-0.87011,0.401,0.15011,-0.24409
0.79042,-0.42067,-0.44123,0.05993
0.44115,-0.60786,0.55834,-0.35235
0.20116,-0.73443,-0.50976,0.40036
0.62814,-0.15238,-0.54336,0.53571
-0.5324,0.77005,0.26142,0.23503
-0.78499,0.5126,-0.18308,-0.29583
0.16124,-0.43619,0.4847,-0.74081
-0.45056,0.50589,0.66028,-0.3242
0.22525,0.17046,-0.44672,0.84891
-0.55931,0.18717,0.49932,-0.63468
0.11776,-0.3011,-0.75311,0.57297
0.62267,-0.53442,0.50516,-0.26737
-0.82248,0.46208,-0.26702,0.19675
0.51638,-0.74315,0.054339,-0.42206
-0.73266,0.61571,0.17598,0.2305
0.69896,-0.32378,0.49964,-0.39621
0.36296,-0.16073,0.33626,-0.85402
0.51333,-0.69393,0.029727,0.50405
0.50135,-0.28554,0.39252,-0.71627
-0.56284,0.40303,-0.63572,0.34153
0.13684,-0.10292,0.81915,-0.54742
0.39463,-0.88427,0.18771,-0.16459
0.22603,-0.37407,0.45656,-0.77494
0.56191,-0.77954,0.27611,-0.018588
-0.49851,0.35531,-0.69465,0.37776
-0.73942,0.63658,0.027431,-0.21742
0.22041,-0.49361,0.46106,-0.7037
-0.25099,0.049229,-0.78487,0.56441
-0.83229,0.36934,-0.34746,0.22396
-0.25892,0.2064,-0.79004,0.51594
0.82885,-0.48259,-0.012436,0.28277
0.55349,-0.18505,-0.60963,0.53643
-0.70819,0.63521,-0.047014,0.30457
-0.19245,0.77004,0.39863,-0.45944
0.55848,-0.55897,0.47432,-0.38817
0.47679,-0.69031,0.53905,0.074632
0.135,-0.19535,-0.70302,0.67036
0.037792,-0.67767,-0.54913,0.48763
-0.76022,0.54985,0.31806,-0.13624
0.53704,-0.82769,-0.16138,0.021652
0.19419,-0.30212,-0.57809,0.73269
-0.075731,0.30941,-0.62114,0.71604
-0.03926,-0.40218,-0.83508,0.37329
-0.57238,0.57022,-0.030689,0.58846
0.54498,-0.068195,-0.59319,0.58862
0.65831,-0.56937,0.38935,-0.30142
0.49338,-0.65935,0.10086,-0.55827
-0.64601,0.20224,-0.49081,0.54852
0.78263,-0.53949,0.29219,0.10518
0.22677,-0.12103,-0.82782,0.49864
-0.54607,0.077394,-0.69976,0.45404
-0.41615,0.56179,-0.48594,0.52447
0.53355,-0.27623,-0.69104,0.40185
-0.32845,0.33644,0.70345,-0.533
-0.066006,-0.29918,0.80818,-0.50298
0.71048,-0.48926,0.4855,-0.1419
-0.66146,0.58073,-0.47457,0.0013396
0.53837,-0.24008,-0.70118,0.40109
0.3967,-0.41465,0.72915,-0.37288
0.57595,-0.52116,0.48586,-0.40077
-0.5037,0.823,0.03566,0.26016
-0.56824,0.68617,-0.31859,0.3237
0.55101,-0.17544,-0.51876,0.62968
-0.23129,0.31207,-0.29743,0.87215
-0.76152,0.63843,-0.099325,0.051286
0.37987,-0.43961,0.76757,-0.2707
-0.41923,0.35065,-0.21697,0.80883
-0.65056,0.72598,-0.14299,-0.17114
0.79258,-0.54477,-0.23507,0.14067
0.74751,-0.2054,-0.51381,0.36748
0.4611,-0.78715,0.36206,-0.19155
0.063311,0.41197,0.76934,-0.48413
-0.59301,0.43034,0.19827,-0.65102
-0.51482,0.53722,-0.21157,0.63372
0.64441,-0.17015,-0.65085,0.36357
0.088292,0.32885,-0.64611,0.68308
0.55261,-0.79969,0.22484,0.067595
-0.37329,0.37893,-0.56118,0.63414
0.42434,-0.39322,-0.71967,0.3839
0.28745,-0.50445,-0.39535,0.71176
-0.28871,0.61583,-0.64109,0.35553
0.71668,-0.56807,0.17923,0.3627
0.41611,-0.078162,-0.78146,0.45833
0.082351,-0.54227,0.696,-0.46341
0.45995,-0.16575,0.50768,-0.70939
0.66704,-0.67449,-0.31605,0.015099
-0.40513,0.4126,-0.25124,0.77621
-0.34325,-0.077688,-0.42145,0.83578
-0.46432,0.75463,0.35682,-0.296
0.036257,-0.16428,-0.79791,0.57882
-0.33662,0.39425,0.58988,-0.6191
0.055901,0.30444,-0.40609,0.85982
-0.063732,0.47366,0.75648,-0.44646
0.32608,-0.28644,-0.83938,0.32721
0.097613,0.18659,-0.68196,0.70042
0.29698,-0.42177,0.78797,-0.33619
0.40797,-0.91062,0.059714,-0.02771
0.28931,0.10196,0.76985,-0.55968
0.50532,-0.10972,0.38382,-0.76505
-0.30039,0.7767,-0.52134,0.18631
-0.30789,0.37005,-0.72012,0.49969
-0.72081,0.56357,0.3924,0.094013
0.68095,-0.67736,0.1386,0.24141
-0.81799,0.47807,-0.31908,0.022994
0.54555,-0.65324,-0.34543,0.39538
0.49685,-0.46247,-0.66094,0.32004
-0.51898,0.55377,-0.63935,0.1234
-0.5524,0.75446,-0.35444,-0.0021493
-0.71282,0.49813,-0.055128,-0.49063
0.49698,-0.85514,0.070948,0.12931
-0.75716,0.48971,0.40342,-0.15541
-0.40887,0.11599,-0.62345,0.65626
0.12516,0.39974,0.7619,-0.49402
0.20998,0.039861,-0.71171,0.66917
-0.16216,0.219,-0.40284,0.87376
-0.59397,0.66128,-0.25513,-0.38055
-0.15584,0.42742,0.68916,-0.56399
0.67088,-0.71276,-0.051993,0.19795
0.21872,-0.024029,-0.48951,0.84378
0.54875,-0.33989,0.33434,-0.6867
-0.0016259,-0.61095,-0.60386,0.51195
-0.67896,0.60039,0.34544,-0.24335
-0.12766,-0.27933,0.73127,-0.60904
0.39078,-0.88303,-0.070482,-0.25016
0.37543,-0.78702,0.46246,-0.16058
0.74962,-0.60193,-0.23518,-0.14297
0.44252,-0.61246,-0.64347,0.1225
-0.47955,0.56642,0.59058,-0.31687
0.8688,-0.34395,-0.10237,0.34119
-0.35367,0.40038,-0.18798,0.82418
0.23794,-0.29573,0.64501,-0.66324
0.74075,-0.45262,-0.46631,0.17023
0.5211,-0.7543,0.011929,0.39917
0.54441,-0.4391,-0.58954,0.40405
0.75323,-0.62977,-0.13323,-0.13526
-0.48611,0.3048,0.6603,-0.48456
-0.6081,0.12257,0.44394,-0.64662
0.57358,-0.22828,0.48729,-0.61761
0.10804,0.075432,-0.67644,0.72462
-0.61522,0.26136,0.5028,-0.54808
0.50983,-0.41313,-0.67569,0.3359
0.28151,-0.13677,0.53159,-0.78706
-0.86526,0.44059,-0.18691,0.14922
0.40669,-0.17622,0.35439,-0.82338
0.40448,0.067979,-0.5012,0.76195
-0.51893,0.54079,-0.66129,0.030884
0.81051,-0.37478,0.28657,-0.34712
0.45586,-0.77296,-0.35648,0.26007
-0.81964,0.54681,-0.15261,0.076825
0.42406,-0.36777,-0.79687,0.22341
-0.52312,0.11319,0.7085,-0.45996
-0.077635,-0.17832,0.76953,-0.60827
-0.45985,0.37935,-0.34494,0.72502
0.11545,0.21684,0.57644,-0.77934
-0.86908,0.28891,0.33741,-0.21769
-0.27566,0.27047,-0.83067,0.40107
0.67973,-0.53927,0.48061,-0.12715
-0.50076,0.84592,-0.17713,0.047733
0.47999,-0.75075,-0.11951,0.43783
-0.24975,0.52296,-0.73301,0.35615
0.35693,-0.27242,0.59032,-0.67075
-0.63158,0.67775,-0.36911,-0.074333
-0.52042,0.83537,-0.060253,-0.16641
0.075159,0.088119,0.54802,-0.82841
-0.089399,-0.31635,0.44018,-0.83557
-0.62797,0.53395,-0.16009,0.54307
-0.45957,0.71074,-0.064836,0.52861
-0.66408,0.57934,0.13679,-0.45238
0.032531,0.464,-0.61262,0.63902
0.17986,-0.046185,0.81193,-0.55343
0.21068,-0.31331,-0.61184,0.69505
-0.54931,0.027791,0.66283,-0.50808
-0.40073,0.85942,0.12698,-0.291
0.037688,-0.2253,-0.75272,0.61744
0.20276,-0.32168,0.56831,-0.72968
-0.42076,0.64699,-0.42483,0.47316
-0.392,0.86848,-0.27396,0.1305
0.78857,-0.58634,0.18534,0.004293
0.66316,-0.55736,0.48929,-0.10081
0.72382,-0.43939,-0.35814,0.3934
0.61087,-0.47506,-0.49801,0.39134
0.33108,-0.85904,0.2129,-0.32729
0.72992,-0.23224,-0.46282,0.44618
0.21776,0.24207,0.76549,-0.55499
0.42728,-0.30816,-0.62001,0.58143
0.84533,-0.50968,0.12011,-0.10592
0.63163,-0.39987,-0.50073,0.43638
-0.15263,0.15901,-0.44059,0.87023
-0.73009,0.60998,0.0074181,-0.30795
-0.51051,0.65762,-0.3094,0.45955
-0.68705,0.57202,-0.42601,0.13882
0.59937,-0.66099,-0.1394,0.42944
0.11283,-0.63761,0.54769,-0.52986
0.56538,-0.25482,0.71335,-0.32642
0.38829,-0.74608,0.53408,-0.085768
0.53053,-0.65464,0.52435,0.12267
0.7587,-0.56006,0.25456,-0.21423
-0.61534,0.50827,-0.45315,0.39708
-0.42966,0.1296,0.72271,-0.52562
0.3978,-0.60272,0.53709,-0.43591
-0.44534,0.80147,-0.045295,0.39657
-0.28598,0.12691,0.49378,-0.81135
-0.16075,0.58245,0.37716,-0.7019
0.20329,-0.27877,0.67689,-0.65021
-0.8751,0.41191,-0.19181,0.16653
-0.14479,0.26075,-0.69354,0.65578
-0.88989,0.43882,-0.10637,0.064899
0.59675,-0.78911,-0.11201,0.093029
-0.66424,0.60309,-0.43719,0.062698
-0.55635,0.30053,0.4576,-0.6251
-0.41144,0.87239,0.2351,-0.11988
0.38843,-0.86353,0.21857,-0.23596
-0.44441,0.71088,0.20737,-0.50414
0.35369,-0.59439,0.25405,-0.67606
0.59822,-0.18391,0.62197,-0.4706
0.01759,-0.021356,-0.77694,0.62897
0.37336,-0.12032,-0.81388,0.42862
0.61724,-0.77033,-0.0073175,0.15987
0.52192,-0.26897,-0.76751,0.25726
-0.44933,0.25531,0.60029,-0.61038
-0.21131,-0.042549,-0.7985,0.56208
-0.10401,-0.13804,0.57877,-0.79696
0.05424,0.25301,-0.77464,0.57704
0.58144,-0.80459,0.11536,-0.035351
0.62091,-0.73535,-0.15515,-0.22284
-0.69251,0.61662,-0.093566,0.36256
-0.42599,-0.081903,0.68813,-0.58164
-0.74015,0.40264,-0.40805,0.35149
0.33947,-0.50326,-0.57022,0.55347
-0.072567,0.33855,-0.51412,0.78473
-0.45059,0.41104,0.56404,-0.55666
0.19624,-0.72879,-0.52474,0.39371
-0.38459,0.3377,0.63924,-0.57395
-0.33267,0.44928,-0.71356,0.42226
-0.45495,0.70955,-0.43353,0.31878
0.77069,-0.54429,-0.18228,-0.2767
-0.069478,0.58265,0.65776,-0.47227
-0.50189,0.30624,0.67614,-0.44402
0.47123,-0.59357,0.63124,-0.16476
-0.18352,0.56944,-0.47672,0.64405
0.59883,-0.20406,-0.65455,0.41391
-0.078438,-0.12351,-0.63588,0.75779
-0.76576,0.49638,-0.19355,0.36023
0.59963,-0.49667,-0.62499,0.056196
0.46067,-0.84241,0.20976,0.18476
0.69607,-0.43224,-0.46388,0.33686
-0.62831,0.60568,0.47673,-0.10537
0.086737,0.035217,-0.67693,0.73007
0.66494,-0.71135,-0.10791,0.20045
-0.7276,0.54511,-0.018741,0.41607
-0.33982,0.21744,0.46637,-0.78724
-0.56454,0.82482,0.0052381,0.030643
0.42196,-0.81913,-0.38695,0.03519
0.13639,-0.41262,-0.58643,0.68355
-0.56414,0.78196,-0.16188,0.20996
0.662,-0.6932,0.22598,0.17366
-0.72229,0.3259,0.33088,-0.51245
-0.13381,-0.2826,0.52192,-0.79362
0.50234,-0.31317,-0.73702,0.32615
-0.72501,0.61462,0.13925,-0.27788
-0.35587,0.59564,-0.64842,0.31326
-0.70865,0.52933,-0.46592,-0.0233
0.66474,-0.60213,-0.25081,0.36422
-0.25175,0.71022,0.51179,-0.41266
0.30351,-0.53185,-0.63375,0.47263
-0.51791,0.80738,-0.25967,0.11169
0.46577,-0.83856,-0.28081,-0.031963
0.65223,-0.59451,0.3845,-0.27076
-0.77059,0.16366,0.49987,-0.3599
-0.64724,0.6559,-0.3705,-0.11663
-0.078264,0.10622,0.80615,-0.57681
0.19633,-0.23013,0.8356,-0.45854
-0.3521,0.32656,-0.5233,0.70394
-0.80552,0.3813,0.44712,-0.076356
-0.81174,0.29764,-0.30237,0.40133
0.58583,-0.6225,-0.21269,0.47335
0.73011,-0.33861,-0.13058,0.579
-0.39785,0.56427,0.60669,-0.39401
-0.1717,-0.12664,0.78455,-0.58221
0.040821,0.40267,0.60966,-0.68155
0.52651,-0.58571,0.61276,-0.065215
0.41162,-0.59413,0.48821,-0.48911
-0.81872,0.17502,-0.39787,0.37518
0.68223,-0.46112,0.24075,-0.51378
0.20229,-0.66423,-0.44544,0.56521
0.49632,-0.30322,0.76287,-0.28241
0.09276,-0.11321,-0.63871,0.7554
0.19499,0.16158,0.41544,-0.87366
0.52303,-0.24039,0.54415,-0.61037
-0.26229,0.58674,0.70848,-0.29154
0.63071,-0.74702,0.14638,0.15078
-0.56033,0.5057,0.34726,-0.55652
0.26094,-0.1159,0.81517,-0.50396
0.10138,-0.21857,-0.47483,0.84646
0.50751,-0.51065,0.6936,-0.024309
-0.10523,0.068593,0.63324,-0.7637
0.29185,-0.59084,-0.33412,0.67387
0.53887,-0.32044,-0.64844,0.43181
0.035959,0.32577,0.46245,-0.82385
-0.8131,0.52243,0.097448,0.23757
0.87148,-0.47829,-0.045583,-0.098418
-0.76661,0.60847,0.19507,-0.063492
0.25232,-0.68819,-0.26266,0.62749
-0.63141,0.35249,0.61348,-0.31736
-0.16308,0.011687,-0.7276,0.66623
-0.71068,0.45088,-0.16761,0.51336
-0.053154,0.29226,0.70419,-0.64488
0.17289,-0.11855,0.75686,-0.61905
-0.24379,0.33603,-0.46763,0.78037
0.70817,-0.52414,0.026615,0.4723
-0.54021,0.14324,-0.3314,0.76015
-0.66096,0.60148,-0.44852,0.013434
-0.50594,0.76771,-0.1018,0.37985
-0.82538,0.53414,-0.093898,0.15695
0.67479,-0.29153,-0.19417,0.64959
0.77868,-0.58304,0.05359,0.2255
0.39297,-0.70519,0.56564,-0.16832
-0.20744,0.18882,0.60241,-0.74727
0.062781,-0.4223,0.75034,-0.5047
0.48161,-0.83602,0.24481,0.095883
0.6065,-0.097481,0.48863,-0.6196
0.4339,-0.68606,-0.57741,0.087505
-0.47956,0.43933,0.71239,-0.26365
0.62888,-0.66705,-0.23922,-0.31988
-0.12228,-0.24525,-0.74281,0.61085
0.70059,-0.6766,-0.068048,0.21622
-0.51576,0.22388,-0.49787,0.6603
-0.50213,0.77755,-0.36796,-0.088792
-0.54204,0.55229,-0.12262,0.62139
-0.32375,0.48063,-0.75255,0.31281
0.75766,-0.19542,-0.52355,0.33714
0.42674,-0.55478,0.63533,-0.32629
-0.77023,0.46373,0.081509,-0.43017
0.71553,-0.44347,-0.092929,0.53171
0.22392,-0.38169,-0.68064,0.58387
0.066032,-0.10968,-0.70182,0.70075
-0.64057,0.67647,-0.34983,-0.098384
-0.50724,0.61788,-0.11715,0.58924
0.37558,-0.61832,0.55538,-0.41009
0.52254,-0.17555,0.37608,-0.74478
0.58064,-0.37633,0.6684,-0.2729
0.49509,-0.55666,0.66239,-0.079089
0.086264,-0.20439,-0.81993,0.52773
0.0034095,-0.11419,-0.65006,0.75125
0.1746,-0.3747,0.62317,-0.66391
0.13376,0.088845,-0.81493,0.55687
0.67921,-0.57963,-0.083753,-0.44236
-0.55828,0.29867,0.48059,-0.60675
0.16056,-0.50067,-0.39159,0.75512
0.61449,-0.74166,-0.035656,0.26657
-0.52017,0.39623,0.69772,-0.29258
-0.73388,0.60788,0.17052,0.25065
-0.31741,0.060654,-0.56194,0.76144
0.7213,-0.29742,-0.33665,0.5272
0.70805,-0.66702,-0.18837,0.13514
-0.74505,0.51018,-0.15952,-0.39895
-0.33558,0.083198,0.84617,-0.40553
-0.21329,-0.17915,0.52789,-0.80234
0.09884,0.11688,0.76118,-0.63022
-0.015321,-0.36843,-0.6825,0.63105
-0.08709,0.42897,0.75995,-0.4805
0.22578,0.18169,0.58709,-0.75586
-0.32937,0.53471,-0.36453,0.68754
-0.74595,0.62875,-0.045505,-0.21485
-0.7053,0.66891,0.22175,0.077121
0.38067,-0.64968,-0.2971,0.58714
-0.74959,0.34446,-0.42807,0.36907
-0.39495,0.45576,-0.61854,0.50368
-0.070036,-0.25628,0.65025,-0.71175
0.49815,-0.61461,-0.35326,0.49931
0.43282,-0.70708,-0.36403,0.42447
-0.58112,0.70664,-0.33769,0.22121
-0.09187,-0.3181,-0.45338,0.82754
0.73618,-0.55655,0.069314,-0.37878
0.40885,0.047185,-0.64488,0.64401
-0.29676,0.8115,0.38778,-0.32097
-0.84733,0.52589,-0.014774,-0.072436
0.42823,-0.24528,0.69185,-0.52706
-0.332,0.86415,-0.22912,0.30087
-0.16373,0.60843,0.65963,-0.40976
0.46458,-0.44098,-0.15729,0.75164
0.57262,-0.29088,-0.57757,0.50388
0.897,-0.42307,0.10594,0.07204
0.40612,-0.7474,0.3093,-0.4252
-0.74715,0.59664,-0.23583,-0.17368
0.24678,-0.0089034,-0.56012,0.79075
0.0093822,-0.58955,-0.64853,0.48141
-0.34432,0.40396,0.75636,-0.38234
0.61082,-0.62176,0.45555,0.1811
-0.74808,0.29491,0.34249,-0.48591
0.59198,-0.60972,-0.015964,-0.52682
0.7718,-0.45301,0.14098,-0.42336
-0.12226,0.40625,0.74326,-0.51728
0.020836,0.57199,0.65226,-0.49694
0.16187,-0.25007,0.42608,-0.85424
-0.47006,0.39488,0.21883,-0.75843
-0.615,0.60314,0.0064248,-0.50789
0.15265,-0.60939,0.36563,-0.68677
0.10093,0.29166,-0.687,0.65786
-0.32861,0.24903,0.80648,-0.42378
-0.29052,0.55212,0.69036,-0.36629
-0.015611,-0.12245,0.50484,-0.85434
0.51824,-0.14608,-0.5535,0.63539
0.27852,-0.11603,0.57247,-0.76239
0.46215,-0.79421,-0.37963,0.1074
0.42236,0.0044305,0.47085,-0.77453
0.43566,0.060683,0.64346,-0.62648
0.24023,-0.22481,-0.55418,0.76461
-0.26174,0.6495,0.34547,-0.62473
0.69276,-0.056787,0.4397,-0.5688
-0.76091,0.5974,0.094989,0.23475
-0.70785,0.63976,0.29914,0.012946
-0.4476,0.027069,-0.73372,0.51046
0.10588,-0.30303,-0.73651,0.59541
-0.074155,-0.4232,0.74171,-0.51504
-0.77773,0.59775,-0.1922,0.029798
0.54239,-0.53652,-0.62221,0.17555
0.12818,-0.1712,0.4584,-0.86263
0.47466,-0.67525,-0.094537,0.5566
-0.75892,0.58437,-0.16752,-0.23341
0.70131,-0.29144,-0.57849,0.2976
0.48179,-0.81927,-0.16947,0.26066
0.565,-0.21794,0.50275,-0.61686
0.66929,-0.48199,-0.39766,0.402
0.54127,-0.63773,-0.53216,0.13089
-0.50846,0.16176,-0.59999,0.59609
-0.55038,0.53283,-0.30616,0.56518
0.68362,-0.59089,-0.41558,0.10396
-0.027727,0.58508,0.64195,-0.49479
0.015206,-0.34425,0.50218,-0.79314
-0.65028,0.5836,-0.37637,0.30803
-0.29221,0.46232,0.43844,-0.71319
-0.11347,0.06448,0.69642,-0.70567
0.40052,-0.77351,0.073613,-0.48564
0.65699,-0.6172,-0.39071,-0.18645
-0.80676,0.51806,0.13913,0.24778
0.44728,-0.15256,0.60219,-0.64345
-0.42505,0.82853,-0.34838,-0.10726
0.41923,-0.0047322,0.72055,-0.55229
0.60548,-0.78845,-0.023716,-0.10567
-0.77831,0.14072,0.44349,-0.42159
-0.26291,0.10168,-0.62994,0.72369
0.60422,-0.29012,0.25645,-0.6964
0.83202,-0.42447,-0.33344,0.12799
0.45001,-0.51551,0.69624,-0.21679
-0.78671,0.52281,-0.29254,0.14894
-0.5755,0.6503,-0.23673,0.43574
0.22215,-0.059053,-0.8507,0.47273
0.54052,-0.11505,0.69684,-0.45718
-0.40712,0.36467,0.81687,-0.1844
-0.61161,0.76869,0.084561,-0.16701
-0.74622,0.45183,0.36718,-0.32277
-0.057731,0.23512,0.8038,-0.5434
-0.036533,-0.10666,0.65163,-0.75011
0.45309,-0.30746,-0.79189,0.27037
0.74544,-0.25382,0.38679,-0.4799
-0.54848,0.51395,-0.26435,0.60427
0.39604,-0.78401,0.36134,-0.3129
-0.80849,0.58797,0.020857,0.014356
0.5046,-0.79631,0.096942,0.31919
0.46149,-0.67756,-0.14339,0.55441
-0.79988,0.48571,-0.10751,0.33574
0.56628,-0.40996,-0.68312,0.21119
-0.71467,0.52026,0.28195,-0.37293
-0.54732,0.80252,0.23148,-0.053174
-0.54238,0.46745,0.6859,-0.12984
-0.60568,0.68307,-0.397,-0.094638
0.25549,0.12492,0.41899,-0.86231
0.68717,-0.22338,-0.36751,0.58552
-0.045231,0.38178,0.47274,-0.79292
-0.2107,-0.20425,0.74412,-0.60015
-0.020297,-0.58203,0.65922,-0.47566
-0.27972,-0.059613,-0.66057,0.69416
-0.064699,-0.2329,0.79301,-0.5592
-0.016711,-0.15966,0.69947,-0.6964
0.83337,-0.5114,0.06742,-0.19854
0.55032,-0.76894,-0.23441,0.22567
0.090479,-0.0030999,-0.87714,0.47162
0.062591,-0.48059,0.69586,-0.53
0.55743,-0.65093,-0.27464,0.43605
0.34725,-0.7226,-0.54362,0.24848
-0.48436,0.45565,-0.54763,0.50783
-0.52887,0.59075,0.37996,-0.47639
0.70761,-0.12789,-0.47922,0.50327
-0.57098,0.45376,-0.63612,0.25187
-0.68117,0.57166,-0.033216,0.45619
0.88143,-0.46633,0.002695,-0.074934
-0.64644,0.74983,0.095665,0.10348
-0.5843,0.73332,-0.016997,-0.34719
0.40389,-0.40987,0.67244,-0.46552
0.42956,-0.24011,0.75111,-0.44006
0.57717,-0.75635,0.3063,-0.031293
-0.64129,0.71845,-0.22311,-0.15096
0.54618,-0.80316,-0.23322,0.047193
-0.043651,0.15584,0.79607,-0.58317
-0.16868,-0.14341,0.69571,-0.68336
-0.11681,-0.24704,-0.52881,0.80354
-0.58167,0.76319,0.19053,-0.20714
0.42122,-0.84353,-0.065885,0.32664
0.38501,-0.13078,-0.63888,0.65306
0.21232,0.087391,-0.50304,0.83321
0.48615,-0.82231,-0.050108,0.29147
0.49733,-0.75198,0.0067476,0.43259
0.00040726,0.59166,-0.64352,0.48561
0.67496,-0.36743,-0.10401,0.63135
0.34676,-0.20777,0.7514,-0.52152
-0.74949,0.51252,0.41026,0.085308
-0.11592,0.10054,-0.52824,0.83511
-0.4825,0.13178,-0.3342,0.79883
0.0546,-0.51821,0.59194,-0.61488
0.50355,-0.58346,0.55957,-0.30477
-0.47379,0.39582,0.69618,-0.36631
-0.31169,-0.07971,0.56034,-0.76323
0.21002,-0.1901,-0.80607,0.51961
0.3982,-0.72035,0.26957,-0.49986
-0.10205,-0.42263,0.61664,-0.65629
0.045612,-0.42077,0.74962,-0.50887
-0.49589,0.5416,-0.61646,0.28414
0.80009,-0.49734,0.28105,0.18307
-0.73976,0.61326,-0.22574,-0.16033
0.12891,0.29314,-0.81099,0.48963
-0.18217,0.21902,-0.48857,0.82471
0.84787,-0.50619,0.085025,-0.1329
-0.022131,0.017305,0.44917,-0.89301
-0.16382,0.36918,-0.6853,0.60599
-0.85058,0.41212,0.056675,-0.32165
-0.31538,0.64318,-0.44734,0.53548
-0.61969,0.7644,-0.13847,0.11182
-0.69885,0.58245,0.40437,0.094045
-0.69085,0.63,-0.22857,-0.27125
-0.35563,0.71188,-0.26132,0.54632
0.66414,-0.70982,-0.0094952,-0.23449
0.18618,-0.035698,-0.83432,0.51767
-0.54578,0.58647,0.10071,-0.58994
-0.55673,0.36298,-0.1725,0.72701
0.59223,-0.17812,-0.5755,0.53511
0.50565,-0.85047,-0.00082644,0.14498
-0.88961,0.43427,0.070531,0.12261
-0.18366,0.11568,-0.52651,0.82199
0.77046,-0.15512,-0.45971,0.41352
0.23082,0.20206,0.62506,-0.71777
-0.85189,0.47254,0.22559,0.010554
-0.54281,0.79998,0.1464,-0.20966
0.53402,-0.81355,0.19567,-0.12112
-0.16245,-0.31167,0.60401,-0.71529
0.26627,-0.20293,0.73334,-0.59171
-0.66174,0.65546,0.29548,0.21253
0.82474,-0.55636,0.099993,0.01616
0.4612,-0.75241,-0.44481,0.15269
-0.14393,-0.37746,0.58892,-0.69999
-0.19508,0.54081,0.60575,-0.55003
-0.54204,0.68717,0.24649,-0.41621
0.036996,0.38014,-0.52164,0.7629
-0.56647,0.33989,0.52198,-0.53956
-0.65597,0.54067,-0.50769,0.14013
-0.43259,0.86277,-0.10628,0.23915
-0.094884,0.0093126,0.76884,-0.6323
-0.63382,0.5348,-0.5588,-0.0014055
-0.64954,0.73195,-0.096326,-0.18182
0.16632,-0.14315,0.82394,-0.52246
0.15774,0.26871,0.65239,-0.69087
-0.66263,0.1556,-0.57635,0.45226
0.52936,-0.70169,0.065179,-0.47239
-0.1226,0.46597,-0.55005,0.68212
0.56381,-0.78935,0.21302,-0.1169
0.32123,-0.15947,0.43417,-0.82636
-0.023101,0.29066,0.83357,-0.46919
-0.60008,0.76448,0.12214,0.20141
0.25382,-0.69889,-0.28871,0.60314
0.56101,-0.53639,-0.48151,0.40705
-0.54535,0.49318,0.1432,-0.66246
0.51712,-0.33447,0.73059,-0.29486
-0.71338,0.31106,-0.56932,0.26497
-0.62092,0.72316,0.29079,-0.083273
0.36934,-0.59748,-0.49627,0.51021
-0.80131,0.52334,0.28858,0.027188
0.20312,-0.24784,0.43887,-0.83947
-0.62753,0.061861,-0.54693,0.55068
0.74418,-0.48008,0.39354,-0.24667
0.55946,-0.71374,-0.41249,-0.086202
-0.57044,0.67083,0.40592,-0.24459
-0.11244,-0.34793,-0.78953,0.49289
-0.19753,0.05289,0.81425,-0.54331
-0.50607,0.59839,0.43141,-0.44688
-0.01433,0.0048705,-0.90418,0.42688
-0.44374,0.8301,-0.33689,-0.022971
0.089609,0.25723,0.54753,-0.79121
0.79182,-0.57103,-0.21663,-0.0041977
-0.46231,0.62375,0.017839,-0.62999
-0.53483,0.82656,-0.17006,0.042907
-0.71637,0.43876,0.2325,-0.49016
-0.78731,0.55324,0.24354,-0.12144
0.84463,-0.45106,-0.010596,0.28816
-0.39126,0.24548,-0.76626,0.44666
0.31685,-0.38747,-0.62402,0.60006
0.76153,-0.31673,0.51885,-0.22481
-0.2756,0.38322,-0.71421,0.51681
0.50762,-0.6197,0.28715,-0.52521
-0.68713,0.54719,0.31723,-0.3575
-0.017339,0.086611,0.58584,-0.8056
-0.74334,0.5895,-0.012051,0.31588
-0.21627,-0.17965,0.71966,-0.63485
-0.58869,0.50581,-0.31985,0.54341
-0.027098,-0.38538,-0.64803,0.65635
0.43413,-0.83663,-0.33089,-0.045689
-0.44113,0.3174,-0.63726,0.54641
0.2418,0.0073351,-0.50006,0.83151
0.67715,-0.63559,0.10596,0.35533
0.5167,-0.80767,-0.21777,-0.18238
0.55349,-0.79174,-0.023654,-0.25735
-0.74946,0.6523,-0.11285,-0.0084092
-0.49888,0.63521,-0.43679,0.39604
0.50651,-0.69311,-0.31698,0.40319
-0.77639,0.50921,-0.18556,-0.32169
-0.70297,0.20461,-0.53461,0.42208
-0.7937,0.49691,-0.16092,0.31181
0.42627,-0.19645,0.45858,-0.75459
0.30458,-0.086928,-0.61698,0.72042
0.69767,-0.367,0.56927,-0.23345
-0.56148,0.62832,0.53585,-0.053186
-0.5007,0.69377,-0.036501,0.51638
-0.43039,0.18356,0.4381,-0.76755
-0.49777,0.7815,-0.035951,-0.37442
0.68206,-0.59151,0.40657,0.14002
0.30408,0.080016,-0.50274,0.80523
-0.74375,0.23273,0.46667,-0.4182
-0.56394,0.6047,-0.015688,0.5622
-0.036523,0.44535,-0.50516,0.73834
-0.45863,0.61411,-0.62727,0.13807
0.71629,-0.62592,0.28023,-0.12893
0.27683,0.15529,0.80407,-0.50271
-0.62302,0.44643,0.23185,-0.59899
0.048511,-0.16734,-0.85552,0.48758
-0.49546,0.68135,0.12552,-0.52395
-0.60981,0.4348,-0.13291,0.64916
-0.75392,0.45011,-0.47017,0.089171
0.6565,-0.72739,-0.071057,0.18672
-0.16323,-0.21897,-0.63428,0.72325
0.1868,-0.61346,-0.63034,0.43754
0.36333,-0.45766,0.74884,-0.3127
0.20259,0.27363,-0.6977,0.63032
0.72497,-0.34081,0.55138,-0.23292
-0.61166,0.4934,-0.46067,0.41256
0.57949,-0.76676,-0.14584,-0.23452
-0.72808,0.29975,0.53111,-0.31301
0.37711,-0.49455,0.46978,-0.62651
0.31281,-0.54439,0.41827,-0.65638
0.5174,-0.057441,-0.70048,0.48819
-0.44063,0.27765,0.71138,-0.47191
0.26669,-0.68915,-0.33622,0.58387
-0.67795,0.63831,-0.28173,-0.23146
-0.48118,0.85876,-0.17529,0.016399
0.63268,-0.37175,-0.5671,0.37405
-0.63146,0.26524,0.65425,-0.32071
-0.47761,0.81942,-0.21893,-0.22915
-0.39026,0.59544,-0.31563,0.62731
0.66168,-0.69297,0.049461,0.28201
0.29493,-0.098062,-0.60761,0.7309
-0.54332,0.52136,-0.62061,0.2187
0.41695,-0.29901,-0.82202,0.24703
-0.47998,0.58282,-0.64506,0.11763
-0.81493,0.4193,-0.16656,0.36379
0.10611,-0.32266,0.62969,-0.69866
0.00076978,0.43003,-0.65218,0.62429
-0.42178,0.37643,0.72203,-0.39885
-0.19282,-0.24639,0.76007,-0.56956
0.72576,-0.54983,-0.12483,0.39418
0.019598,-0.23245,-0.6491,0.72405
0.52696,-0.43998,0.48988,-0.53736
-0.099456,-0.012208,0.49793,-0.86141
0.33872,-0.38024,-0.26384,0.81919
0.093043,0.37554,-0.69554,0.60542
0.71903,-0.66256,0.13578,-0.15989
-0.54284,0.79123,-0.27572,0.057094
-0.74238,0.52149,0.32775,-0.26365
0.34572,-0.64712,0.59531,-0.32759
-0.72693,0.23566,-0.35765,0.53676
0.18258,-0.13969,0.86476,-0.44648
-0.3706,0.57458,0.45616,-0.56959
-0.3687,0.18089,0.53442,-0.73874
0.38206,-0.043436,-0.76224,0.5207
-0.0022578,0.29762,0.45537,-0.83908
