1,0.69016772508621,-0.69016772508621,0.15384568274021,-0.15384577214718
2,0.29419305920601,-3.3754825601306e-09,3.8608521935046e-10,0.95574605464935
3,0.53316849470139,-3.6637626266156e-09,-2.6540565301048e-09,-0.84600907564163
4,-0.44231277704239,2.5073061404868e-09,2.5838349237972e-09,0.8968608379364
5,-0.16416484117508,-5.0438409004983e-10,3.3520066722303e-09,0.98643290996552
6,-0.17890924215317,-3.3669247945234e-10,3.1890636797982e-09,0.98386561870575
7,0.94880133867264,2.1518666848408e-09,2.7249296152831e-09,-0.31587344408035
8,0.952487885952,-1.1503878405428e-10,7.5683065370313e-10,0.30457651615143
9,0.020332928746939,-4.8978709976666e-09,1.4172661932932e-09,0.99979329109192
10,0.86540633440018,1.9697359299187e-09,-5.6024389571974e-09,0.50107073783875
11,0.99956506490707,4.1235499459447e-09,5.2183113385951e-10,0.029490679502487
12,0.67655020952225,4.1429895070166e-09,1.4690264560357e-09,0.7363965511322
13,0.79876106977463,4.0986112281871e-09,-1.679916872277e-09,-0.60164839029312
14,0.56369441747665,-2.1338903977153e-09,-6.6367922268995e-10,-0.82598340511322
15,0.73471069335938,-3.7677527764401e-09,-3.9567322751566e-09,-0.67838054895401
16,0.24265614151955,1.8873251850238e-09,4.4275703103835e-09,0.97011238336563
17,0.23487018048763,-1.2932844795088e-09,-2.751406436019e-09,0.97202676534653
18,0.12274514883757,-1.7471517288481e-10,3.8854226502849e-09,0.99243825674057
19,0.87688583135605,-4.2378252018693e-09,1.1094970497894e-09,-0.48069870471954
20,0.64733844995499,-2.2135306920745e-09,-5.2053814592057e-09,0.76220268011093
21,0.59902197122574,-4.6179033930116e-09,-1.0649895409998e-09,-0.80073261260986
22,0.41162952780724,-5.8523701440549e-09,1.9167367693029e-09,0.9113512635231
23,0.92659598588943,6.0728017059475e-10,-2.3496140588719e-09,-0.37605836987495
24,0.64985489845276,-3.4460170272865e-09,-1.2036035501595e-09,-0.76005828380585
25,0.6168138384819,-2.14262452225e-09,-3.5608502813034e-09,0.78710907697678
26,0.99712216854095,-4.8636428218174e-10,3.4952591931869e-09,0.075811438262463
27,0.99974828958511,2.5181573493072e-10,2.6688780074835e-09,-0.022437043488026
28,0.68595820665359,2.34776043051e-09,-4.5530512693404e-09,0.72764092683792
29,0.44968128204346,0.54569834470749,0.44968140125275,-0.54569834470749
30,-0.41349148750305,1.1549896594687e-09,-2.7979989436488e-09,0.91050797700882
31,0.5594162940979,-1.7640497063098e-08,1.0632856373149e-08,-0.82888686656952
32,0.47399416565895,-4.0845526960709e-09,-3.9330503298629e-09,0.88052797317505
33,0.50570756196976,-6.825199849736e-10,2.7180295791851e-09,0.86270499229431
34,0.78943973779678,-3.1878713002698e-09,2.206102633906e-09,-0.61382806301117
35,0.4272612631321,0.42726135253906,0.56342494487762,0.56342512369156
36,0.4899688065052,1.2448446717883e-09,2.9091697939521e-09,0.87173998355865
37,0.59707117080688,0.59707111120224,-0.37882193922997,-0.37882193922997
38,0.40337324142456,5.0988098188043e-09,-2.4565234291174e-09,0.91503554582596
39,0.66534459590912,2.3421351524888e-09,-2.9636133547228e-09,-0.7465363740921
40,0.89967656135559,-3.5322911262625e-09,-1.8371242305193e-09,0.43655708432198
41,0.053722973912954,1.2901849588687e-09,5.7722959745377e-09,0.99855589866638
42,0.88369202613831,-3.5539990950184e-09,-1.9843882093085e-09,0.46806877851486
43,0.99774622917175,5.1366906284045e-09,-1.3715771574052e-10,-0.067100264132023
44,-0.46692663431168,3.0141229512282e-09,1.2641994118212e-09,0.8842961192131
45,0.92534101009369,3.044006824382e-09,5.1238846499047e-10,0.37913581728935
46,0.99098193645477,2.9819655078533e-10,3.5276097598569e-09,-0.13399586081505
47,0.53119987249374,4.0540695245284e-09,-2.9173532478666e-09,0.84724658727646
48,0.63803726434708,0.63803750276566,0.30480864644051,0.30480855703354
49,0.75161784887314,3.0221052327306e-09,-1.9575183696219e-09,0.65959882736206
50,0.35702601075172,2.0447616932984e-09,2.7303019844993e-09,0.93409442901611
51,0.70560574531555,-3.0650237903274e-09,4.9480810559999e-09,-0.70860463380814
52,0.6550150513649,-0.26637449860573,0.6550150513649,0.26637449860573
53,0.98971474170685,3.3003479948945e-09,2.3533850423973e-09,0.14305517077446
54,0.97191399335861,4.5940518056398e-09,-1.4190744135334e-09,-0.23533630371094
55,0.77856558561325,2.6622084536854e-09,3.611600796205e-09,0.62756323814392
56,0.85749572515488,2.0960966296002e-09,2.6438187195055e-09,0.51449108123779
57,0.68251180648804,0.68251174688339,0.18487198650837,0.18487203121185
58,-0.035068821161985,6.8853706070016e-10,2.5159039296341e-09,0.99938493967056
59,0.95102918148041,-4.7344014125761e-11,5.9791758211247e-09,-0.30910113453865
60,-0.093376994132996,-1.300610730226e-09,-6.2339239326192e-10,0.99563086032867
61,0.99396330118179,3.9473380120114e-09,6.44495512514e-10,0.10971311479807
62,0.70507740974426,-0.7050769329071,-0.053536936640739,0.053536992520094
63,0.7205063700676,-3.9520573480445e-09,-1.852799469404e-09,-0.69344836473465
64,0.94654768705368,2.8599105306171e-09,4.2593764071341e-09,-0.32256400585175
65,-0.15958891808987,6.5154620587649e-10,6.0014277991627e-09,0.98718357086182
66,-0.19394817948341,-4.2445377768097e-10,4.6396944064497e-09,0.98101180791855
67,0.83907705545425,1.1852431258674e-09,-3.9866554502055e-09,0.54401260614395
68,0.54313737154007,-9.6612595701373e-10,-1.3447283286894e-09,0.83964383602142
69,0.96006631851196,1.5873383718557e-09,5.7424767163639e-09,-0.27977257966995
70,0.4627745449543,-1.3460663139675e-10,2.8756419467868e-09,0.88647603988647
71,0.74148869514465,-3.3032074853168e-09,1.3700042211795e-09,0.67096543312073
72,0.70190274715424,-0.085629887878895,-0.70190280675888,-0.085629887878895
73,0.22027188539505,-0.22027184069157,-0.67192280292511,0.6719229221344
74,0.98975944519043,-3.3199296645137e-09,-6.1684857222133e-10,-0.14274567365646
75,0.15597395598888,-5.1425477209932e-09,1.0158295316032e-09,0.98776119947433
76,0.99000525474548,5.8909477296254e-10,-5.2587223464684e-09,-0.14103062450886
77,0.62983965873718,2.1664354754591e-09,2.396216558509e-09,-0.77672523260117
78,0.71230059862137,2.8799189699669e-09,-8.4839862912744e-10,0.70187455415726
79,0.90618896484375,-3.7445251344081e-09,-5.9391783158169e-11,-0.42287307977676
80,0.75465160608292,3.0534961226181e-09,1.4751103671884e-09,-0.65612572431564
81,-0.36998569965363,-1.5977217326935e-09,-4.5354145439269e-10,0.92903745174408
82,0.97018551826477,1.1241920727656e-09,-3.1457836335846e-09,0.24236361682415
83,0.9216610789299,-2.1160206920001e-09,3.1599289851414e-10,-0.38799595832825
84,0.56217801570892,-0.42890077829361,0.56217807531357,0.42890068888664
85,-0.011200510896742,3.9678860197512e-09,-7.9803846864124e-10,0.9999372959137
86,0.71298038959503,2.6195468016965e-09,2.3187383124679e-09,-0.70118397474289
87,0.0031467860098928,3.5764136097072e-09,6.7830796535162e-11,0.99999505281448
88,-0.15514731407166,-4.9468575902267e-09,1.8127398182782e-13,0.98789137601852
89,0.6224057674408,-1.7726351497771e-09,-3.1902274155726e-09,0.78269475698471
90,0.94140154123306,-1.8579622285131e-09,-5.5259357090165e-09,-0.33728805184364
91,0.70529228448868,2.158393463958e-09,-2.0835677627673e-09,-0.70891666412354
92,0.40785458683968,5.1856501315228e-09,-1.7802480600793e-09,0.91304689645767
93,0.68635982275009,3.3475271443706e-09,-4.9205506336136e-09,0.72726213932037
94,0.5316589474678,-5.9408344910139e-10,-2.180081670744e-09,0.84695851802826
95,0.28573045134544,2.3947483995812e-09,-6.9373151667662e-10,0.95831000804901
96,-0.13371689617634,1.9151757957303e-09,-2.7951547743044e-09,0.99101960659027
97,-0.45496660470963,0.54129976034164,-0.45496654510498,-0.541299700737
98,0.11620647460222,-0.11620651930571,0.69749271869659,-0.69749271869659
99,-0.37787374854088,-2.837300616676e-09,1.196153509575e-09,0.9258571267128
100,-0.45547136664391,-2.0530583899614e-09,-2.3683250915951e-09,0.89025044441223
101,0.98362880945206,-5.5075599636467e-10,3.7819716247611e-09,0.1802065372467
102,0.068425185978413,-5.9955357345487e-10,3.570834961053e-09,0.99765628576279
103,-0.39866074919701,-3.1660252197696e-09,3.6214145016089e-09,0.91709846258163
104,0.98109740018845,5.0374162618994e-09,-2.326579345846e-10,-0.19351463019848
105,0.60180628299713,2.6828119725764e-09,4.1023460184419e-09,0.79864209890366
106,0.98711830377579,-1.1086258577819e-09,-1.9059076539207e-09,0.15999223291874
107,0.52348893880844,-1.417993278352e-09,3.2216178613709e-09,-0.85203248262405
108,0.9894614815712,1.7978069033475e-09,-7.5578411584676e-11,-0.1447963565588
109,-0.17800180613995,-2.527189568724e-09,-2.1253923065956e-09,0.98403018712997
110,0.95964568853378,2.6919191875585e-10,2.9226165931817e-09,-0.28121197223663
111,0.99610805511475,1.072217425957e-09,-4.1906447201256e-09,0.088140949606895
112,0.5941516160965,-0.38338473439217,0.5941516160965,0.38338473439217
113,0.99979954957962,-4.0050589511509e-09,8.0513007372218e-10,-0.020020684227347
114,0.11960449069738,-1.3168082180215e-09,3.8591272399913e-09,0.99282163381577
115,0.99430799484253,-8.83544959418e-10,3.9014804720239e-09,-0.10654401779175
116,0.89097237586975,-2.5703226214091e-09,3.1133460254296e-09,0.4540576338768
117,0.81542134284973,4.8950771214251e-10,-1.3370335949503e-09,-0.57886785268784
118,0.85364592075348,-4.7888795151607e-09,-3.6578491346972e-09,0.52085387706757
119,0.84848576784134,-9.9327568392482e-10,3.9874934465445e-09,0.5292181968689
120,-0.027027733623981,-0.027027728036046,0.70659005641937,0.70659005641937
121,0.025343870744109,-2.5850610541056e-09,5.277122627767e-10,0.99967879056931
122,0.99113965034485,-5.5860920333828e-09,2.803597798362e-09,-0.13282416760921
123,0.18867039680481,2.4826622979646e-09,2.5234092593251e-11,0.98204046487808
124,0.090035326778889,3.8266759205818e-10,-4.374644646532e-09,0.99593859910965
125,0.93059623241425,3.5172900147984e-09,9.9302321920902e-10,0.36604732275009
126,0.88024270534515,3.3036111624085e-09,1.5327176194901e-09,0.47452375292778
127,0.84129214286804,2.3752850797365e-09,-4.1280223683771e-09,0.54058074951172
128,0.51636564731598,2.3198656329271e-09,8.1901463389045e-10,-0.85636824369431
129,0.39768189191818,5.8151239379356e-10,4.6971004863394e-09,0.91752338409424
130,-0.30765187740326,5.5681858429635e-11,2.8806201868292e-09,0.95149898529053
131,0.51985764503479,-3.5848162216467e-09,-2.5762254551864e-09,-0.85425293445587
132,-0.21346853673458,2.3776698387934e-09,-2.8180269229239e-09,0.97694993019104
133,-0.13140217959881,8.3369472436701e-10,-4.5039421081583e-09,0.99132919311523
134,0.74496185779572,-4.2021501833744e-09,-4.0593937100653e-09,0.66710704565048
135,0.56386113166809,-2.9577709170781e-09,-2.4499215989238e-09,0.82586961984634
136,0.99609571695328,6.5460964426833e-10,4.5177319663026e-09,0.088280044496059
137,0.6709098815918,0.22333811223507,-0.67090994119644,0.22333805263042
138,0.65147054195404,-0.27492916584015,-0.65147072076797,-0.27492916584015
139,0.97005331516266,-1.9972703491078e-09,1.7605755742167e-09,0.24289202690125
140,0.79420614242554,4.0037462234466e-09,3.0484323954028e-09,0.60764837265015
141,0.67216497659683,2.7864481833006e-09,-1.7545969122068e-09,-0.74040138721466
142,0.58383148908615,2.1224786372898e-09,-2.19773732546e-09,0.81187492609024
143,0.56833040714264,4.760406291382e-09,3.7065250868551e-09,-0.82280045747757
144,0.70226925611496,7.1031797110876e-10,1.1633841667802e-09,-0.71191149950027
145,0.99767351150513,-4.2835068825298e-09,1.0884295686964e-09,-0.068173244595528
146,0.99130761623383,2.1124731131028e-10,-4.4256553977107e-09,-0.13156470656395
147,0.94386255741119,-1.0638707692578e-09,-2.9665465639539e-09,-0.33033847808838
148,-0.49490809440613,-2.6820967669039e-09,-1.3118789388145e-09,0.86894536018372
149,0.6612451672554,2.6767965621843e-09,-2.404745957918e-09,0.75016993284225
150,0.70906257629395,3.1176325965276e-09,2.1081081325036e-09,-0.70514559745789
151,0.57055354118347,-2.0353345675517e-09,2.6448299106363e-09,0.82126039266586
152,0.71051019430161,-2.4636510609355e-09,3.0754996327431e-09,0.7036868929863
153,0.99989855289459,1.7194619061911e-09,1.697724849592e-09,-0.014243353158236
154,-0.14290913939476,-0.14290906488895,0.69251495599747,0.69251501560211
155,0.41580611467361,-3.2902294222481e-09,-1.0331902000615e-09,0.90945327281952
156,0.50497943162918,-0.49497044086456,-0.50497943162918,-0.49497050046921
157,0.23515222966671,-3.8069378760497e-09,-2.3271357063592e-11,0.9719585776329
158,0.63693797588348,0.3070994913578,-0.63693785667419,0.3070994913578
159,0.20887365937233,-6.6104355322949e-10,-2.5824657967632e-09,0.97794264554977
160,0.95753622055054,2.3591850695226e-10,-3.2512943448637e-09,-0.28831306099892
161,0.74578720331192,-2.3750008626422e-09,2.0798016642232e-09,0.66618424654007
162,0.98962426185608,3.5160940825563e-09,1.5122384455779e-09,-0.14367951452732
163,0.6079603433609,-3.2769378321973e-09,-4.1715372822715e-10,-0.79396736621857
164,0.030735475942492,2.7659148305048e-09,-7.4904055180625e-11,0.99952757358551
165,0.3906272649765,2.6531694619081e-09,-2.2920421116623e-09,0.92054897546768
166,0.66235101222992,-2.2762958185041e-09,2.5756314858683e-09,0.74919366836548
167,0.99691551923752,5.9653397777026e-09,-5.2250215265559e-10,-0.078482024371624
168,0.7019504904747,0.70195043087006,0.08523827791214,0.085238300263882
169,0.63314634561539,3.9926342232377e-09,-3.1305811276638e-09,-0.77403211593628
170,0.98494410514832,-4.6592454339134e-09,7.8526912750121e-10,-0.17287327349186
171,0.9972477555275,3.2302385211125e-09,6.6427502387612e-10,-0.074141249060631
172,0.9816871881485,1.580757080788e-09,9.001384082552e-10,0.19050012528896
173,0.74150037765503,-3.9606531387903e-09,-1.4749634846822e-09,0.67095243930817
174,-0.40545162558556,4.6859143232325e-09,2.8829687526155e-09,0.91411650180817
175,-0.12878935039043,3.817870908307e-09,1.4630801015159e-09,0.99167197942734
176,0.86902266740799,5.2262225658239e-09,1.8919805722106e-09,0.49477225542068
177,0.13218303024769,4.3482364930902e-10,-2.8621720549182e-09,0.99122536182404
178,0.11916218698025,0.69699382781982,0.11916211992502,-0.69699382781982
179,0.96852535009384,3.6764287170143e-09,1.3560201850282e-09,0.24891509115696
180,0.66127389669418,-0.25043338537216,-0.66127383708954,-0.25043335556984
181,0.59445631504059,-2.5765118927268e-09,3.163482364954e-09,-0.80412799119949
182,0.11304917931557,-4.6180788360051e-11,3.0281253060593e-09,0.99358940124512
183,0.82593393325806,-2.2589583537069e-09,-4.4484269601242e-09,-0.5637668967247
184,0.55738043785095,-0.55738037824631,0.43511736392975,-0.4351173043251
185,-0.095001921057701,1.4174200702044e-09,-4.0592671446404e-09,0.99547708034515
186,0.73634558916092,3.2348841383367e-09,-7.3629813357456e-10,-0.67660564184189
187,0.9835946559906,2.9612141627666e-09,9.8798913494846e-10,-0.18039280176163
188,0.98606425523758,5.1539306156201e-09,-6.6919234043006e-11,-0.16636495292187
189,0.5967755317688,4.718215151911e-09,1.5540019271398e-09,-0.80240827798843
190,0.59858417510986,-1.1976406533165e-09,3.3358635853631e-09,-0.80105990171432
191,0.75006359815598,3.7977190281424e-09,4.5142130034037e-09,0.66136568784714
192,0.69598042964935,1.5676069331505e-09,-3.138406201586e-09,-0.71806073188782
193,0.77813613414764,1.4639667256233e-09,-3.0457623090285e-09,0.62809562683105
194,0.19545504450798,-1.9504249326729e-09,-2.6712718703692e-09,0.98071265220642
195,-0.23764868080616,2.9522915223623e-09,2.4057738023942e-09,0.97135120630264
196,0.18100258708,9.0437290989343e-10,-3.0867675082646e-09,0.98348265886307
197,-0.38888654112816,2.1467516653217e-09,-3.9529837181362e-09,0.92128568887711
198,0.99304270744324,-3.7540956454585e-10,-2.5595452424199e-09,-0.11775481700897
199,0.99999982118607,3.4619600519648e-09,1.296864504674e-09,-0.00065619865199551
200,-0.060375213623047,-1.0663159244473e-10,-2.9826749403661e-10,0.998175740242
201,0.99962681531906,5.6070592613366e-09,-7.9076228898245e-10,-0.027318794280291
202,0.22844269871712,-3.393471281754e-09,2.5007940163135e-09,0.97355735301971
203,0.69243729114532,1.165950225257e-09,-2.276518973332e-09,0.72147810459137
204,0.88671058416367,-2.9723079553179e-09,-1.8615043950732e-09,0.4623250067234
205,0.47764560580254,-1.3548216992731e-09,-2.4323134617532e-09,0.87855261564255
206,0.67311799526215,5.014848092344e-09,2.4766544370891e-09,-0.7395350933075
207,0.90999299287796,4.1475090029053e-09,4.3342265887425e-10,-0.41462367773056
208,0.67997860908508,-3.6590923624402e-09,2.1308934616826e-09,-0.73323196172714
209,0.7686420083046,-1.8602547280366e-09,-5.9766198066968e-12,-0.6396791934967
210,0.32018876075745,3.4810747617797e-09,-2.3843518270894e-09,0.94735378026962
211,0.88043797016144,3.7278065079249e-09,4.3381951364552e-09,0.47416132688522
212,0.88969016075134,4.06855216184e-09,1.3752732286321e-09,0.45656478404999
213,-0.059191383421421,-5.4802257176689e-10,-5.639914313349e-09,0.99824666976929
214,-0.1095220297575,1.2390729553502e-09,1.5641118400467e-09,0.99398440122604
215,0.98499995470047,-6.9810435210371e-11,6.6080824145942e-10,0.17255461215973
216,0.98343193531036,-8.7850615670959e-10,-4.6919024221381e-09,-0.18127797544003
217,0.45652678608894,-1.1182424985989e-09,-3.45603612395e-09,0.88970971107483
218,0.67273885011673,-2.9151516756087e-09,6.5347777189473e-10,-0.73988002538681
219,0.53251612186432,-1.9758585878549e-09,-2.515955666027e-09,-0.84641987085342
220,0.60037308931351,5.7156759325494e-09,-2.8694944198548e-09,0.79972004890442
221,0.99841898679733,-4.3980619146566e-09,1.3880673277455e-09,-0.056209944188595
222,0.99930602312088,3.3629490303611e-09,7.4501277369521e-10,-0.037249833345413
223,-0.24282625317574,5.82776715774e-09,5.5363041928658e-10,0.97006982564926
224,0.58472073078156,1.9765720171705e-09,2.5961388594453e-09,0.81123471260071
225,0.97542834281921,3.5294833722332e-10,-3.6079106369158e-09,-0.22031693160534
226,0.96538776159286,-4.7400519065377e-09,1.3792382791422e-09,-0.26081883907318
227,0.98882216215134,-4.6353241245356e-09,2.6516602247284e-09,-0.14910006523132
228,0.67989480495453,5.7934896879885e-09,-2.8590085854319e-09,0.73330962657928
229,0.74542820453644,3.5391627406511e-09,-5.3863389304354e-09,0.66658592224121
230,-0.017977757379413,-2.9287328118244e-09,8.615501645437e-10,0.99983841180801
231,-0.37446689605713,-2.5969841832563e-09,-1.8783063993055e-09,0.92724031209946
232,0.93753850460052,1.1436904756579e-09,-1.9841901455209e-09,0.34788152575493
233,0.93948340415955,3.2152775997218e-09,2.8383881911509e-09,0.34259447455406
234,0.69413757324219,2.3001900384401e-09,-1.5560679411664e-09,0.7198423743248
235,0.75419944524765,-1.9283545871218e-09,3.4207254806518e-09,0.65664541721344
236,0.67222517728806,-1.3663874476322e-09,4.6616949189726e-10,0.74034678936005
237,0.91249179840088,-2.1775017344794e-09,2.151145483964e-09,-0.40909495949745
238,0.9081911444664,4.648568197041e-09,-2.3022943551609e-09,-0.41855573654175
239,0.075714632868767,1.10509035256e-09,-2.5184607732598e-09,0.99712955951691
240,0.99999237060547,-2.9447294602747e-10,-2.2494233142822e-09,0.0039036734960973
241,0.96537959575653,1.5197478830942e-09,3.9570751120266e-09,-0.26084911823273
242,0.96768254041672,3.6288947402596e-09,9.2235635795745e-11,0.25217175483704
243,0.70868939161301,-2.744579452596e-09,-1.9359154279641e-09,-0.70552062988281
244,0.4697054028511,-1.6856409601473e-09,8.2291801151158e-10,0.88282322883606
245,0.67930883169174,-1.6139306557861e-09,5.9250981898629e-10,0.7338525056839
246,0.99575394392014,-5.2227799862692e-09,-1.0390033278185e-09,-0.092055261135101
247,0.098607823252678,3.9501881765602e-09,2.8931917972486e-10,0.99512642621994
248,0.98939436674118,3.1803222277915e-09,-1.4059163833124e-09,-0.14525444805622
249,-0.395636677742,2.7608682007241e-09,1.7693625453674e-09,0.91840708255768
250,0.69242888689041,-0.69242882728577,0.14332592487335,-0.14332601428032
251,0.99105191230774,-1.5331036440358e-09,-1.1334276850405e-09,-0.13347728550434
252,0.99997454881668,1.3612385663109e-09,3.792084868337e-09,-0.0071387365460396
253,0.65243756771088,-1.6956644977029e-09,2.5177195883685e-09,0.75784254074097
254,0.74631470441818,-1.9752264268647e-09,-2.8436772936402e-09,-0.66559326648712
255,0.5735729932785,-3.1754441298659e-09,1.7318438905178e-09,0.8191545009613
256,-0.47694891691208,-4.7313193363152e-09,-1.5827520405409e-09,0.87893098592758
257,0.092415787279606,-6.3820865259245e-10,-2.6071238501402e-09,0.99572050571442
258,0.99455314874649,-4.0675760537567e-09,3.9523870287717e-10,-0.10423088818789
259,0.37800532579422,2.0883370588365e-09,4.635142936138e-09,0.92580342292786
260,0.69397342205048,-0.69397330284119,-0.13565035164356,0.13565042614937
261,0.21752248704433,0.21752248704433,0.67281794548035,0.67281794548035
262,-0.35197088122368,-0.61328333616257,-0.351970911026,0.61328339576721
263,0.69646549224854,0.69646549224854,0.1222121566534,0.12221220135689
264,-0.10659613460302,-7.1616856889278e-10,5.6886482191487e-09,0.99430239200592
265,0.96415811777115,1.673739064012e-10,3.7289171750388e-09,0.26532834768295
266,0.6257159113884,-4.6092103467288e-09,3.5572007561768e-09,0.78005111217499
267,-0.086091876029968,1.1833340973766e-09,-3.3141760447108e-09,0.99628722667694
268,0.66008257865906,-2.1714280373786e-10,6.0505445098613e-10,0.75119304656982
269,0.74380159378052,-3.6988458962384e-09,-1.742848088071e-09,0.66840046644211
270,0.49737226963043,3.6513390089254e-09,-3.4981910701504e-09,0.86753726005554
271,-0.28301155567169,-2.6933805186147e-10,-2.9327900108456e-09,0.95911651849747
272,0.66655123233795,1.1941007072025e-09,-2.5944848491832e-09,-0.74545919895172
273,0.54498410224915,2.4486651595268e-10,3.2104712222036e-09,0.83844643831253
274,0.78701955080032,1.7142350872135e-09,4.2697685387338e-09,-0.61692804098129
275,0.90807729959488,5.2410227269206e-09,-2.3949242589083e-09,-0.41880264878273
276,0.60757666826248,0.3617328107357,0.60757660865784,-0.36173290014267
277,0.95439314842224,2.3322710429596e-09,-3.5202962767045e-09,0.29855269193649
278,0.84910523891449,-1.4287494520815e-09,-6.0611244911968e-09,-0.52822375297546
279,0.99375748634338,-1.6380550249551e-09,-4.4315209279944e-09,-0.11156211048365
280,0.57978898286819,-3.7669938279805e-09,1.8665635703741e-09,0.81476664543152
281,-0.2148267775774,9.2313240385167e-10,-8.1612744340376e-10,0.97665214538574
282,0.73078799247742,-3.9296947917933e-09,-4.2045367187882e-09,-0.68260455131531
283,0.29020971059799,-1.5851152612711e-09,3.0283338059434e-09,0.95696312189102
284,-0.0052227675914764,0.70708751678467,0.0052225990220904,0.70708751678467
285,0.47296097874641,2.8506785820781e-10,2.039332702708e-09,0.88108342885971
286,0.78299474716187,-2.4999819991933e-09,3.1451932169801e-09,-0.62202829122543
287,0.56435918807983,-0.56435918807983,-0.42602664232254,0.42602664232254
288,0.8636474609375,3.0697318020856e-09,4.1204275547102e-09,-0.50409626960754
289,0.69023686647415,-0.69023686647415,-0.15353529155254,0.15353524684906
290,0.57124805450439,-0.41674414277077,0.57124805450439,0.41674414277077
291,0.68332856893539,-3.1260602439964e-10,-7.3152861546077e-10,0.73011100292206
292,0.06322755664587,0.70427429676056,0.063227541744709,-0.7042743563652
293,0.9988551735878,4.2063050820218e-09,-8.639710058489e-10,-0.047836489975452
294,0.58955508470535,0.58955502510071,0.39041632413864,0.39041632413864
295,-0.017049638554454,-7.0969458088044e-10,2.8363262849496e-09,0.99985468387604
296,0.83856320381165,-1.7184299538897e-09,-4.5438222628924e-10,0.5448043346405
297,0.9519100189209,-3.2319076304077e-09,5.9415655728756e-10,-0.30637767910957
298,0.70240515470505,0.70240503549576,0.081406816840172,0.081406831741333
299,0.49764639139175,-2.5449740093109e-09,2.8645685823392e-09,0.86738002300262
300,0.80641269683838,-5.0791850725318e-09,3.1913511833181e-09,-0.59135317802429
301,0.87531554698944,-2.757224004668e-09,3.5026077593869e-09,-0.48355227708817
302,0.50831496715546,-3.0116567018013e-09,3.3647742370135e-09,0.86117124557495
303,0.38835781812668,3.0193378353083e-10,1.7664261164896e-09,0.92150866985321
304,0.22820162773132,-8.8928087116358e-10,-4.2751455708867e-09,0.97361391782761
305,0.70664823055267,2.9525422107213e-09,-3.8450922446032e-09,-0.70756506919861
306,0.83803260326385,-3.0282960583605e-09,-1.3822378797101e-09,0.54562026262283
307,0.70041912794113,-2.2743185112972e-09,-2.7123114865191e-09,0.71373176574707
308,0.99636363983154,-2.6811632913848e-09,-1.9376356075185e-09,0.085202649235725
309,0.90937727689743,-2.1744035461069e-09,-3.6628600152966e-10,0.41597235202789
310,0.99997860193253,6.4845490088672e-10,3.2072771105618e-09,0.0065395971760154
311,0.66914939880371,-3.9942132934456e-10,2.1328529220543e-10,0.74312794208527
312,-0.28210783004761,-1.5504212358408e-09,4.7948813808318e-09,0.95938271284103
313,-0.3261550962925,-1.6137376990244e-09,2.0725607896566e-09,0.94531631469727
314,-0.11792018264532,4.1493003477555e-10,4.2956154189255e-09,0.99302309751511
315,0.66714704036713,-0.66714698076248,-0.23433928191662,0.23433919250965
316,-0.4801042675972,-1.3189093150956e-09,5.2940736239293e-09,0.87721145153046
317,0.37905359268188,2.6679953801789e-09,6.1841809451124e-10,0.92537474632263
318,-0.28238880634308,1.4305025219929e-10,-3.8328615836747e-09,0.95930004119873
319,0.97012954950333,-1.9986232668856e-09,-3.1878584216827e-09,-0.2425876557827
320,0.11843562871218,3.8791445611253e-09,-1.0473740624795e-10,0.99296176433563
321,0.77774679660797,-2.0352439733529e-09,1.7361357906864e-09,-0.628577709198
322,0.960917532444,5.1668864742282e-09,-2.0898138775038e-09,-0.27683493494987
323,0.99999994039536,2.0965866820433e-09,-7.5767442320185e-10,-0.00044680217979476
324,0.23062840104103,-1.708723301741e-10,-3.1886655538216e-09,0.9730418920517
325,0.83554553985596,1.5061011326978e-09,4.6636383643772e-09,-0.54942125082016
326,-0.49972322583199,2.5932491709568e-09,2.2408346289637e-09,0.86618512868881
327,0.32499626278877,-2.3735038379158e-09,2.6454276547128e-09,0.94571530818939
328,0.720370054245,9.0693841325873e-10,2.4428767897433e-09,-0.69358992576599
329,0.43214598298073,0.55968731641769,0.43214598298073,-0.55968725681305
330,0.47521981596947,0.52360886335373,-0.47521981596947,0.52360874414444
331,-0.078402519226074,4.530176234141e-09,-5.5455084968514e-10,0.99692177772522
332,-0.18954087793827,-0.18954092264175,0.68123006820679,0.68122982978821
333,0.98794203996658,3.6383394075301e-09,1.7195248558366e-09,0.15482427179813
334,0.67722445726395,-3.1286468971103e-09,4.2357064522491e-09,0.7357764840126
335,0.59992682933807,-0.37428286671638,-0.59992700815201,-0.37428292632103
336,0.76280951499939,4.3192205367859e-09,4.5851797914054e-09,-0.64662325382233
337,0.43197932839394,-2.2682904443627e-09,-1.9735333367521e-09,0.90188348293304
338,0.95228034257889,2.1505590641624e-09,3.7703751232243e-09,-0.30522477626801
339,-0.1025053486228,-0.69963729381561,-0.10250530391932,0.69963771104813
340,0.99549263715744,3.2817164541399e-09,1.9124528627401e-09,0.094838939607143
341,0.71972566843033,4.7239581135727e-09,2.8144313546363e-09,-0.69425857067108
342,0.56870114803314,-4.3743528799212e-09,-4.5028554218618e-09,0.82254427671432
343,0.07752799987793,-2.7467907948164e-09,-2.4693097566697e-10,0.99699020385742
344,0.99843764305115,3.0407529827414e-09,-1.1700548308013e-09,0.055877812206745
345,0.65411102771759,-1.2846793628896e-09,2.8478930325093e-09,-0.75639861822128
346,0.79151910543442,-2.4015245347897e-09,1.2279025574102e-09,0.6111444234848
347,-0.089080072939396,-1.6606359343196e-10,5.5596753867349e-09,0.99602448940277
348,0.55300813913345,3.0079443380515e-09,-4.0723890926131e-09,0.83317583799362
349,0.16157346963882,-2.5463144925908e-09,-4.9308530591929e-09,0.98686069250107
350,0.99999475479126,-3.4215652533476e-10,4.099851125261e-09,0.0032378183677793
351,0.080949507653713,6.0336818874518e-10,-2.8831932397111e-09,0.99671822786331
352,0.70771700143814,-3.6847593865019e-09,2.4136075360559e-09,-0.70649605989456
353,0.94761115312576,-1.5536530950655e-09,2.6609898728935e-09,0.3194263279438
354,0.7927337884903,2.7423772142043e-09,2.190629899701e-09,0.60956799983978
355,0.70146667957306,-9.3307461757064e-10,2.1319348508797e-09,0.71270221471786
356,0.6119436621666,-1.364658164249e-09,3.2562263996283e-09,-0.79090142250061
357,0.71086817979813,-1.1118566067836e-09,2.3034605473038e-11,0.70332527160645
358,0.70265877246857,0.70265883207321,0.079187244176865,0.079187244176865
359,0.9766138792038,-5.0816186814018e-09,2.5103321643627e-09,-0.21500068902969
360,0.55768269300461,3.1624309837497e-09,1.6065586638803e-09,-0.83005422353745
361,-0.16145801544189,-0.16145806014538,0.68842667341232,0.68842667341232
362,0.98990714550018,5.1133999257047e-09,1.5330404723457e-09,0.14171747863293
363,-0.2194107323885,0.21941074728966,0.67220455408096,-0.67220449447632
364,0.9450079202652,-7.3401706934817e-10,-4.1997627597823e-10,-0.3270475268364
365,-0.2296617180109,-5.7119403651384e-10,1.5566792299637e-09,0.97327053546906
366,0.9705331325531,-4.673416167944e-12,5.3108379916011e-09,0.2409676015377
367,0.98989063501358,4.6931014630047e-09,7.7221551375573e-10,0.14183294773102
368,0.7060621380806,1.7283859898853e-09,2.5946391701837e-09,0.70814990997314
369,0.93668222427368,-2.1597341692825e-09,-5.158278804096e-10,-0.35018068552017
370,0.68658912181854,-2.4082338345721e-09,-4.8371409100412e-09,-0.72704565525055
371,0.70667517185211,4.6596793090714e-09,3.5502976114543e-09,0.70753818750381
372,0.94874215126038,8.6520485220731e-10,5.9907878657839e-09,-0.31605124473572
373,-0.30827009677887,-6.0102332000156e-09,-2.0597972216763e-09,0.95129889249802
374,0.78261357545853,3.742209653268e-09,1.8353878417088e-09,-0.62250781059265
375,0.99997907876968,7.4015110707037e-10,-5.7686539989277e-09,-0.0064662708900869
376,0.92480701208115,2.3555744022019e-09,-8.7673102111552e-10,-0.38043668866158
377,0.95577841997147,-1.9014474439416e-09,-2.1977272779417e-10,-0.29408770799637
378,0.74122482538223,2.7474089669965e-09,-2.356824291283e-09,0.67125684022903
379,0.66237652301788,-2.5081179355624e-09,-2.8515880767799e-09,0.74917107820511
380,0.55488747358322,-2.6249120654853e-09,1.5292914712361e-09,0.83192545175552
381,-0.49008509516716,2.5423847471728e-09,1.5143356568714e-09,0.87167459726334
382,0.42915573716164,4.8208650405002e-09,-2.343115257375e-09,0.90323048830032
383,0.99661868810654,-5.7232696359932e-10,5.5659552522513e-09,-0.082165874540806
384,0.99967592954636,-1.3429816148047e-09,7.5841910529562e-10,-0.02545714750886
385,-0.37912166118622,0.59688091278076,-0.37912154197693,-0.59688091278076
386,0.6048898100853,-1.6698603610976e-09,-3.7014462606066e-09,-0.79630923271179
387,0.6501516699791,2.1283093065705e-09,1.2302582286239e-09,-0.75980448722839
388,-0.41280421614647,-6.5446698060967e-10,8.2246418009468e-11,0.91081976890564
389,0.99744206666946,2.0586909954545e-10,4.9016568581806e-09,-0.07147990167141
390,0.75611937046051,-3.065044218431e-09,-5.2901758529345e-09,0.6544337272644
391,0.97432005405426,4.1780876536279e-09,-2.6638944383706e-09,-0.22516767680645
392,0.45478719472885,-5.1015138780031e-09,1.2405557692219e-09,0.89060014486313
393,0.97718161344528,5.1204590567622e-10,-4.7033832384358e-10,-0.21240536868572
394,0.12498973309994,5.0867017264977e-09,-2.2542092636968e-09,0.99215805530548
395,0.99930357933044,-1.1174194208818e-10,3.0078652901722e-09,-0.037314839661121
396,0.015838468447328,-3.5930021180519e-09,-1.1862687498976e-09,0.99987459182739
397,0.98134863376617,-4.0794319033921e-09,5.8222343612968e-11,0.19223672151566
398,0.61902207136154,0.34177747368813,-0.61902195215225,0.34177747368813
399,-0.17348878085613,4.3549555073241e-09,-2.4295052081236e-11,0.9848358631134
400,-0.28901121020317,0.28901129961014,0.64534682035446,-0.64534676074982
401,0.66183853149414,0.2489373087883,0.66183853149414,-0.24893721938133
402,-0.20451797544956,0.20451788604259,-0.67688429355621,0.67688447237015
403,-0.04428581148386,3.0740938683493e-09,8.6346085836908e-10,0.999018907547
404,-0.49411028623581,-2.6745825554286e-09,3.5993454883254e-09,0.86939924955368
405,0.97229897975922,2.3076864030802e-10,1.7030048204969e-10,-0.23374074697495
406,0.75353568792343,5.8617422027396e-09,2.4920328911548e-08,0.65740698575974
407,0.70233803987503,5.3087634288573e-10,-1.436654684106e-09,0.71184360980988
408,0.04706946387887,-5.0206292456778e-09,3.8370789878783e-10,0.9988916516304
409,0.92473816871643,-3.514892599199e-09,-3.0976872178456e-09,0.38060384988785
410,0.99992078542709,-4.1907242120942e-09,-2.1739110511731e-10,0.012585826218128
411,0.97348040342331,-1.4866921582701e-10,2.3734259002595e-09,-0.22877044975758
412,0.8752064704895,-3.3306770674812e-09,2.9749160912473e-09,-0.48374959826469
413,0.76032769680023,1.7924391970681e-09,-2.1405408556774e-09,-0.64953970909119
414,0.97586715221405,-1.4992097840949e-10,-2.7741868802167e-09,-0.21836516261101
415,0.69631993770599,8.7193746667324e-10,3.3197435911347e-09,0.71773153543472
416,0.65889239311218,-1.0840438546822e-09,2.1583383968959e-09,-0.75223726034164
417,0.10971190035343,-1.5931408414716e-09,-3.6844070017139e-09,0.99396347999573
418,0.15195505321026,1.396704085721e-09,-1.3414033217529e-09,0.98838740587234
419,0.02796334400773,7.216171410418e-11,-4.5476706844738e-09,0.99960893392563
420,0.49531179666519,-1.7230911142363e-09,-2.7259383639233e-09,0.86871528625488
421,0.62181103229523,0.33667653799057,-0.62181097269058,0.33667662739754
422,-0.15697591006756,-3.8096144017175e-09,9.2112212302098e-10,0.98760241270065
423,0.039725966751575,-3.168861284486e-10,2.9796545231164e-09,0.99921065568924
424,0.30364063382149,-7.5289940948409e-10,-5.0241242277593e-09,0.95278662443161
425,0.57621210813522,-0.40985313057899,-0.57621216773987,-0.40985310077667
426,0.99934858083725,-5.1034385606386e-09,2.1852846199266e-09,-0.036088660359383
427,-0.072923883795738,0.072923846542835,-0.70333617925644,0.70333671569824
428,0.59440314769745,-9.1154289671991e-10,-4.9623682940592e-10,0.8041672706604
429,0.98315614461899,-4.6132302422563e-09,-1.8053413208818e-09,0.18276751041412
430,0.9992653131485,-3.5331393366533e-09,7.4146999651248e-10,0.038326192647219
431,0.21230281889439,8.6589480030597e-10,-5.3984519077233e-09,0.97720396518707
432,0.85538148880005,-1.4690918481719e-09,2.5246489343544e-09,0.51799857616425
433,0.65699684619904,2.6522364304782e-09,3.8137968338958e-09,-0.75389337539673
434,0.87195068597794,-2.8418412068021e-09,-5.1431756631359e-09,-0.48959374427795
435,0.520403444767,3.1073279505023e-09,-7.4331885091539e-10,0.8539205789566
436,0.99918311834335,-1.1623099149816e-09,-2.4183264279998e-09,0.040412466973066
437,-0.37704518437386,-3.482043542391e-09,-6.7432887052021e-10,0.92619490623474
438,0.58312886953354,-4.0725449679258e-09,-4.790964514001e-09,-0.8123796582222
439,0.82675153017044,-4.6910919593302e-10,-2.6131730113121e-09,0.56256723403931
440,-0.44329524040222,-2.9878362006741e-09,-1.9430923536845e-09,0.89637565612793
441,0.21316696703434,3.2517271097987e-09,-5.1956178248602e-10,0.97701579332352
442,0.54286909103394,-2.2308761504775e-09,2.555161859874e-09,-0.83981734514236
443,0.85975235700607,4.0451131333441e-09,3.9966704945549e-10,0.51071113348007
444,0.99668329954147,3.3189955228607e-09,9.8585799246376e-11,-0.081377908587456
445,0.85455375909805,-1.202310584425e-09,1.8437998905441e-09,0.5193629860878
446,0.99484580755234,-5.9501119586969e-09,-5.2108733994416e-10,-0.10139942914248
447,0.47625878453255,0.5226639509201,0.47625884413719,-0.52266389131546
448,0.53649282455444,-7.9632889171677e-10,-2.2730000104332e-09,0.84390491247177
449,-0.059533376246691,-1.3884690064359e-09,3.4133433857164e-09,0.99822634458542
450,0.94719564914703,-1.9986874377764e-09,-4.5291526085123e-09,-0.3206562101841
451,-0.010438389144838,6.2695865166162e-10,-6.004645225488e-09,0.99994552135468
452,-0.09062871336937,-1.7210496361386e-09,-8.1684670139026e-10,0.99588477611542
453,0.84097427129745,2.5661879288208e-09,-2.1108195191744e-09,-0.54107522964478
454,0.052015125751495,2.728799852747e-09,-4.692439839471e-11,0.99864631891251
455,0.34806069731712,0.6155110001564,0.34806063771248,-0.6155110001564
456,0.78077018260956,3.8969907301123e-09,4.2439656233739e-09,-0.62481826543808
457,0.75009852647781,-1.1380364428604e-09,-4.2883314677056e-09,-0.66132605075836
458,0.8027680516243,2.7829354376507e-09,1.913250446961e-09,0.59629142284393
459,0.029068114235997,1.2511267577509e-09,-6.1536824524921e-09,0.99957746267319
460,0.74157619476318,3.3830462875528e-09,-3.6420191307229e-09,0.67086863517761
461,0.6571604013443,-1.0899988689417e-09,-3.6652845203378e-09,0.75375074148178
462,0.51010316610336,-3.5900906691921e-09,7.8751910548291e-10,0.86011320352554
463,0.62627583742142,-4.4352765904421e-09,3.473081378047e-09,0.77960151433945
464,0.79483169317245,-1.7935672946834e-09,1.719525744015e-09,-0.60682994127274
465,0.49354296922684,-3.8531067225733e-09,3.5067826420487e-09,0.86972141265869
466,0.47590157389641,-8.4307572034703e-10,-3.710615592567e-09,0.87949854135513
467,0.81061267852783,-2.9456828087859e-09,4.8739492441996e-09,0.5855827331543
468,0.57777172327042,-0.40765166282654,-0.57777160406113,-0.40765178203583
469,0.73642599582672,-4.8083759196516e-09,2.9395170741964e-09,0.67651814222336
470,0.7380713224411,-4.4013850342139e-09,-3.6350040755195e-09,-0.67472273111343
471,0.19077219069004,-5.554408488706e-09,6.0311605709629e-10,0.98163431882858
472,0.99999916553497,2.9941069623618e-09,1.6831855909061e-09,-0.0013026770902798
473,0.62497824430466,-2.3212269883999e-09,3.4025331441256e-09,-0.78064215183258
474,0.82811969518661,2.0636687914077e-09,-1.5188033053448e-09,0.56055134534836
475,0.64440369606018,2.3076027755309e-09,-5.3597113414128e-09,-0.76468551158905
476,0.99111813306808,-4.1245735715734e-09,1.6075104580793e-09,-0.13298419117928
477,0.92064887285233,3.4928413494839e-09,-1.396175508539e-09,-0.39039170742035
478,0.51249486207962,-1.9118862049083e-09,1.7250577633021e-09,-0.85869032144547
479,0.79075193405151,-4.7356643051444e-09,-2.2781072583911e-09,0.61213672161102
480,0.61042147874832,2.6005746445179e-09,5.8084133058856e-09,0.79207676649094
481,0.59195476770401,3.3971292445756e-09,-1.4124034164453e-09,0.80597120523453
482,-0.49733293056488,-2.7575863814633e-09,-2.5541921910843e-09,0.86755979061127
483,0.70702403783798,-0.70702415704727,0.010813457891345,-0.010813457891345
484,-0.18007439374924,-0.68379324674606,-0.18007430434227,0.68379330635071
485,0.96522867679596,1.6650192335987e-09,7.3781764031722e-10,0.26140695810318
486,0.79132378101349,3.8526772883074e-09,4.0715693039317e-09,-0.61139732599258
487,0.99964654445648,-4.2422994006586e-09,-1.3418028910195e-09,0.026586195454001
488,0.16800031065941,0.68685948848724,0.16800035536289,-0.68685936927795
489,0.99160897731781,-1.1401195543215e-09,3.3150475697852e-09,-0.12927357852459
490,0.9868586063385,-3.8707774763225e-09,9.0552669529398e-11,0.16158626973629
491,0.37771919369698,-4.0409295354316e-10,-5.3180868597735e-09,0.92592018842697
492,0.99673080444336,1.09357711775e-09,-3.7994611901127e-09,-0.080794468522072
493,0.61749136447906,4.6193834868369e-10,3.3328109161346e-09,0.78657764196396
494,0.99550807476044,3.8628349408043e-09,-7.5007733357779e-10,0.094676710665226
495,0.9268394112587,8.4415940904137e-10,-4.6753880766914e-09,0.37545794248581
496,0.75904601812363,-2.8641653493366e-09,3.6714533635518e-09,-0.65103697776794
497,0.49962782859802,-0.50037181377411,0.49962788820267,0.50037187337875
498,0.99949795007706,-4.4617682881665e-09,1.0394507476974e-09,0.031685054302216
499,0.10267383605242,6.9361710819393e-10,1.5538221820321e-09,0.99471509456635
500,0.75955706834793,-1.0099978631217e-09,3.2044518150087e-09,-0.65044063329697
501,-0.039137728512287,1.8317179717453e-10,-2.8956401720848e-09,0.99923384189606
502,0.53121054172516,-1.0354505031174e-09,4.1997787469938e-09,-0.8472398519516
503,0.53303778171539,1.7043179090237e-09,-8.8982332613341e-10,0.84609150886536
504,0.29412287473679,-2.8057387524427e-09,2.1014696649502e-09,0.95576763153076
505,-0.31273993849754,-0.31273993849754,0.63418751955032,0.63418740034103
506,-0.011737057939172,-8.7845053453606e-10,-4.2680325940125e-09,0.99993115663528
507,-0.096544250845909,-5.815131043363e-09,-1.1943647182378e-09,0.99532872438431
508,0.77674967050552,1.9970229914179e-09,-2.8877362723279e-09,0.62980949878693
509,0.55793160200119,-2.7477440323054e-09,-2.5446513784999e-09,0.82988703250885
510,0.56786817312241,1.5349378434948e-09,3.0464433198318e-09,-0.82311952114105
511,0.49819326400757,4.2982799541846e-09,-1.4219536659255e-09,0.86706602573395
512,0.52028232812881,-0.47885942459106,-0.52028226852417,-0.47885948419571
513,0.73853802680969,1.7890846581992e-09,-3.1464582050944e-09,0.67421180009842
514,-0.10124589502811,-3.5853697788468e-09,7.2672040607458e-10,0.99486142396927
515,0.91709327697754,-4.9611479369105e-09,9.2559310216345e-10,-0.39867272973061
516,0.72047424316406,-8.49729064889e-10,-3.7583709477929e-09,-0.69348180294037
517,0.99576276540756,-8.6329210446934e-10,-3.362804035234e-09,0.091959707438946
518,0.60117340087891,3.1504603370536e-09,-2.4467321502186e-09,-0.79911863803864
519,0.46258714795113,2.7692086401743e-09,8.3913109794054e-10,0.88657385110855
520,0.56641030311584,-2.6383109030803e-09,2.9562108316838e-09,-0.82412338256836
521,0.23167932033539,4.5843648321942e-10,3.2061577837084e-09,0.97279220819473
522,-0.094120502471924,-5.9419469344846e-10,1.7426809995058e-09,0.99556082487106
523,-0.27474620938301,-2.7664592838761e-09,2.9517870370199e-09,0.96151679754257
524,0.93778204917908,-2.0653234678036e-09,1.9793398031709e-09,0.34722453355789
525,0.12066737562418,3.8223690879136e-09,-6.2864541350294e-10,0.99269300699234
526,0.36109280586243,-3.1196301097935e-09,2.9866207285068e-09,0.9325298666954
527,0.72778326272964,-2.6222741755788e-09,-5.201020503165e-09,-0.68580722808838
528,-0.1645624935627,4.0982112148313e-10,-2.490004424871e-09,0.98636668920517
529,-0.14551015198231,5.7129203590023e-09,1.1103320485262e-09,0.98935675621033
530,0.38853135704994,2.6218178739157e-09,3.7495970772738e-09,0.92143553495407
531,-0.43719589710236,2.4752369043313e-09,-5.5164242063199e-09,0.89936631917953
532,0.76006829738617,2.869165571795e-09,3.4744065402492e-09,-0.64984315633774
533,0.017831379547715,-1.9074697377164e-09,-4.2818251166921e-09,0.99984103441238
534,0.70287919044495,2.4029414014137e-09,1.9448542776246e-09,-0.71130925416946
535,0.46735560894012,-7.4341111044873e-10,-3.1711528958311e-09,0.88406944274902
536,0.76874667406082,-1.1141113587243e-09,4.161454292273e-09,0.63955336809158
537,0.095793850719929,-8.7075402444015e-10,-4.4497341922245e-10,0.99540120363235
538,-0.0020390886347741,1.574223751355e-09,3.6656999657936e-09,0.99999791383743
539,0.75868225097656,1.9176478183169e-09,-2.2067112581681e-09,0.65146088600159
540,0.89130699634552,-1.8151996572513e-09,2.8857776168678e-09,0.4534002840519
541,0.32732057571411,2.6203539338354e-09,5.6560095496039e-10,0.94491338729858
542,-0.4381762444973,-3.0331800959793e-10,4.3076204825354e-09,0.89888906478882
543,0.70121252536774,1.7181613909401e-09,4.2747085871042e-09,-0.71295231580734
544,-0.33013117313385,4.0979272752928e-10,2.4223516525979e-09,0.94393509626389
545,0.2908843755722,5.9745036695702e-10,1.9080510504921e-09,0.95675826072693
546,0.92902928590775,-1.5702782407701e-09,7.7486916882918e-10,-0.37000623345375
547,0.6960369348526,2.1565562668968e-09,-3.0346603008269e-09,-0.71800601482391
548,0.94984167814255,4.7603050390421e-09,9.1884566622014e-10,0.31273129582405
549,0.78694581985474,3.4192164655167e-09,1.6717873752015e-09,0.61702209711075
550,0.38897520303726,0.59050691127777,0.38897505402565,-0.59050679206848
551,0.44579049944878,0.54888153076172,0.44579046964645,-0.54888135194778
552,0.99610424041748,-3.0379507798273e-09,-5.1222720509614e-10,-0.088183745741844
553,0.67062932252884,-0.67062932252884,0.22417920827866,-0.22417925298214
554,0.48875337839127,-2.0372374898159e-09,-1.425230072849e-10,0.87242197990417
555,0.95544499158859,-2.440597945963e-09,3.0581799315144e-09,0.29516935348511
556,-0.19459675252438,-1.3452803315772e-09,3.4983307362069e-09,0.98088335990906
557,0.64395403862,-3.9305838583914e-09,-3.3805678256726e-09,-0.76506423950195
558,0.49746868014336,0.50251865386963,-0.49746862053871,0.50251859426498
559,0.54866093397141,-0.44606190919876,-0.54866081476212,-0.44606196880341
560,0.95175457000732,2.4809365672951e-10,2.9470197393522e-09,-0.30686041712761
561,0.80251526832581,-4.0764307485119e-09,4.7005053183113e-09,0.59663158655167
562,0.95462077856064,-1.6124959145714e-09,7.8190987018445e-10,-0.2978241443634
563,0.55618911981583,-4.2803756095111e-09,-4.5953529870246e-09,0.83105581998825
564,0.54739820957184,1.663355453374e-09,3.4269781457041e-10,0.83687227964401
565,0.95904356241226,3.9627296999356e-09,8.8195445391293e-10,0.28325858712196
566,-0.21282504498959,6.5964789186523e-10,-6.4099886509794e-10,0.97709029912949
567,0.50753599405289,-6.4636518359862e-10,-2.9269191514913e-09,0.86163055896759
568,0.075022615492344,-4.6918385843142e-10,5.2187272281401e-09,0.99718183279037
569,0.63242357969284,-0.31629160046577,0.63242363929749,0.31629166007042
570,-0.1785499304533,1.9979802257097e-09,-5.7459903501922e-09,0.98393088579178
571,-0.014060528948903,-3.1689291191128e-09,-6.5325261866533e-10,0.99990117549896
572,0.77719706296921,3.1842406489346e-09,-2.5056132724188e-09,0.62925732135773
573,-0.098979644477367,5.5386624175924e-09,-8.9446267059756e-10,0.99508947134018
574,-0.36511066555977,4.2301193659e-09,-2.9907401555285e-10,0.93096417188644
575,0.55713599920273,4.9662562950914e-09,-1.1951766243357e-09,0.83042132854462
576,0.2454818636179,-0.24548190832138,0.66312795877457,-0.66312795877457
577,-0.062967352569103,3.591678510162e-09,1.6009950309925e-10,0.99801558256149
578,0.81688207387924,7.760983522509e-10,-3.4535736492813e-09,0.57680469751358
579,-0.18458767235279,-5.8982690953613e-10,-5.0853063982004e-09,0.98281610012054
580,-0.079357601702213,-1.0338400968646e-10,-4.5287906758062e-09,0.99684619903564
581,0.55431097745895,3.0858702260161e-09,-1.6097858601682e-09,0.83230966329575
582,0.71310532093048,-8.2783468968728e-10,-2.9818911784218e-09,-0.70105695724487
583,0.80315643548965,2.4961313016547e-09,-1.3067077420104e-09,0.59576821327209
584,0.94405364990234,2.1088335522279e-09,1.9773684911684e-09,-0.32979193329811
585,0.75400608778,-1.146382544448e-09,-2.5327893116156e-09,-0.65686738491058
586,-0.2900268137455,-2.395847686909e-10,3.4130653858711e-09,0.95701855421066
587,0.7413125038147,5.7510063378174e-10,1.2036872609755e-09,-0.67116004228592
588,0.99628686904907,9.4089080970861e-10,3.2985476572378e-09,-0.08609627187252
589,0.98784840106964,2.7769244681508e-09,-2.2180981010256e-11,-0.15542086958885
590,0.97734075784683,3.4416001160054e-09,1.8215504660191e-09,0.21167224645615
591,0.75848853588104,-2.4521247254938e-09,-2.2570396662758e-09,0.65168637037277
592,0.88138473033905,-2.361564499509e-09,1.1596995586061e-09,-0.47239917516708
593,0.94026058912277,-1.1312614178749e-09,2.6937756469891e-09,0.34045562148094
594,-0.025663258507848,-8.3666928940573e-10,3.2763689539195e-09,0.99967062473297
595,0.36757335066795,1.2033277707602e-09,4.7686876669673e-09,0.92999452352524
596,0.88653260469437,1.4925916058672e-09,5.3727453597219e-09,-0.46266615390778
597,-0.042109087109566,-9.045049709222e-10,3.6457215024654e-09,0.9991130232811
598,0.73690563440323,3.4993392628024e-09,7.7050515967514e-10,0.67599564790726
599,0.46609556674957,0.53174698352814,-0.46609550714493,0.53174716234207
600,0.37958568334579,0.59658592939377,0.37958574295044,-0.59658575057983
601,0.93561708927155,-8.7347195448784e-12,3.3519309550201e-09,0.35301664471626
602,0.9592297077179,-5.7502630435025e-10,-3.4861635800354e-09,0.28262776136398
603,-0.007936030626297,-1.0411631556906e-09,-3.3598408499813e-09,0.99996852874756
604,0.52593493461609,4.5078221155848e-09,-1.7127714802001e-09,0.85052484273911
605,0.83305680751801,2.6536373098907e-09,3.663111591834e-09,-0.55318742990494
606,0.92261797189713,2.4413457921924e-09,2.9664923850703e-09,0.38571494817734
607,-0.029805725440383,2.3136330351559e-10,3.1955682544549e-09,0.99955570697784
608,0.65239179134369,0.65239232778549,0.27273550629616,0.27273541688919
609,0.9135947227478,1.8454404671076e-09,2.4209008131493e-09,-0.4066259264946
610,0.042528156191111,0.042528141289949,0.70582681894302,0.70582669973373
611,-0.36814260482788,1.4348892074523e-09,-4.9971942139848e-09,0.92976933717728
612,-0.029842900112271,-3.4257396919202e-10,-4.7510895218039e-10,0.99955463409424
613,0.74582159519196,3.5401972464655e-09,3.3450215930486e-09,-0.66614574193954
614,0.96432036161423,1.1696694723895e-09,2.7254463130788e-09,-0.26473823189735
615,0.87840873003006,-3.1342637374365e-09,-2.1467820854326e-09,0.47791022062302
616,0.077334821224213,1.7649625094762e-09,4.7327817220832e-09,0.99700522422791
617,-0.11355663090944,0.11355663090944,0.69792908430099,-0.69792902469635
618,0.95311319828033,4.1898862157552e-09,-3.3285452172294e-09,-0.30261397361755
619,0.68538159132004,-5.0526858252908e-09,-1.9025241382309e-09,-0.72818410396576
620,0.99950498342514,5.3992144088966e-09,1.1681814404696e-09,0.031461466103792
621,0.86932003498077,-2.1284052298398e-09,5.3454782822371e-09,0.49424964189529
622,0.872423350811,2.318788272504e-09,-4.3553853856793e-09,0.48875093460083
623,-0.49663338065147,3.8691481130115e-09,3.9750460700816e-09,0.8679603934288
624,0.99971783161163,4.026134536872e-09,1.6382477596721e-09,0.023754358291626
625,0.5982803106308,1.6449756001791e-09,2.3859565434492e-09,-0.80128687620163
626,0.9011487364769,-2.4418651545233e-09,3.2457103671391e-09,0.43351000547409
627,0.63693141937256,-0.30711281299591,0.63693153858185,0.30711287260056
628,0.50548601150513,-2.9216942198929e-09,-2.566069801091e-09,-0.86283481121063
629,-0.068035490810871,2.7544260206014e-09,-4.8711940037194e-10,0.997682929039
630,0.72952508926392,4.9547477232181e-09,3.3966449652922e-09,-0.68395406007767
631,0.7436620593071,2.0785735355133e-09,9.5835631097607e-11,-0.66855573654175
632,0.99984210729599,-3.8459568862947e-09,-5.167947181306e-10,0.017770979553461
633,0.88943839073181,-3.2820601791883e-09,-3.1464153504857e-09,-0.45705509185791
634,0.28853750228882,-7.3802608469009e-10,-3.6630092292711e-09,0.95746856927872
635,0.80879729986191,-2.2878694494466e-09,3.691009720086e-09,-0.58808749914169
636,0.96255451440811,1.8786761035727e-10,-3.7314569212299e-09,-0.27108839154243
637,-0.083312563598156,-0.083312541246414,0.7021815776825,0.70218163728714
638,0.56590658426285,-0.42396903038025,0.56590664386749,0.4239689707756
639,0.91723251342773,-3.1610121187242e-09,-1.7046020150957e-09,0.39835220575333
640,0.73568391799927,-2.3332198395565e-09,-1.2357698198073e-09,0.67732501029968
641,0.99815940856934,-9.5344399042574e-10,3.0055660182882e-09,0.060645036399364
642,0.59720647335052,-2.9312090532585e-09,1.5340576586809e-09,-0.8020875453949
643,0.39303493499756,3.6641907286139e-09,-2.376072227861e-09,0.91952353715897
644,0.17210246622562,-4.090487393249e-10,4.26420099231e-09,0.98507905006409
645,0.99872934818268,-5.4110711467104e-09,-2.4884350136034e-10,-0.050395969301462
646,-0.026828799396753,4.570789025049e-10,-4.060212166479e-09,0.9996400475502
647,0.70747637748718,-4.836296252364e-09,3.8468677132641e-09,0.70673704147339
648,-0.20027635991573,-1.5387748852902e-09,1.7417683961796e-09,0.97973942756653
649,0.84228336811066,2.2848973824097e-09,-2.6125142049693e-09,-0.53903502225876
650,0.95832818746567,2.0576687020935e-09,-2.6628554916641e-09,-0.28566956520081
651,0.7237645983696,-1.8761956432911e-09,1.2735563714728e-09,0.6900469660759
652,0.53895497322083,2.3852351205278e-09,4.7225143795515e-09,0.84233456850052
653,-0.34346374869347,1.9956775121344e-10,-2.2588966253068e-09,0.93916594982147
654,-0.092581138014793,2.354458572551e-10,-5.1032467140999e-09,0.99570518732071
655,0.67465227842331,4.6304107215178e-09,3.9970613485707e-09,-0.73813569545746
656,0.99381321668625,-9.636179632011e-10,6.1912603932512e-09,-0.11106465011835
657,-0.075991533696651,-8.4554319101926e-10,-4.8610591107945e-09,0.99710845947266
658,0.73776322603226,1.792880399698e-09,-1.6595766982874e-09,0.67505955696106
659,-0.029654854908586,-4.2131870908735e-11,-4.541066966901e-10,0.99956023693085
660,0.6440577507019,-2.5059776476155e-09,-5.0978159471526e-09,0.76497685909271
661,0.32623815536499,5.0086770286839e-09,-3.2705897989871e-09,0.94528758525848
662,0.90882188081741,-1.5805117214995e-09,3.3532268073344e-09,0.41718438267708
663,0.39568018913269,-2.3925583736428e-09,8.8120910568534e-10,0.91838836669922
664,0.52450615167618,-3.5639056150671e-09,-3.7159677557241e-09,0.85140663385391
665,0.70321106910706,-2.3747785959927e-09,-4.3079069200758e-09,-0.71098113059998
666,-0.2470593303442,-4.7076498255194e-09,5.4300791640927e-10,0.96900033950806
667,0.66359692811966,-1.5833515609742e-09,3.2633507007773e-09,0.74809032678604
668,-0.071596279740334,-4.1070076228777e-09,1.1317455861359e-09,0.9974337220192
669,0.85428333282471,3.0107853987715e-09,-3.4639175972018e-09,0.51980763673782
670,0.76561814546585,3.9163521314833e-09,-2.8751037106645e-09,-0.64329528808594
671,-0.34922495484352,0.61485111713409,-0.34922501444817,-0.61485111713409
672,0.098471783101559,-2.1160579954937e-09,-1.7550196851346e-09,0.99513983726501
673,0.99996209144592,2.2365029828109e-09,1.6121383117351e-09,0.0087074330076575
674,-0.30062711238861,2.5680879645051e-09,-2.3683499605909e-10,0.95374178886414
675,0.97375464439392,2.9768325582324e-09,-1.1192800020154e-09,-0.22760030627251
676,0.77583128213882,3.4474987309352e-09,-8.0868234331177e-10,-0.63094043731689
677,0.81169617176056,-1.3288433686753e-09,2.7396773738531e-09,0.58407992124557
678,0.62697714567184,-0.3269550204277,0.62697732448578,0.32695493102074
679,0.77475488185883,3.070436349617e-09,1.8913177690649e-09,-0.63226169347763
680,0.56266748905182,-0.42825844883919,0.56266766786575,0.42825821042061
681,0.86693340539932,3.4835292428426e-09,-3.3789553377517e-09,0.49842399358749
682,0.45322602987289,9.0312685108174e-10,4.6655519447825e-09,0.8913956284523
683,0.99667632579803,-1.0123233362691e-09,1.7574310895441e-09,0.081463992595673
684,0.83144700527191,-3.112795576854e-09,1.9466817047231e-09,0.55560404062271
685,-0.029542621225119,1.3294192413582e-09,4.5141956839245e-09,0.99956351518631
686,0.98577004671097,5.1626575237051e-10,4.1028966890622e-09,0.16809962689877
687,-0.48287615180016,-2.7314903672249e-09,2.129603382528e-09,0.87568867206573
688,0.90577608346939,-3.1367528574577e-09,-2.8281379460537e-09,0.42375665903091
689,0.99942064285278,-9.177559406881e-11,2.749954708392e-09,0.034034762531519
690,0.99974513053894,-5.5335807047641e-09,6.4236033159304e-10,0.022577397525311
691,-0.24081660807133,-2.1932966554061e-09,1.8198462736763e-09,0.97057062387466
692,0.704798579216,-0.70479840040207,-0.057088579982519,0.05708859115839
693,0.85179525613785,-1.4325658714842e-10,-3.8224698961642e-09,-0.52387481927872
694,0.55312651395798,-2.4231696649224e-09,-2.6717130729992e-09,0.83309727907181
695,0.93185323476791,9.4680452367157e-10,5.0157540343321e-09,-0.36283546686172
696,0.9883741736412,3.5824310185006e-09,-1.4273615622784e-09,-0.15204091370106
697,0.9980840086937,1.3250005259646e-10,-3.7402831942757e-09,0.061872955411673
698,0.61795860528946,1.1971169611158e-09,-3.681556448587e-10,-0.78621071577072
699,0.88769471645355,1.9768306991352e-09,9.8480772148246e-11,0.46043261885643
700,0.58665299415588,-3.3933209575565e-09,-3.8659573320388e-09,-0.8098384141922
701,0.64478158950806,3.9271732532598e-09,-1.6021270976552e-09,0.76436692476273
702,0.5847641825676,1.8692589698333e-09,-3.8665826096462e-09,-0.81120336055756
703,0.96430748701096,-5.0653886640717e-10,-3.4610994070761e-09,0.26478517055511
704,-0.3767261505127,0.37672606110573,0.59839576482773,-0.59839570522308
705,0.82344257831573,1.3095868833801e-09,3.6875047459972e-09,-0.56739962100983
706,0.63093703985214,-2.8458082557137e-09,3.9719791899984e-09,0.77583408355713
707,0.19572794437408,1.2567440421662e-09,2.5438912087949e-10,0.98065823316574
708,0.99908250570297,4.997869673673e-09,1.5812683384908e-09,0.042827818542719
709,0.70705860853195,-0.7070586681366,-0.0082503007724881,0.0082502998411655
710,0.97166723012924,4.0363286046841e-09,-1.5774211936659e-09,-0.23635321855545
711,-0.36639216542244,8.3768531000672e-10,-3.2340727873503e-09,0.93046051263809
712,0.9909702539444,-2.9845537152795e-09,1.5220168458896e-09,-0.13408178091049
713,0.75007599592209,3.5915106444406e-09,-3.8727567819308e-09,-0.66135162115097
714,0.58072263002396,0.58072263002396,0.40343686938286,0.40343686938286
715,0.43236264586449,3.5600868919516e-09,-2.4876150028774e-09,0.90169984102249
716,0.39396721124649,0.58718812465668,-0.39396721124649,0.58718800544739
717,0.99060928821564,-3.3541394661718e-10,-1.3461994852193e-09,0.13672329485416
718,0.99241459369659,3.2949800665705e-09,-1.0870118138939e-09,-0.12293638288975
719,0.90804439783096,-4.4909875818178e-09,3.4028599937841e-09,-0.4188739657402
720,0.66717386245728,2.4953374921921e-09,-2.0522175070425e-09,-0.74490201473236
721,-0.16413097083569,0.16413098573685,-0.68779420852661,0.68779444694519
722,0.59073621034622,-3.4769271906043e-09,-8.8952184507107e-10,-0.80686473846436
723,-0.021348759531975,0.70678442716599,0.021348766982555,0.70678442716599
724,0.56979006528854,-4.3714907249637e-09,3.1605265071732e-09,-0.82179027795792
725,0.6547520160675,1.9515766780387e-09,1.8798709255918e-09,0.75584381818771
726,0.19992814958096,-0.19992807507515,-0.67825418710709,0.67825424671173
727,0.77075439691544,1.3881394922421e-09,2.6434492372829e-09,-0.63713240623474
728,-0.44006249308586,0.55348443984985,-0.44006246328354,-0.55348443984985
729,0.6826788187027,-4.1459271571398e-09,-2.6225186466888e-09,-0.73071855306625
730,-0.44971266388893,-1.3912294649643e-09,-1.7323222856191e-09,0.89317327737808
731,0.56162196397781,-0.42962872982025,0.56162184476852,0.42962872982025
732,0.98819178342819,-2.194361803376e-09,1.2344316679958e-09,-0.15322206914425
733,0.35153698921204,0.61353224515915,0.35153695940971,-0.6135321855545
734,0.99680602550507,2.7216469078439e-09,2.281899530443e-10,0.079861223697662
735,0.98641937971115,-3.1804705535876e-09,-2.4380422125603e-09,0.16424623131752
736,0.57653838396072,-2.5430460515175e-10,-9.5030726343648e-11,0.81707012653351
737,0.82892280817032,-2.8895428272335e-09,3.0602544942582e-09,0.55936300754547
738,0.84449481964111,-3.4606382204316e-09,-2.3688699890556e-09,0.53556370735168
739,0.45795187354088,-0.53877645730972,0.45795157551765,0.53877675533295
740,0.99879115819931,4.7170627404114e-09,-4.1172232290165e-10,-0.049154922366142
741,0.65960651636124,0.65960669517517,0.25479233264923,0.25479227304459
742,0.70697569847107,-0.70697593688965,0.01360965706408,-0.013609606772661
743,-0.19826766848564,3.2093994128957e-10,-9.1032142934822e-10,0.98014789819717
744,-0.29016703367233,-7.987762118411e-10,2.0850268178663e-09,0.95697599649429
745,0.99272054433823,6.2389921007266e-10,-2.3317632269482e-09,-0.12044041603804
746,-0.040694326162338,-1.4958740912618e-09,-2.3835593498944e-09,0.99917161464691
747,0.47865450382233,2.8005155972011e-09,3.9528389450538e-09,0.87800335884094
748,0.026741657406092,7.7034806311715e-10,2.722047032222e-09,0.99964237213135
749,0.96845364570618,2.0570605219206e-09,2.9433373516241e-09,-0.2491939663887
750,0.729268014431,3.6489451460398e-09,-4.4046091218775e-09,0.68422818183899
751,-0.034124549478292,0.034124530851841,0.7062828540802,-0.70628291368484
752,0.95690584182739,1.9910284532187e-09,-1.7866572665781e-09,-0.29039850831032
753,0.89166271686554,-5.0603277124139e-09,-3.2832649932146e-09,0.4527003467083
754,0.15315729379654,2.6961362031841e-09,4.3838048746636e-09,0.98820185661316
755,-0.11514925956726,-3.0278097806757e-09,-4.2437306446708e-10,0.99334824085236
756,-0.00038446387043223,-3.6927721991376e-10,1.1242676789536e-09,0.99999994039536
757,-0.057745970785618,-8.9853102736015e-10,-5.9891580583837e-09,0.99833130836487
758,0.49504727125168,-2.1932831106852e-09,-3.8300327354079e-09,0.86886608600616
759,0.52813708782196,-2.4260291553446e-09,-2.2812285394025e-09,0.84915912151337
760,0.98965132236481,3.8560021842216e-10,3.6073559694927e-09,-0.1434933245182
761,0.85274261236191,-2.8664899343056e-09,-1.464953269803e-09,0.52233129739761
762,0.22412084043026,3.6233644973294e-09,-2.4441637602735e-09,0.97456139326096
763,0.12691444158554,-3.0723026345214e-09,-4.4979530516853e-11,0.9919136762619
764,0.83294272422791,1.0559307872526e-09,1.6980563621871e-09,0.55335921049118
765,-0.2124585211277,1.0949556816797e-09,1.337009614133e-09,0.97717010974884
766,-0.065227195620537,-1.5682223297731e-09,-1.1881896577748e-09,0.99787044525146
767,0.59994292259216,-3.6083211973903e-09,1.970338781021e-09,-0.80004280805588
768,-0.29113873839378,-3.3899205664767e-09,-1.7276885477813e-09,0.95668083429337
769,-0.42646864056587,-1.2910928992582e-09,-1.635738489103e-10,0.90450233221054
770,1,5.3411026712524e-09,1.0338556677425e-09,5.1188642828492e-05
771,-0.02824835292995,-0.028248330578208,0.70654231309891,0.70654231309891
772,0.70124703645706,0.70124691724777,-0.09084428101778,-0.090844303369522
773,0.66261714696884,-1.2798844206685e-09,-2.6483688575496e-09,0.74895828962326
774,0.69182193279266,-0.6918221116066,0.14622688293457,-0.14622689783573
775,0.97961461544037,2.9575699667106e-09,5.9589627676715e-10,0.20088620483875
776,0.99023538827896,-2.6143092135555e-09,6.0660448886196e-10,0.13940547406673
777,0.7397877573967,-1.6318870699195e-09,-3.5217282423616e-09,-0.67284029722214
778,0.55789011716843,9.4369634329183e-10,1.1487411022415e-09,-0.82991486787796
779,0.1246342882514,-4.3027839069509e-09,6.3179672604718e-10,0.99220275878906
780,0.88276779651642,-2.7419502224291e-09,-2.3903001800107e-09,-0.46980956196785
781,0.99852985143661,4.9417594460976e-09,-1.4896335276404e-09,-0.054205100983381
782,0.56765139102936,-4.8350559112009e-09,1.9236638948428e-09,0.82326900959015
783,0.29900702834129,9.6900198975902e-10,4.5796357817096e-09,0.95425093173981
784,0.69656139612198,-0.12166433036327,0.69656139612198,0.12166428565979
785,-0.058618120849133,1.1577167002841e-09,-4.9905675147954e-09,0.99828046560287
786,0.67485213279724,0.67485219240189,0.21112686395645,0.21112681925297
787,0.47258552908897,-1.0555651908106e-09,1.485319311989e-09,0.88128483295441
788,-0.15808936953545,5.8835958327563e-09,-2.9856825345398e-10,0.98742485046387
789,-0.1139922067523,-0.11399222910404,0.69785809516907,0.69785791635513
790,0.97342348098755,-4.541663045643e-09,-3.5431102496375e-10,-0.22901257872581
791,0.68512445688248,2.1430361929475e-09,-8.4066031913466e-10,0.7284260392189
792,0.82176005840302,1.6585541828817e-09,1.7003312091646e-09,0.56983369588852
793,0.63374954462051,1.0464378252806e-09,3.1657967358711e-09,-0.77353829145432
794,0.020562957972288,-4.4060040060856e-09,-8.8774965156801e-10,0.99978858232498
795,0.85929214954376,2.5604154907377e-10,1.9481516400077e-09,0.51148521900177
796,0.56603610515594,0.42379620671272,0.5660360455513,-0.42379605770111
797,-0.036315452307463,7.197682727611e-11,2.4743529447591e-09,0.99934041500092
798,0.70480763912201,-0.70480763912201,0.0569760017097,-0.0569760017097
799,0.99908685684204,-4.7331081276525e-09,-7.846148730728e-10,-0.042725164443254
800,0.05443025380373,1.0491354451858e-09,3.3726994530525e-09,0.99851757287979
801,0.88637512922287,2.9480904384371e-09,-2.7135671487599e-10,-0.46296784281731
802,0.93950253725052,-8.2576750992658e-10,-9.8635570197625e-12,0.34254187345505
803,0.9851341843605,-8.0659333379085e-11,-3.5916078999776e-09,-0.17178663611412
804,-0.0040993271395564,1.5151011556469e-09,3.237817791657e-10,0.99999159574509
805,0.15519474446774,4.1575476394939e-10,-3.2696241270003e-09,0.98788392543793
806,0.73540115356445,4.6791850394357e-09,-2.2416366540767e-09,-0.67763197422028
807,0.84945279359818,1.9760351133158e-09,4.5368202528095e-09,-0.52766460180283
808,-0.32956513762474,1.3060963421907e-09,-1.4562007155661e-09,0.94413286447525
809,0.6456943154335,1.3719926306166e-09,3.8016993997303e-09,0.76359605789185
810,0.72816503047943,5.4216129363738e-09,-2.7679736280817e-09,-0.68540185689926
811,0.91051042079926,-5.6282147831155e-09,-7.2721956234645e-10,0.41348612308502
812,-0.41204997897148,-0.5746431350708,-0.41204997897148,0.57464325428009
813,0.66228693723679,-2.384693775781e-09,-4.2323949900336e-10,-0.74925029277802
814,-0.39492657780647,0.58654320240021,0.3949266076088,0.5865433216095
815,0.50867962837219,3.5980933787982e-09,-4.9583608330295e-09,-0.86095589399338
816,0.2892057299614,1.4399507142215e-09,3.238826096208e-09,0.95726698637009
817,0.85313230752945,-3.8948542169237e-09,7.1732836337546e-10,-0.52169460058212
818,-0.45677238702774,-3.2074414235694e-09,3.7703347111062e-09,0.88958364725113
819,0.75866615772247,-2.0913999421168e-09,-2.1220576407188e-09,-0.65147960186005
820,-0.14093674719334,-5.7262616870446e-09,-8.207255985937e-10,0.99001860618591
821,0.93891561031342,-5.1353732377635e-10,-3.3806517585333e-09,-0.34414753317833
822,-0.24845916032791,2.2367259155942e-09,-2.687024602821e-09,0.96864241361618
823,0.68279737234116,3.2031390873044e-09,-2.7025335302966e-09,0.73060780763626
824,0.54581016302109,-3.7013589970769e-09,-3.332020437341e-09,0.83790892362595
825,0.99966067075729,-3.1943270251134e-09,1.1836145397126e-09,-0.02604884840548
826,0.97315806150436,-5.661980218008e-09,2.6962179155987e-09,-0.2301377505064
827,0.9878898859024,-4.9234212262661e-09,6.811292641018e-10,-0.15515664219856
828,-0.49550005793571,-0.50445973873138,-0.49550011754036,0.50445979833603
829,0.64650058746338,2.9374926935333e-09,-1.7406870389536e-09,0.76291346549988
830,-0.38658055663109,1.3601854365053e-10,2.4958441979805e-09,0.92225569486618
831,-0.013723812997341,4.208408066475e-10,3.4610578847349e-09,0.99990582466125
832,0.67862528562546,2.9221094433041e-09,-3.7608969272185e-09,0.73448467254639
833,0.83850318193436,-3.7635365934818e-09,-5.1345976359585e-09,-0.5448967218399
834,0.061631500720978,-0.061631482094526,-0.70441567897797,0.7044158577919
835,-0.19095429778099,-0.19095420837402,0.68083512783051,0.68083512783051
836,0.53037613630295,-4.3170045316288e-09,-2.9019386893481e-09,-0.84776246547699
837,-0.28649020195007,0.64646989107132,0.28649020195007,0.64647001028061
838,0.63514894247055,-0.31078267097473,0.63514882326126,0.31078267097473
839,0.59458136558533,-3.7089527005207e-09,3.3449412129016e-09,-0.80403542518616
840,0.19154815375805,-1.1271036326477e-09,-4.1077448109661e-09,0.98148322105408
841,0.91528052091599,-2.8340656488268e-09,1.1071593641887e-09,-0.40281704068184
842,0.99982237815857,-4.9717967520735e-09,-4.8189530144072e-10,0.018847743049264
843,0.74789530038834,1.9034998022249e-09,3.1432254576913e-09,0.66381680965424
844,-0.055261883884668,0.055261865258217,0.7049440741539,-0.70494401454926
845,0.61806851625443,-2.4424864353279e-09,-4.651698137792e-09,0.7861242890358
846,0.99874931573868,4.4589087977442e-09,6.9928363100047e-10,0.049997892230749
847,0.65424329042435,0.65424317121506,-0.26826444268227,-0.26826444268227
848,-0.48690369725227,-1.8166059767566e-09,3.4251661507056e-09,0.87345564365387
849,-0.23111440241337,0.66827100515366,0.23111440241337,0.66827100515366
850,0.024506153538823,-9.2978053034543e-10,4.4491715867068e-11,0.99969965219498
851,0.96350789070129,-2.8088615877664e-09,-4.7284681725657e-10,-0.26767998933792
852,0.70568370819092,4.8517317940977e-10,2.0233736908182e-09,0.70852702856064
853,-0.22257913649082,-1.2271387239693e-09,2.2533910293276e-09,0.97491461038589
854,0.272395581007,-1.5878808268255e-09,6.0425586756452e-10,0.96218538284302
855,0.99969804286957,1.1706267066813e-09,6.3095808577884e-09,-0.024572664871812
856,0.99402844905853,-7.9986262058185e-10,-3.6503604583515e-09,-0.109121568501
857,0.019558697938919,1.0133894834397e-09,2.3577975127864e-09,0.99980872869492
858,0.99019229412079,-3.3007339084179e-09,-1.5477874537595e-10,0.1397110670805
859,0.99624300003052,-2.8173250399277e-09,1.2568296403614e-09,-0.086602106690407
860,-0.11521808803082,6.7839833750583e-10,2.7801156932128e-09,0.99334025382996
861,0.70708751678467,-0.70708811283112,0.0051858206279576,-0.0051858355291188
862,0.60848349332809,-2.6597100077907e-09,-3.7894580806608e-09,0.79356652498245
863,0.51483184099197,4.8001789210161e-09,-3.5679013077328e-09,0.85729122161865
864,0.66627651453018,-1.2472004540243e-09,3.8938976487657e-09,0.7457047700882
865,0.99998426437378,5.1652619958986e-09,5.7218113580504e-10,-0.0056160381063819
866,0.9577317237854,-3.5285727673084e-09,7.4912825942519e-11,0.28766298294067
867,0.99936944246292,-4.4215604511066e-09,2.2239242392086e-10,-0.035507146269083
868,0.12927232682705,3.7779814832106e-09,-6.7722383256807e-10,0.99160915613174
869,0.84938299655914,-3.7131346886099e-09,3.1040254810932e-09,0.52777695655823
870,0.29184100031853,3.260287817497e-09,-2.2606645444512e-09,0.95646685361862
871,0.93165159225464,-4.5218464528318e-09,-2.9602533757611e-09,0.36335283517838
872,-0.24198567867279,-8.6662949039251e-10,-4.2430072788591e-09,0.97027981281281
873,0.99353647232056,-2.4158337552649e-09,-4.0845660187472e-10,0.11351357400417
874,-0.48215109109879,9.1517915468131e-10,1.7568960730685e-09,0.87608808279037
875,0.6877635717392,-4.1258676475309e-09,2.1947690331814e-09,-0.72593480348587
876,-0.091434806585312,-5.2307547182551e-10,-6.4165144308959e-09,0.99581110477448
877,0.49753221869469,0.50245583057404,0.49753221869469,-0.5024556517601
878,0.41839617490768,-1.7430247245542e-09,-3.7924681173251e-09,0.90826463699341
879,0.67395007610321,5.0006372376288e-09,-2.6854714008095e-09,-0.73877692222595
880,0.99116224050522,-6.7561933825289e-10,3.2218636647485e-09,-0.13265544176102
881,-0.45765936374664,-0.53902500867844,-0.457659304142,0.53902506828308
882,-0.19901506602764,2.7188507001341e-09,1.6555310455857e-09,0.9799964427948
883,0.056773208081722,-3.820441532576e-11,-5.381326939613e-09,0.99838709831238
884,0.52672374248505,-0.47176486253738,0.52672386169434,0.47176474332809
885,-0.3226951956749,-2.6512780859633e-09,3.6486094145971e-09,0.9465029835701
886,0.99624288082123,-6.0773350796239e-09,-2.4011859167672e-09,0.086603529751301
887,0.76193654537201,2.6286393062236e-09,1.2388650105777e-09,-0.64765167236328