1,-0.094132766127586,0.42897459864616,0.56212174892426,0.7008131146431
2,-0.33478927612305,0.2036544829607,0.67714726924896,0.62282627820969
3,0.6394122838974,0.66562366485596,-0.23863147199154,0.30191400647163
4,0.48166027665138,-0.025460017845035,0.70664817094803,0.51769053936005
5,-3.516588265029e-08,0.3136525452137,0.94953787326813,1.2321855757946e-09
6,0.36399096250534,0.68605154752731,0.17129944264889,0.60621809959412
7,-0.19427472352982,0.34337076544762,0.61813938617706,0.67989528179169
8,0.35149025917053,0.682388484478,0.18532663583755,0.61355894804001
9,6.8579055323426e-08,-0.41291639208794,0.91076892614365,-5.5182944436183e-08
10,0.64592868089676,0.25356405973434,-0.66016149520874,-0.28752103447914
11,0.083299189805984,0.55540949106216,0.43763035535812,0.70218324661255
12,0.40808808803558,0.69688725471497,0.119783192873,0.57746368646622
13,0.043829936534166,0.53001970052719,0.46805852651596,0.70574730634689
14,1.3290881728523e-09,0.77413243055344,-0.63302367925644,8.2344833174375e-09
15,-0.31794288754463,-8.3429426922521e-08,1.0362118985086e-07,0.9481098651886
16,-1.4002411674596e-08,-0.43425524234772,0.90078985691071,-2.8363043469426e-08
17,-2.1992336769472e-05,0.99399155378342,-0.10945670306683,2.7389522074373e-05
18,0.32004478573799,0.67215448617935,0.21956379711628,0.63053268194199
19,-9.8444381535501e-09,0.0050682919099927,0.99998718500137,-1.5267076491909e-09
20,-1.3462621240024e-08,0.8093369603157,0.58734464645386,1.6049741091706e-08
21,0.63737469911575,5.2584345766604e-09,1.3515575325584e-09,-0.7705540060997
22,-0.36344289779663,0.17189018428326,0.68589615821838,0.60655546188354
23,0.65775781869888,0.28160431981087,-0.64861184358597,-0.25953099131584
24,0.63969212770462,0.66540199518204,-0.23924896121025,0.30132061243057
25,0.57543730735779,0.11633333563805,-0.69747132062912,-0.41094064712524
26,0.58428680896759,0.69476705789566,-0.13152454793453,0.39825737476349
27,0.70388233661652,0.54542779922485,-0.45000904798508,0.067454658448696
28,-4.1001516848382e-08,0.9404975771904,0.33980053663254,-1.2831308460193e-08
29,0.31083184480667,0.66888475418091,0.22932809591293,0.63512629270554
30,0.69495505094528,0.58371430635452,-0.39909574389458,0.13052846491337
31,0.99354076385498,2.8270163987543e-09,-1.4941425874326e-08,0.11347596347332
32,0.70700871944427,0.49164047837257,0.50822299718857,0.011742711998522
33,0.58132541179657,4.1919783200228e-09,1.7023125131743e-09,0.81367117166519
34,-0.023633141070604,-1.2274594674011e-08,-2.4157076339293e-10,0.99972069263458
35,-0.47940701246262,0.47935968637466,-0.51977390050888,0.51982527971268
36,0.6542175412178,2.5289952354512e-09,8.5600717625312e-09,-0.75630640983582
37,0.58744990825653,0.69369256496429,-0.13708029687405,0.39357623457909
38,0.86611413955688,2.9788733701963e-09,-3.9349563607516e-09,-0.49984630942345
39,0.61147779226303,0.18130359053612,-0.68346816301346,-0.35509884357452
40,0.49012699723244,0.70697295665741,0.01384068839252,0.50967955589294
41,3.4704445539546e-08,-0.44745320081711,0.89430737495422,-2.0870322359201e-08
42,-1.9295567810218e-08,0.92881959676743,0.37053224444389,6.5092762291385e-09
43,0.50738114118576,0.70702880620956,-0.010501397773623,0.4925083220005
44,-2.2802412402712e-08,0.95325481891632,0.30216762423515,8.2843252258158e-09
45,0.43164414167404,0.70124852657318,0.090830475091934,0.56007468700409
46,0.061399597674608,0.54151666164398,0.45470815896988,0.70443618297577
47,0.92062717676163,7.408531566e-09,-1.0270007066993e-08,0.39044293761253
48,0.67710107564926,0.62289863824844,-0.33465969562531,0.20379963517189
49,0.6995330452919,0.42178201675415,-0.56756234169006,-0.10308469086885
50,-3.746205123889e-09,0.31035432219505,0.95062094926834,1.5028081001844e-09
51,0.13762736320496,0.58774584531784,0.39313468337059,0.69358390569687
52,-0.36152443289757,0.17405651509762,0.6853501200676,0.60770028829575
53,-1.7264204288381e-08,0.48775225877762,0.87298208475113,-3.5514253760027e-09
54,0.55021792650223,0.07502481341362,-0.7031147480011,-0.44414091110229
55,0.11037763953209,0.57190954685211,0.41583555936813,0.69843906164169
56,0.55352520942688,9.5710301906138e-09,-2.242119823137e-09,-0.83283245563507
57,-0.03614367172122,0.47377648949623,0.52491497993469,0.70618253946304
58,0.69615197181702,0.40414160490036,-0.58011364936829,-0.12453961372375
59,-2.1920033788092e-08,0.78895181417465,0.61445504426956,4.0723158178935e-10
60,0.69860285520554,0.57130789756775,-0.41666209697723,0.10933446884155
61,0.88645476102829,-3.6843392781094e-09,1.1752605111326e-08,-0.462815284729
62,-4.5263554682151e-08,0.3922321498394,0.91986632347107,-4.7327337604486e-09
63,0.21343640983105,0.62759286165237,0.32577103376389,0.67412561178207
64,-2.1099284097659e-08,0.93203002214432,0.36238107085228,5.884805531764e-09
65,-0.1338966935873,0.39626091718674,0.58564245700836,0.69431400299072
66,0.12763001024723,1.187599707464e-08,-1.2607754840133e-08,0.99182188510895
67,0.6838241815567,0.61079388856888,-0.35627412796021,0.17995589971542
68,0.7819407582283,6.6792003039495e-09,6.6014997912589e-09,-0.62335276603699
69,0.30577030777931,0.66704034805298,0.23464174568653,0.63757741451263
70,-1.6716333206546e-08,0.81388252973557,0.58102941513062,1.6157615689849e-08
71,0.26768174767494,0.65206182003021,0.27352428436279,0.65448176860809
72,0.66311138868332,0.64251124858856,-0.29526087641716,0.24552741646767
73,0.94913601875305,1.6772691679989e-08,-1.1669732735697e-08,0.31486645340919
74,-2.7482630571285e-07,-0.67848199605942,0.73461705446243,5.3714825298812e-07
75,0.51212483644485,-0.51207429170609,0.48757627606392,-0.48762428760529
76,0.5072540640831,0.010337395593524,-0.70703136920929,-0.49263894557953
77,0.63214063644409,5.8413416326175e-09,4.079759641229e-09,-0.77485364675522
78,0.56068921089172,0.70112317800522,-0.091797865927219,0.4308445751667
79,0.45917010307312,2.9093252251755e-09,1.6093172627851e-10,0.8883484005928
80,0.39777940511703,0.69455045461655,0.1322223842144,0.584712266922
81,0.70447993278503,0.4550949037075,-0.54119157791138,-0.060896217823029
82,0.082620874047279,0.55498641729355,0.43816646933556,0.70226353406906
83,-0.28510418534279,0.25594171881676,0.65916126966476,0.64708262681961
84,-1.0663234739638e-08,-0.38135638833046,0.92442810535431,1.8649194188924e-08
85,0.033188428729773,1.7682403097297e-08,-1.2040821673054e-09,0.99944913387299
86,-0.3169501721859,0.22282436490059,0.67108052968979,0.63209396600723
87,-0.40734231472015,0.12064780294895,0.69673776626587,0.5779904127121
88,0.57101702690125,1.0228525582079e-08,-1.1950924694304e-09,-0.82093822956085
89,-0.15470150113106,-0.59726864099503,0.37851080298424,0.68997621536255
90,0.53089642524719,0.7056657075882,-0.045119475573301,0.46706441044807
91,0.69905287027359,0.41906851530075,-0.56954509019852,-0.1064195483923
92,0.61502975225449,0.18818652629852,-0.68160164356232,-0.34891766309738
93,0.96614015102386,1.6033693484019e-08,1.0256403726316e-08,0.25801795721054
94,0.52847927808762,0.041511155664921,-0.70588713884354,-0.46979764103889
95,0.68112903833389,0.34736251831055,-0.61590486764908,-0.18990454077721
96,-0.24567240476608,0.29512059688568,0.64257574081421,0.66305750608444
97,-6.0529686152222e-08,0.20098385214806,0.97959458827972,4.1428716457403e-08
98,0.57643729448318,-0.57638037204742,-0.40955626964569,0.40959659218788
99,-1.192375265191e-07,0.90295803546906,0.42972874641418,2.1303151243046e-07
100,0.88532721996307,-1.6399945934609e-06,8.5899239365972e-07,-0.46496853232384
101,-2.3808215843246e-08,0.41196483373642,0.91119980812073,-1.079635669754e-08
102,0.39632102847099,0.69432252645493,0.13386133313179,0.58559972047806
103,-0.14938062429428,0.38307321071625,0.5943523645401,0.69114804267883
104,-0.12488365918398,0.40382036566734,0.58045583963394,0.69599151611328
105,0.70282328128815,0.44202986359596,-0.5519140958786,-0.07771647721529
106,0.95910984277725,1.7328739332356e-08,3.9472420887421e-09,0.28303417563438
107,-0.091314546763897,0.4312307536602,0.56039243936539,0.70118618011475
108,0.70527094602585,0.46270725131035,-0.53469789028168,-0.050921786576509
109,-0.3199687898159,0.21961058676243,0.67213916778564,0.6305713057518
110,0.6963911652565,0.57914799451828,-0.40569439530373,0.12263362109661
111,-0.028210686519742,0.028207808732986,-0.70650869607925,0.70657902956009
112,0.61428451538086,0.6820120215416,-0.1867091357708,0.35021969676018
113,0.50913405418396,0.70698690414429,-0.013021362014115,0.49069592356682
114,0.68637716770172,0.36517578363419,-0.60551333427429,-0.16996055841446
115,0.8521403670311,-1.7374706118289e-09,-9.8859311847832e-09,-0.52331328392029
116,6.183554224215e-10,0.73369485139847,-0.67947918176651,1.5220416926809e-08
117,0.60182982683182,0.68804961442947,-0.16303794085979,0.37122419476509
118,0.5498343706131,1.2240966462684e-08,4.8824917442403e-09,-0.83527374267578
119,0.62346893548965,0.67675215005875,-0.20495387911797,0.33359706401825
120,-0.36645263433456,0.16847948729992,0.6867418885231,0.60474181175232
121,0.61768358945847,0.19340543448925,0.68014311790466,0.3441900908947
122,0.60196608304977,0.68799066543579,-0.16330568492413,0.37099450826645
123,-0.26203951239586,0.26201343536377,-0.65673381090164,0.65679901838303
124,-0.41184350848198,-5.020555526869e-09,-1.0214287193833e-09,0.91125458478928
125,0.37447971105576,1.8175734251002e-09,2.1866743971088e-09,0.92723512649536
126,-2.8097527859927e-08,-0.63689255714417,0.77095264196396,-2.1310880171654e-08
127,-0.25462353229523,0.28639677166939,0.64651209115982,0.65967106819153
128,-8.4196784655433e-08,0.96728557348251,0.25369000434875,3.327702913225e-08
129,-7.581173022686e-09,-0.42096969485283,0.90707474946976,-9.0863217394599e-08
130,-0.16908171772957,-0.60504561662674,0.36595088243484,0.68659389019012
131,-2.5125661551328e-08,-0.65662610530853,0.75421625375748,-3.5116322294471e-08
132,-0.38396996259689,0.1483369320631,0.69137322902679,0.59377300739288
133,0.68031376600266,0.6173802614212,-0.34475859999657,0.19275978207588
134,0.57807344198227,0.12082527577877,-0.69670730829239,-0.40722391009331
135,2.1595427668331e-08,0.92042976617813,-0.39090806245804,-3.099097156678e-08
136,0.33188337087631,0.67617744207382,-0.20684400200844,-0.62438213825226
137,-2.1301746144786e-08,0.95287507772446,-0.30336302518845,2.2723517290046e-08
138,0.70263916254044,0.55296796560287,-0.44071140885353,0.079360812902451
139,0.61648619174957,0.68081867694855,-0.1910125464201,0.34633070230484
140,0.53833204507828,0.056484576314688,-0.70484703779221,-0.45847442746162
141,-0.24900867044926,0.29188045859337,0.64405405521393,0.66181182861328
142,0.58321553468704,0.12969346344471,-0.69511115550995,-0.39982467889786
143,0.70186752080917,0.55706173181534,-0.43552461266518,0.085921622812748
144,0.67845153808594,0.33880153298378,-0.62063431739807,-0.19932425022125
145,0.67243659496307,0.32085821032524,-0.63011962175369,-0.21869690716267
146,0.45166873931885,0.70408046245575,0.065346926450729,0.54405504465103
147,0.5672869682312,0.10266481339931,-0.69961398839951,-0.42212048172951
148,0.52943533658981,0.042949009686708,-0.70580101013184,-0.46872016787529
149,0.24952910840511,0.64426976442337,0.29140436649323,0.66161566972733
150,0.37158244848251,0.68814241886139,-0.16266573965549,-0.60160315036774
151,-0.37521687150002,0.37517982721329,-0.59932523965836,0.59938442707062
152,0.58633786439896,0.13514685630798,-0.69406926631927,-0.39523547887802
153,0.59685212373734,7.3225095320595e-08,1.8469354046147e-08,0.80235123634338
154,0.60526186227798,0.16948767006397,-0.68649381399155,-0.36559307575226
155,0.17267182469368,0.60695177316666,0.36277997493744,0.68570011854172
156,0.62976688146591,-2.32457098015e-09,2.6870587976902e-09,0.77678424119949
157,0.14863638579845,0.59392142295837,0.38374111056328,0.69130837917328
158,0.70663332939148,0.51797324419022,-0.48135596513748,0.02587559260428
159,-0.13933505117893,0.3916580080986,0.58873015642166,0.69324350357056
160,-0.23414991796017,0.30620712041855,0.63736701011658,0.66721397638321
161,0.65865421295166,2.1367834790453e-07,1.2408577276801e-07,-0.75244581699371
162,0.62772846221924,0.21371652185917,-0.67403656244278,-0.32551041245461
163,-0.11466139554977,0.41229113936424,0.57447010278702,0.69774854183197
164,0.43191879987717,0.70129311084747,0.090486638247967,0.55986279249191
165,0.70674812793732,0.48383173346519,-0.5156614780426,-0.022523812949657
166,-0.051361445337534,0.46234861016273,0.53500819206238,0.70523899793625
167,0.64395427703857,0.66189682483673,-0.24878181517124,0.29210126399994
168,0.70609039068222,0.47249290347099,-0.5260705947876,-0.037901867181063
169,0.47400364279747,0.70619601011276,0.035873848944902,0.52471023797989
170,-5.5825136513477e-08,-0.029934901744127,0.99955189228058,-1.3427171374758e-08
171,0.012927777133882,-1.6525625312624e-08,8.6974383251004e-09,0.99991643428802
172,0.646399974823,0.25439912080765,-0.65975844860077,-0.28664776682854
173,-4.7638184952348e-08,0.62924408912659,0.77720773220062,-3.9999001444357e-08
174,-0.10857290029526,0.41728457808495,0.5708532333374,0.69872176647186
175,0.65604823827744,0.65045130252838,0.27733284235001,-0.26381874084473
176,0.54958552122116,0.074024572968483,0.7032213807106,0.44492226839066
177,-0.17219267785549,0.36317524313927,0.60671550035477,0.68582046031952
178,0.24973714351654,0.64436119794846,0.29120153188705,0.66153734922409
179,-0.026843978092074,0.48064568638802,0.51863247156143,0.7065971493721
180,0.31346115469933,0.66983133554459,0.22655190527439,0.63383156061172
181,4.9790900291669e-09,-0.3611213862896,0.93251883983612,-1.0023873286968e-08
182,0.51707279682159,0.024584598839283,0.70666867494583,0.48233881592751
183,-5.6454322105992e-08,0.99502378702164,0.099637657403946,8.4349958129337e-09
184,-0.38124284148216,0.15150637924671,0.69068479537964,0.59552854299545
185,-1.2617849165508e-07,0.77804470062256,0.62820893526077,-6.1130236872486e-08
186,0.70641756057739,0.47745272517204,-0.52157336473465,-0.031214758753777
187,-0.33832383155823,0.19980750977993,0.6782905459404,0.62091541290283
188,-4.0401354794994e-07,0.62744277715683,0.77866268157959,-1.0602951050487e-07
189,0.67117130756378,0.31723722815514,-0.63195008039474,-0.22255074977875
190,0.99966150522232,2.6073780912128e-09,5.3652047249386e-09,-0.02601620927453
191,0.74783605337143,-1.4556928995546e-08,-3.6693519334108e-09,0.66388344764709
192,0.53805989027023,0.70488399267197,-0.056031871587038,0.45879259705544
193,0.70612561702728,0.52564692497253,-0.47296452522278,0.037235841155052
194,0.63540488481522,-3.7348787174096e-08,-1.8133886214855e-07,0.77217918634415
195,-0.10649007558823,0.41898414492607,0.56960713863373,0.69904220104218
196,-0.20583720505238,0.20581687986851,-0.6764543056488,0.67652052640915
197,0.99631160497665,2.413339972307e-09,-2.8004674135218e-09,0.085809037089348
198,-0.30253320932388,0.23794636130333,0.6659072637558,0.63907957077026
199,0.14131757616997,0.5898300409317,0.39000010490417,0.69284182786942
200,-0.38671192526817,0.14513829350471,0.69205111265182,0.59199160337448
201,0.78773039579391,3.7445165190775e-08,1.3691506595137e-08,0.61602014303207
202,-3.3359047080239e-08,-0.59634411334991,0.80272895097733,-9.5689735246651e-08
203,0.36966601014137,-0.16482192277908,0.68762934207916,0.60278242826462
204,0.36488655209541,-3.5328986403016e-09,-9.8713996976585e-09,0.9310519695282
205,0.34910956025124,0.68166655302048,0.1879645138979,0.61491674184799
206,0.50809103250504,0.70701324939728,-0.011525102891028,0.49177533388138
207,0.67586499452591,0.33094364404678,-0.62488120794296,-0.20786139369011
208,0.57887095212936,0.69646245241165,0.12208872288465,-0.40613156557083
209,0.67366939783096,0.62830072641373,-0.32440423965454,0.2148712426424
210,0.615079164505,0.68158626556396,-0.18825489282608,0.34882360696793
211,0.62084454298019,0.1996952444315,-0.67832261323929,-0.33845567703247
212,-0.06684822589159,0.4504788517952,0.54504007101059,0.70394003391266
213,-5.7407650189134e-08,0.89246588945389,-0.45111492276192,1.839515539892e-09
214,-0.44989314675331,-1.9661431593931e-08,-2.9107480870039e-09,0.89308243989944
215,1.0650980186711e-07,0.39457005262375,0.91886585950851,-1.8340418961316e-08
216,0.01731644384563,0.51208293437958,0.48761749267578,0.70689487457275
217,0.00091920787235722,0.50063759088516,0.49936133623123,0.70710635185242
218,-0.45132824778557,4.514877716133e-08,-2.9995902650626e-07,0.89235806465149
219,-0.11161144822836,0.41479700803757,0.5726615190506,0.69824439287186
220,0.99697268009186,6.8462404634317e-09,9.0021207155289e-10,-0.077752679586411
221,0.61650049686432,0.19107261300087,-0.68080163002014,-0.34630560874939
222,0.68161690235138,0.61502397060394,-0.34891796112061,0.18814939260483
223,0.9587613940239,1.473470856439e-08,-1.978715857831e-09,0.28421223163605
224,-0.35694634914398,0.1792032122612,0.68402177095413,0.61040127277374
225,0.62923341989517,0.67304694652557,-0.21681249141693,0.32259175181389
226,-0.39394843578339,0.13663378357887,0.69378018379211,0.58720088005066
227,0.59948945045471,0.68906044960022,-0.15873120725155,0.37498334050179
228,-0.41020968556404,0.41016915440559,-0.57594430446625,0.57600128650665
229,0.55676543712616,0.70192563533783,-0.085443124175072,0.43590384721756
230,0.035648267716169,0.52455997467041,0.47416946291924,0.70620775222778
231,0.6573303937912,0.2805398106575,-0.64907413721085,-0.26060885190964
232,-0.26277419924736,0.27836787700653,0.65000855922699,0.65646773576736
233,0.79196751117706,-1.01084864923e-08,5.4170299357281e-09,0.6105632185936
234,-0.1751015484333,-0.60823422670364,0.36062622070312,0.68508344888687
235,-0.43408352136612,0.087737031280994,0.70164233446121,0.55818611383438
236,0.70642739534378,0.52143824100494,-0.47760102152824,0.030979918316007
237,0.30534094572067,0.66688352823257,0.2350877225399,0.63778293132782
238,-0.21522986888885,-3.2104708225233e-05,0.00012201449862914,0.97656345367432
239,0.99938970804214,1.9375793414156e-08,-2.6287003684899e-09,-0.034931313246489
240,-6.4202104965716e-08,0.99704241752625,0.076853528618813,6.2791571053822e-08
241,0.89051365852356,8.5615896594504e-09,-6.7873182629796e-09,0.45495656132698
242,0.67755609750748,0.33608439564705,-0.62213110923767,-0.2022816836834
243,-2.9748770558058e-08,0.94508361816406,0.32682862877846,8.3126607819395e-09
244,0.042565450072289,-6.2422476077018e-09,4.2254066912051e-09,0.99909371137619
245,0.14965029060841,0.5944852232933,0.38287028670311,0.69108790159225
246,-6.6193607040077e-08,0.95686006546021,-0.29054933786392,-3.3881157879279e-09
247,-0.14100879430771,1.423258400024e-08,5.1410760093518e-09,0.99000835418701
248,-4.7924624269058e-09,0.88803899288177,0.4597681760788,-1.6868289876015e-08
249,0.37496137619019,0.68904715776443,0.15879113972187,0.59950268268585
250,0.32170271873474,0.67273008823395,0.21779446303844,0.62968820333481
251,-0.31124442815781,0.228859141469,0.66904705762863,0.6349224448204
252,0.54486775398254,0.066612206399441,-0.70396202802658,-0.45068770647049
253,0.36272260546684,-4.4544815058778e-10,1.2683011585413e-10,0.93189716339111
254,-0.17721897363663,0.35871502757072,0.60936325788498,0.68453884124756
255,-1.2706569130216e-08,0.99895995855331,0.045596498996019,-1.127576965132e-08
256,0.56596231460571,0.6999369263649,-0.10044085234404,0.42389443516731
257,0.57662355899811,0.69713771343231,-0.11831752210855,0.409274071455
258,-4.1619209412147e-08,0.99661159515381,0.082251325249672,1.6077814635196e-09
259,-1.3001402621171e-08,-0.02128654718399,0.99977344274521,4.573560019594e-08
260,0.41405281424522,0.6980916261673,0.11255188286304,0.57320189476013
261,-3.3339127014642e-08,-0.36495134234428,0.93102657794952,8.9219414078912e-09
262,0.70150250196457,0.43322575092316,0.5588521361351,0.088848061859608
263,0.67192047834396,0.31937286257744,-0.63087302446365,-0.22027951478958
264,-0.41472399234772,0.11170311272144,0.69821965694427,0.57272660732269
265,0.63229876756668,0.22328855097294,-0.67092627286911,-0.31654134392738
266,0.56311988830566,0.70059168338776,-0.095765165984631,0.42766383290291
267,-0.18074281513691,0.35557121038437,0.61120277643204,0.68361711502075
268,-0.10695008188486,0.41860908269882,0.56988263130188,0.69897204637527
269,0.55040043592453,0.70312964916229,-0.075016297399998,0.44389271736145
270,0.52634036540985,0.70607054233551,-0.038268566131592,0.47219243645668
271,0.054483246058226,0.53702807426453,0.46000075340271,0.70500481128693
272,-2.4215788485549e-08,0.8667186498642,-0.49879735708237,2.551872846368e-08
273,-0.050855115056038,0.46273249387741,0.53467607498169,0.70527577400208
274,0.56711709499359,0.69966000318527,-0.10234973579645,0.42234891653061
275,-0.040059603750706,0.47085803747177,0.52753454446793,0.70597112178802
276,-0.078474476933479,2.9424729319771e-09,4.8719677181452e-09,0.99691611528397
277,-7.8341578557684e-08,0.04493248462677,0.99899005889893,4.9463498186242e-08
278,-0.29058057069778,0.25034332275391,0.66130799055099,0.64464169740677
279,0.47047165036201,0.70593976974487,0.040609993040562,0.52787911891937
280,0.83142387866974,-1.1588308979071e-08,-1.2072378652306e-08,0.55563867092133
281,-0.20213660597801,0.33618798851967,0.62207502126694,0.67759948968887
282,0.32542678713799,0.67400884628296,0.21380683779716,0.62777078151703
283,-0.0082175815477967,0.49414345622063,0.50578856468201,0.70705914497375
284,-8.6930702636323e-09,-0.67181879281998,0.74071556329727,-2.0536285560979e-08
285,-0.21817080676556,0.32132068276405,0.62988322973251,0.67260807752609
286,0.28950414061546,-7.4184289822199e-09,1.4049707175445e-08,0.9571767449379
287,-5.1560778757676e-08,0.89495009183884,-0.44616624712944,2.6945915720944e-08
288,0.80486172437668,-5.0032770104735e-07,-4.49382213219e-07,0.59346240758896
289,0.70504289865494,0.46038168668747,0.53670197725296,0.0539834164083
290,0.52045446634293,0.70648992061615,-0.029527442529798,0.47867250442505
291,-4.7908475409031e-08,0.87959450483322,0.4757242500782,-3.2338690059142e-10
292,0.29288324713707,-0.24794653058052,0.66225647926331,0.64355129003525
293,-9.1701766180563e-09,0.99361532926559,-0.11282117664814,6.9231984589635e-09
294,-7.6117414593568e-09,0.0017789986450225,0.99999845027924,-1.9462015998783e-08
295,-0.18548190593719,0.35132172703743,0.61365562677383,0.68234616518021
296,0.70078891515732,0.56223291158676,-0.42882859706879,0.094313867390156
297,0.57708209753036,9.9228664396378e-08,-8.4246124743004e-08,-0.81668621301651
298,0.68834775686264,0.37257543206215,-0.60104697942734,-0.16157796978951
299,0.18074385821819,0.6111866235733,0.35559916496277,0.68361675739288
300,0.22614799439907,0.63364291191101,0.31384295225143,0.66996741294861
301,0.75449007749557,3.2612327061088e-08,-2.0183501092674e-08,-0.65631145238876
302,-0.40674790740013,-1.9950572749394e-08,-2.9930571798786e-08,0.91354048252106
303,0.37381961941719,0.68871200084686,0.1601171195507,0.60024756193161
304,0.90121430158615,2.536755339122e-08,3.566310624592e-08,-0.43337374925613
305,0.22324678301811,0.6322780251503,0.31658211350441,0.67094051837921
306,0.82053428888321,-9.1312370997798e-09,8.9888532173177e-09,-0.57159733772278
307,0.45962318778038,0.70496690273285,0.054977744817734,0.53735059499741
308,-0.0047953482717276,-0.50336980819702,0.49659621715546,0.70709830522537
309,-6.2855782800852e-08,0.29848536849022,0.95441424846649,-7.013202463213e-08
310,0.62800490856171,0.21428905427456,-0.67385458946228,-0.32497689127922
311,0.11729757487774,0.57598215341568,0.41017434000969,0.69731116294861
312,0.69150280952454,0.38449293375015,-0.59342819452286,-0.1477565318346
313,-7.2348150581547e-08,0.95502960681915,0.29651060700417,3.017128236138e-08
314,-2.0036413417301e-08,0.5006138086319,0.8656707406044,-7.6263271253652e-09
315,0.050704158842564,-0.46284705400467,0.53457725048065,0.70528638362885
316,0.42331182956696,0.69982743263245,0.10119647532701,0.56639915704727
317,4.9355314502009e-08,0.87570816278458,-0.48284083604813,-1.9586940425143e-07
318,0.59689694643021,0.69013494253159,-0.15399211645126,0.37909662723541
319,-0.21782088279724,0.32164800167084,0.62971520423889,0.67272239923477
320,0.24499055743217,-0.29578119516373,0.64227277040482,0.66330897808075
321,2.9653003608132e-08,0.99009811878204,-0.14037726819515,2.3836342677441e-08
322,-0.198306620121,0.33970341086388,0.62019515037537,0.67870032787323
323,0.65595161914825,0.65055280923843,-0.27709370851517,0.26405981183052
324,0.70431089401245,0.4536160826683,-0.54243189096451,-0.062818996608257
325,0.12044921517372,0.57785314321518,0.40753585100174,0.69677275419235
326,-1.6113121503736e-08,0.95573312044144,0.29423508048058,3.6300733086136e-08
327,0.35931676626205,0.68470507860184,0.17657521367073,0.60900884866714
328,0.29457744956017,0.66283798217773,0.2462637424469,0.6428250670433
329,0.70707333087921,0.49452087283134,-0.50540775060654,-0.0077155418694019
330,0.18071100115776,0.6111695766449,0.35562843084335,0.68362540006638
331,2.5107517842571e-08,-0.20265613496304,0.97924995422363,-1.5469971970106e-08
332,-2.3716370378679e-07,0.76210230588913,0.64745664596558,3.7033987609902e-07
333,0.30816906690598,0.66792064905167,0.23212496936321,0.63642108440399
334,-2.9158542247387e-10,-0.69262772798538,0.7212952375412,-1.7474471647461e-08
335,-0.49577894806862,0.0059232162311673,0.70707428455353,0.50419652462006
336,0.62925642728806,0.6730318069458,-0.2168627679348,0.32254484295845
337,1.0535257999322e-08,-0.56864583492279,0.82258248329163,-4.2424368018601e-08
338,0.6343001127243,0.66950225830078,-0.22752267122269,0.3125117123127
339,3.5683280774634e-09,-0.67484039068222,0.73796373605728,-3.1814884948744e-08
340,0.18914997577667,0.61551994085312,0.34804445505142,0.6813388466835
341,0.500492811203,0.70711141824722,-0.0006847838521935,0.49949970841408
342,0.70699834823608,0.49117669463158,-0.50867021083832,-0.012386566959321
343,0.60129463672638,0.16209416091442,-0.68827706575394,-0.37208190560341
344,0.56689542531967,0.6997138261795,-0.10198332369328,0.4226458966732
345,0.6433721780777,0.24749661982059,-0.66237843036652,-0.2933811545372
346,0.6769392490387,0.33419498801231,-0.62314802408218,-0.20433683693409
347,0.63814163208008,0.66661792993546,-0.23584647476673,0.30458545684814
348,0.67002713680267,0.63357508182526,-0.31397840380669,0.22597312927246
349,0.26211684942245,0.64971721172333,0.27905005216599,0.65672934055328
350,-0.48182383179665,0.025237310677767,0.70665615797043,0.51753836870193
351,0.62698829174042,0.21218611299992,-0.67451959848404,-0.32693433761597
352,0.90088939666748,-3.3148090938795e-09,-8.3835685060762e-09,-0.43404880166054
353,1.9361793945905e-08,-0.5106183886528,0.85980749130249,-2.7635568500273e-08
354,-0.42571809887886,0.098182328045368,0.70025664567947,0.56459277868271
355,-4.2114958631601e-08,0.50739061832428,0.86171621084213,-4.1231544400944e-08
356,-1.0273743633604e-08,0.74184489250183,-0.67057156562805,2.7581426920165e-08
357,-0.0023566309828311,0.49826112389565,0.50170767307281,0.70712071657181
358,0.81861591339111,-1.7477876923522e-08,-4.563559752313e-09,-0.5743413567543
359,-0.022219831123948,0.022217623889446,-0.706722676754,0.70679259300232
360,-1.4430291628287e-08,0.93949401378632,0.34256535768509,2.3104020030473e-08
361,0.65890842676163,0.64736378192902,-0.28446394205093,0.25659346580505
362,0.6568067073822,0.27923887968063,-0.64963513612747,-0.26192519068718
363,0.16816651821136,0.60455709695816,0.36675688624382,0.68681889772415
364,-0.19267337024212,-6.3189191656932e-09,-6.5968173146302e-09,0.98126298189163
365,0.018235825002193,0.51271682977676,0.48695108294487,0.70687168836594
366,0.67046064138412,0.31522822380066,-0.63295459747314,-0.22468237578869
367,0.71284103393555,-7.8651174462152e-09,-8.646916960231e-09,0.70132565498352
368,0.55849874019623,0.088276326656342,-0.70157486200333,-0.43368095159531
369,0.47507548332214,0.70628243684769,0.034416206181049,0.52372133731842
370,-8.4513240850015e-09,0.0017134491354227,0.99999856948853,5.8076099485049e-09
371,0.68709564208984,0.36775448918343,-0.60395079851151,-0.16703230142593
372,-3.4639054291574e-08,0.97180646657944,0.23577991127968,-1.1430854485184e-08
373,-8.7947231719454e-09,0.41884657740593,0.90805703401566,3.7152800835827e-09
374,-3.771430812094e-08,0.91180467605591,0.4106242954731,4.5973109763509e-08
375,-0.26390421390533,0.27724820375443,0.65048694610596,0.65601426362991
376,0.70523846149445,0.46237128973007,-0.53498929738998,-0.051361884921789
377,-0.023287158459425,0.48324704170227,0.51620596647263,0.70672583580017
378,-1.4313947360733e-08,0.70876038074493,0.70544928312302,1.34357467374e-08
379,-2.0182481463848e-08,-0.43425583839417,0.90078961849213,-7.1502149978642e-08
380,0.68900740146637,0.37483635544777,-0.59959048032761,-0.15892685949802
381,0.5378822684288,0.055793456733227,-0.70490205287933,-0.45900204777718
382,0.65385663509369,0.27200481295586,-0.65269696712494,-0.26920539140701
383,4.4567752155444e-08,0.77463489770889,0.63240873813629,2.6434094024808e-07
384,0.5523327589035,0.70275294780731,0.07834929227829,-0.44150674343109
385,0.80525189638138,-1.6134041658233e-08,-6.1712457366525e-09,0.59293287992477
386,0.35909047722816,0.68462538719177,0.176827698946,0.60915851593018
387,0.6588362455368,0.64744371175766,-0.28428217768669,0.25677832961082
388,0.51118129491806,0.70692622661591,-0.015976898372173,0.48856294155121
389,-2.3220938061286e-08,0.31042832136154,0.95059680938721,-9.6734069643389e-09
390,0.51587933301926,0.70674407482147,-0.022822255268693,0.4835911989212
391,-0.067204035818577,0.4502032995224,0.54526764154434,0.70390611886978
392,-2.6926830543061e-08,0.99954044818878,0.030312862247229,2.5173061857231e-08
393,0.60541129112244,0.68643254041672,-0.16973552107811,0.36534577608109
394,-0.4778696000576,0.030616810545325,0.70644325017929,0.52119207382202
395,0.4980351626873,0.70716071128845,0.0028315517120063,0.50187319517136
396,-0.39407730102539,0.13647609949112,0.69381511211395,0.58710992336273
397,0.64724117517471,0.65903383493423,-0.25618299841881,0.28482201695442
398,0.70685762166977,0.48656162619591,-0.51308637857437,-0.018772684037685
399,0.63360691070557,0.67000418901443,-0.22604028880596,0.31391504406929
400,0.31209802627563,3.297865802665e-08,3.2068614430614e-10,0.95004993677139
401,-1.866872167966e-07,0.98838305473328,-0.15198342502117,-1.9533841211228e-08
402,-9.4509474024562e-08,0.9631752371788,0.26887455582619,1.5946596931826e-08
403,-0.064496591687202,0.45229685306549,0.54353231191635,0.70415931940079
404,0.061896711587906,0.54183739423752,0.45432585477829,0.70439273118973
405,-0.016042744740844,0.4885151386261,0.51122671365738,0.70692491531372
406,0.39600855112076,-1.0678037121181e-08,-9.418533508665e-09,0.91824686527252
407,0.7087921500206,-3.7260461382971e-09,9.1978735738962e-10,0.70541739463806
408,0.11433989554644,0.57426047325134,0.41258290410042,0.6978012919426
409,0.38735708594322,0.69220209121704,0.14441642165184,0.59156966209412
410,0.69275945425034,0.59007513523102,-0.3896296620369,0.14171987771988
411,0.95060807466507,2.9094076037239e-09,-1.4806827985936e-09,-0.31039386987686
412,0.93445664644241,-5.9432048171715e-10,3.6642591183522e-09,-0.35607695579529
413,0.80770576000214,-1.5602230618583e-10,-1.1442804481732e-09,0.58958584070206
414,2.1702103225607e-08,-0.70625579357147,0.70795673131943,1.201380683824e-08
415,0.28220477700233,0.65799671411514,0.25892087817192,0.64835238456726
416,0.70373463630676,-0.70366376638412,-0.0693329423666,0.069338962435722
417,-0.20928025245667,0.32960081100464,0.62559020519257,0.67542725801468
418,-0.019447468221188,-0.51355075836182,0.4860717356205,0.70683920383453
419,0.68115723133087,0.61586958169937,-0.34742560982704,0.18980234861374
420,-0.30662006139755,0.23371735215187,0.66736495494843,0.63716900348663
421,0.34356287121773,0.6799458861351,0.19409610331059,0.61803305149078
422,0.88265061378479,4.3268197913449e-09,5.7646420970059e-09,-0.47002968192101
423,0.68567675352097,0.36269778013229,-0.60700088739395,-0.17276473343372
424,-0.3688545525074,0.1657473295927,0.68740648031235,0.60327976942062
425,0.68712133169174,0.36782729625702,-0.60390317440033,-0.16693855822086
426,0.61636143922806,0.68088746070862,-0.19076752662659,0.34655269980431
427,-0.38944163918495,0.14194093644619,0.69271385669708,0.59019958972931
428,-5.4382272018927e-09,0.35990759730339,0.93298798799515,5.1519162269642e-09
429,-0.24797929823399,-0.64358580112457,0.29291215538979,0.66219800710678
430,0.65869492292404,0.28457590937614,-0.64751362800598,-0.2566394507885
431,-3.9295972698028e-08,0.81620448827744,0.57776314020157,-1.9913879434341e-09
432,0.22579817473888,0.63347810506821,0.31417393684387,0.670086145401
433,-3.1084348428578e-09,0.98738795518875,0.15831924974918,3.7346516990056e-08
434,0.26094302535057,-5.647630985095e-08,-1.926737525082e-07,0.96535420417786
435,0.32991573214531,0.67552238702774,0.2089722007513,0.62542444467545
436,-0.025471944361925,0.48165175318718,0.51769810914993,0.70664805173874
437,-0.4504067003727,0.066940486431122,0.70393073558807,0.54510033130646
438,-5.5084479200218e-09,-0.66620534658432,0.74576836824417,-1.9185691257917e-08
439,-2.2397346199909e-09,-0.53248226642609,0.84644114971161,1.577561903332e-08
440,0.70576256513596,0.52987885475159,-0.46821790933609,0.043584186583757
441,2.2742950633869e-08,-0.2072314620018,0.9782919883728,4.7064929731278e-08
442,0.24771723151207,0.64346939325333,0.29316678643227,0.66229641437531
443,-0.46048277616501,0.053351003676653,0.70522916316986,0.53643375635147
444,0.97238314151764,1.5644863182729e-10,-7.2170016629514e-09,-0.23339030146599
445,-3.1555849488996e-08,0.55816900730133,0.8297273516655,-4.7771820277376e-08
446,-8.9632079536273e-10,0.99792832136154,0.064335562288761,2.2383686015814e-08
447,0.70258182287216,0.44033846259117,-0.55326497554779,-0.079867750406265
448,0.64276069402695,0.24611833691597,-0.66289180517197,-0.29471862316132
449,-0.026480803266168,0.48091223835945,0.51838535070419,0.70661079883575
450,0.62814909219742,5.8794416446517e-08,-1.070200816855e-08,-0.77809298038483
451,0.98840606212616,-1.4998433606195e-09,-1.6204594999181e-08,0.15183368325233
452,0.70002496242523,0.424421697855,0.56556779146194,0.099821507930756
453,-4.0624573927062e-08,0.36805760860443,0.92980301380157,1.3195321280079e-08
454,0.30524143576622,0.66684675216675,0.23519177734852,0.63783061504364
455,-2.9546647795087e-08,0.93546384572983,0.35342234373093,1.8380031718834e-08
456,0.68957453966141,0.37696617841721,-0.59824436903,-0.15648366510868
457,0.47822830080986,0.70646297931671,0.030163738876581,0.52086263895035
458,7.9141440068042e-09,-0.43833431601524,0.89881199598312,-2.7966869708962e-08
459,0.27509197592735,0.65512371063232,0.26610672473907,0.6514019370079
460,0.66436439752579,0.64098513126373,-0.2985600233078,0.24211545288563
461,0.51472455263138,0.021156491711736,-0.70679038763046,-0.48482823371887
462,-0.30035188794136,0.24025595188141,0.66503888368607,0.64014774560928
463,0.54154890775681,-9.677031442834e-08,-1.5410648757097e-07,0.84066927433014
464,0.70371395349503,-0.70364397764206,0.06953751295805,-0.069544322788715
465,0.70112633705139,0.43089109659195,-0.56065446138382,-0.091768324375153
466,-2.1955766982273e-08,-0.6747043132782,0.73808819055557,-2.6078117443262e-08
467,-0.4732985496521,0.036788493394852,0.70614767074585,0.52534806728363
468,-0.097535103559494,0.42623952031136,0.56419813632965,0.70034790039062
469,-0.41099360585213,0.11623583734035,0.69748765230179,0.57539939880371
470,0.18703223764896,0.61443561315536,0.3499550819397,0.68192327022552
471,-2.767031492823e-09,0.38206267356873,0.92413640022278,1.4945555903978e-08
472,0.51268798112869,0.70687353610992,-0.018160780891776,0.48698160052299
473,-0.49528101086617,0.0066255531273782,0.70707541704178,0.50467544794083
474,-0.45588374137878,-2.5001119396961e-08,7.9753927906268e-09,0.89003932476044
475,0.59425419569016,2.6113309292697e-09,1.8933066670002e-08,0.8042773604393
476,-6.2708252812627e-08,0.21176846325397,0.97731989622116,-4.0981703364196e-08
477,0.70674341917038,0.5157824754715,-0.48370286822319,0.022666892036796
478,0.52173107862473,0.70640856027603,-0.031414642930031,0.47728070616722
479,0.69831627607346,0.41520166397095,-0.57236993312836,-0.11115142703056
480,-3.5598628045364e-08,0.84034699201584,0.54204893112183,-8.8763103534006e-09
481,0.56639361381531,0.69983375072479,-0.10115018486977,0.42331981658936
482,1.6249870782303e-08,0.82516258955002,-0.56489527225494,-6.4859424497854e-09
483,0.052988491952419,0.53605151176453,0.46113809943199,0.70511889457703
484,0.70622783899307,0.52431452274323,-0.47444078326225,0.035249281674623
485,0.63198655843735,0.22262881696224,-0.6711453795433,-0.31716457009315
486,0.1048579365015,0.56860744953156,0.42033952474594,0.69928896427155
487,0.67012959718704,0.6334325671196,-0.31426584720612,0.22566899657249
488,0.65251010656357,0.65405404567719,-0.26872506737709,0.27245345711708
489,0.19124236702919,1.2360514389798e-08,-1.4103765266782e-08,0.9815428853035
490,0.66063386201859,0.64541906118393,-0.28884994983673,0.25211662054062
491,0.67246627807617,0.32093933224678,-0.63007777929306,-0.21860729157925
492,0.64321255683899,0.24713648855686,-0.66251289844513,-0.29373088479042
493,0.68469250202179,0.35927194356918,-0.60903489589691,-0.17662543058395
494,4.1259539784733e-08,0.79772555828094,-0.60302072763443,-2.8372710403346e-07
495,0.23648934066296,0.638423204422,0.30399939417839,0.66638803482056
496,0.6765176653862,0.33291307091713,-0.62383383512497,-0.20572818815708
497,-0.48565903306007,-7.1492955555641e-08,-5.2751209977941e-07,0.87414836883545
498,0.61679708957672,0.19165648519993,-0.68063765764236,-0.34577676653862
499,-0.43098679184914,0.09162001311779,0.70114588737488,0.5605805516243
500,0.0015988325467333,8.81523476437e-09,-1.2929733728129e-08,0.99999874830246
501,0.39352917671204,0.69367784261703,0.13716097176075,0.5874799489975
502,0.70484358072281,0.4584367275238,-0.53836363554001,-0.056533262133598
503,1.1145377243338e-07,0.99857306480408,-0.053402401506901,-1.9452987487512e-07
504,3.6968465622067e-08,0.69974875450134,0.71438902616501,5.7733274161365e-08
505,0.97148513793945,9.9174304324379e-09,-2.5098185751915e-09,-0.23710034787655
506,-2.6460455160304e-08,0.84290486574173,0.53806263208389,-1.6645920197789e-08
507,0.054048992693424,0.53674483299255,0.46033158898354,0.70503807067871
508,0.046601299196482,0.53185391426086,0.46597355604172,0.70556956529617
509,0.41169771552086,0.69762486219406,0.11541404575109,0.57489490509033
510,0.9988249540329,-1.5738379488539e-08,1.4716770913026e-08,-0.048464216291904
511,2.6337376723973e-08,0.97672057151794,0.21451565623283,-3.4418267347291e-08
512,-0.070667035877705,0.44751465320587,0.54747647047043,0.70356690883636
513,2.1076670009279e-07,0.50842118263245,0.86110854148865,-6.0999241213722e-08
514,0.66161435842514,0.29140067100525,-0.64427131414413,-0.24953298270702
515,0.014362402260303,1.078859490633e-08,-2.8855199118993e-08,0.99989688396454
516,0.70707124471664,0.50505298376083,-0.49489429593086,0.0071757514961064
517,0.51116001605988,0.015979534015059,-0.70692598819733,-0.48858544230461
518,-3.1010049497127e-06,0.55157804489136,0.83412331342697,-6.425008223232e-07
519,0.93600332736969,2.7849379691247e-08,-1.7659488094068e-08,-0.3519911468029
520,-2.5582357565668e-08,0.58378618955612,0.81190747022629,-3.9492009662467e-09
521,0.55063408613205,0.70306468009949,-0.075668044388294,0.44359493255615
522,0.93224155902863,-1.6184408480058e-08,3.2076605815945e-09,-0.36183652281761
523,0.32897931337357,0.67520862817764,0.20998296141624,0.62591779232025
524,-2.3873472088098e-08,0.47939583659172,0.87759882211685,-5.1027765124445e-08
525,0.49219641089439,0.70703125,0.010958292521536,0.50767058134079
526,0.90109598636627,-1.0572084541138e-08,4.3046096465105e-08,-0.43361973762512
527,0.043316178023815,0.5296790599823,0.46844434738159,0.70577883720398
528,-6.4883136019489e-07,-0.31643068790436,0.94861567020416,2.7585716111389e-07
529,-3.9566554477233e-08,-0.10041457414627,0.99494570493698,-5.9049803269318e-08
530,0.70623373985291,0.47455424070358,-0.52421200275421,-0.035130091011524
531,1.2039275132381e-09,0.75606429576874,-0.65449744462967,1.0765695002135e-08
532,0.69982331991196,0.56643968820572,0.42325654625893,-0.1012290418148
533,-0.1829306781292,0.35361593961716,0.61234045028687,0.68303102254868
534,0.38985484838486,1.4831668693205e-07,1.6109890310645e-08,0.92087632417679
535,0.69491016864777,0.39892128109932,-0.58383327722549,-0.1307689845562
536,-4.3985586728468e-08,-0.041617225855589,0.99913364648819,-1.1300365976297e-08
537,0.64392340183258,0.66192305088043,-0.2487121373415,0.29216915369034
538,0.70674657821655,0.48379814624786,-0.51569294929504,-0.022569758817554
539,-0.25189086794853,0.2890667617321,0.64534336328506,0.66069912910461
540,0.68580061197281,0.36313363909721,-0.60674041509628,-0.17227223515511
541,0.10374525934458,0.56793797016144,0.4212434887886,0.69945502281189
542,0.080500952899456,0.55366152524948,0.43983945250511,0.70250964164734
543,-0.33662438392639,0.20166014134884,0.67774325609207,0.62183713912964
544,4.563365862964e-08,-0.68932634592056,0.72445094585419,-9.0329386637222e-08
545,0.57063436508179,0.6987783908844,-0.10820605605841,0.41758438944817
546,-0.12702602148056,0.40203127264977,0.58169639110565,0.69560372829437
547,0.056261863559484,9.9501145101044e-09,-5.2800504590778e-07,0.99841606616974
548,-0.15843351185322,0.37524408102036,0.59932595491409,0.68912929296494
549,0.063825972378254,0.54307991266251,0.45283994078636,0.70422047376633
550,0.80919349193573,1.1273223243791e-08,-1.1996824866856e-08,-0.58754223585129
551,-0.14415872097015,0.38754913210869,0.59144347906113,0.69225615262985
552,0.51724177598953,0.024835735559464,-0.7066702246666,-0.48214241862297
553,1.7610828706438e-07,0.61994218826294,0.78464752435684,-1.0408086836833e-06
554,-2.6428313759652e-08,0.68837910890579,0.72535109519958,6.8432912669891e-09
555,0.84476613998413,-1.9051784594382e-09,-3.6887364274207e-09,-0.53513562679291
556,0.30976310372353,0.66850036382675,0.23045027256012,0.63564676046371
557,0.70679062604904,0.48483511805534,-0.51471811532974,-0.021147327497602
558,0.64100939035416,0.24220055341721,-0.66433334350586,-0.29850828647614
559,0.37252196669579,0.68839550018311,0.16159023344517,0.60102212429047
560,0.64064478874207,0.66463965177536,-0.24135787785053,0.29929035902023
561,0.61250096559525,0.68295031785965,-0.18324454128742,0.35333114862442
562,0.69987821578979,0.56621062755585,-0.42356240749359,0.10085099935532
563,0.67502498626709,0.626220703125,-0.32840144634247,0.21057395637035
564,0.70686542987823,0.51290911436081,-0.48674833774567,0.018481710925698
565,-3.6047410389983e-08,0.78580105304718,0.61847931146622,-5.1907109721583e-09
566,0.30884259939194,0.66816574335098,0.23141792416573,0.63609474897385
567,0.94904232025146,-1.4597142126149e-06,-2.1926810234163e-07,0.31514868140221
568,0.58207762241364,0.1277184933424,-0.69547647237778,-0.40147987008095
569,0.33169695734978,0.67611503601074,0.2070460319519,0.62448179721832
570,-0.041136421263218,0.47005265951157,0.52825200557709,0.70590943098068
571,0.66315126419067,0.64246320724487,-0.29536515474319,0.24541972577572
572,-0.099167183041573,-1.8799595213892e-09,3.3178111369381e-09,0.99507081508636
573,0.38668096065521,0.6920365691185,0.14520728588104,0.5920118689537
574,0.83660554885864,5.6266504344649e-08,8.5303000219028e-08,-0.54780572652817
575,0.65880995988846,0.64747285842896,-0.28421634435654,0.25684550404549
576,0.33435505628586,0.67699140310287,0.20416291058064,0.62306249141693
577,-0.27319476008415,0.26798149943352,0.65435892343521,0.65220004320145
578,0.63442343473434,0.66941231489182,-0.22778712213039,0.31226128339767
579,-2.4217245986335e-09,0.91746473312378,-0.39781707525253,1.3712031510238e-08
580,0.99597889184952,2.3712742880377e-09,-1.5002337150349e-08,0.089588634669781
581,-0.45342466235161,0.063033983111382,0.70429158210754,0.54259204864502
582,0.46698531508446,0.70565634965897,0.045262396335602,0.53096622228622
583,0.50381624698639,0.70708626508713,-0.0054010436870158,0.49615424871445
584,0.52546858787537,0.70613956451416,-0.036969233304262,0.47316268086433
585,2.4712953461403e-08,0.99627995491028,0.086176104843616,2.3242188262884e-07
586,0.2796955704689,-0.26143452525139,0.65700179338455,0.64943903684616
587,-1.9041600296532e-08,0.78243947029114,0.62272661924362,-5.9265707896827e-09
588,-9.9831662936367e-09,0.52145731449127,0.85327738523483,-4.2295793534208e-09
589,-0.019505474716425,0.48600500822067,0.5136137008667,0.70683777332306
590,0.015179299749434,0.51060676574707,0.489163428545,0.70694375038147
591,0.2172342389822,2.4959270206182e-09,1.8903145715399e-10,0.97611951828003
592,0.68962532281876,0.37716075778008,-0.59812182188034,-0.15625934302807
593,0.40609434247017,-0.12215219438076,0.69647628068924,0.57886707782745
594,0.66233450174332,0.64343822002411,-0.2932353913784,0.24761520326138
595,-2.1323291576891e-08,-0.65084505081177,0.75921058654785,1.589258946666e-09
596,-0.055175382643938,0.45944780111313,0.53750139474869,0.70495080947876
597,0.67215293645859,0.32004746794701,-0.63053333759308,-0.21956269443035
598,-0.048495657742023,0.46451839804649,0.53312528133392,0.70544189214706
599,0.63420861959457,3.6963412330948e-09,3.3312836933419e-09,-0.77316200733185
600,0.67063689231873,0.3157225549221,-0.63270729780197,-0.22415819764137
601,0.70549046993256,0.46507826447487,-0.53263664245605,-0.047787863761187
602,0.99141722917557,-3.6030893824091e-09,1.8451050465274e-08,0.1307361125946
603,-9.7134375209862e-07,0.77047407627106,0.63747143745422,-8.0665984114603e-07
604,7.0718595424069e-09,0.41161981225014,0.91135567426682,3.1535591915599e-08
605,0.07229245454073,1.9954050856086e-08,1.0002366934714e-08,0.99738347530365
606,0.70632117986679,0.52302688360214,-0.47585919499397,0.033335737884045
607,0.26060038805008,0.6490706205368,0.28054803609848,0.65733367204666
608,0.63910818099976,0.66586339473724,-0.23796117305756,0.30255767703056
609,0.065046921372414,-6.2016063395731e-09,3.9414711494601e-08,0.99788224697113
610,0.96403861045837,1.1355022166981e-07,-2.6117794504898e-07,-0.26576226949692
611,-0.048112504184246,0.46480783820152,0.53287279605865,0.70546823740005
612,-0.23616573214531,0.30427896976471,0.63828980922699,0.66650301218033
613,0.6407710313797,0.66453772783279,-0.24163928627968,0.29901930689812
614,0.57149577140808,0.10968247801065,-0.69854819774628,-0.4164046049118
615,0.70369267463684,0.44870239496231,-0.546531021595,-0.069185823202133
616,-0.45159164071083,0.065409727394581,0.70407491922379,0.54411864280701
617,-0.0021209386177361,0.49848610162735,0.50150936841965,0.70710361003876
618,0.60292714834213,-0.60286748409271,-0.36946094036102,0.36949750781059
619,0.84667265415192,-1.5485706938989e-08,5.3402189337248e-09,-0.53211414813995
620,0.33524441719055,0.67728191614151,0.20319609344006,0.62258476018906
621,0.72927981615067,-3.643176871293e-10,2.1724844145865e-09,0.68421560525894
622,0.64215493202209,0.24475920200348,-0.66339522600174,-0.29603534936905
623,0.22398354113102,0.63262546062469,0.31588742136955,0.67069482803345
624,-0.2417216449976,0.29893973469734,0.64080786705017,0.6645080447197
625,-0.24674300849438,0.29408231377602,0.64305156469345,0.66265994310379
626,0.56993955373764,0.69895774126053,-0.10704235732555,0.41853192448616
627,0.64342427253723,0.66234618425369,-0.24758310616016,0.29326671361923
628,0.60842031240463,0.1754551678896,-0.68499290943146,-0.36031228303909
629,0.59275090694427,0.14652226865292,-0.69175237417221,-0.38555976748466
630,0.66071885824203,0.64532172679901,-0.2890662252903,0.25189518928528
631,0.46916306018829,0.70583689212799,0.042358081787825,0.52904266119003
632,0.6547594666481,0.65178608894348,-0.27420225739479,0.26697966456413
633,0.50328403711319,0.0046752523630857,-0.70709002017975,-0.4966961145401
634,-1.7981379940579e-08,-0.041033059358597,0.99915778636932,1.3247799302007e-08
635,0.70626270771027,0.52384400367737,-0.47495973110199,0.034549724310637
636,-0.49252212047577,0.010480826720595,0.70702892541885,0.50736790895462
637,0.54661995172501,0.069354541599751,-0.70369702577591,-0.44856104254723
638,-0.31299924850464,-1.2509846492037e-08,-1.7824861586746e-08,0.94975340366364
639,-0.033363472670317,-2.8765634851879e-07,2.7005154379367e-07,0.9994432926178
640,0.99886310100555,1.6699051030855e-08,4.4222971951058e-09,0.047671232372522
641,0.33541014790535,0.6773402094841,0.20300482213497,0.62249445915222
642,0.11904477328062,0.57703077793121,0.40869942307472,0.69701409339905
643,0.19488778710365,0.61843264102936,0.34284248948097,0.67971968650818
644,0.1192579343915,0.57715570926666,0.40852299332619,0.69697761535645
645,0.32442373037338,0.67366576194763,0.21488238871098,0.6282907128334
646,-0.20372177660465,0.33473140001297,0.62286007404327,0.6771245598793
647,0.65300464630127,0.26994600892067,-0.65355116128922,-0.27126550674438
648,0.70360499620438,0.44783708453178,-0.54721283912659,-0.070285707712173
649,0.59627145528793,0.69038784503937,-0.15285429358482,0.38007965683937
650,0.23615579307079,-5.1444275506185e-09,2.87351564765e-09,0.97171521186829
651,0.88107019662857,-2.2388807252582e-08,-5.5647142005455e-08,-0.47298553586006
652,0.2735501229763,0.65449231863022,0.26765602827072,0.65205091238022
653,-0.084227703511715,0.43686893582344,0.55600839853287,0.7020725607872
654,0.35679918527603,0.68398904800415,0.17940753698349,0.61046403646469
655,0.52536046504974,0.036841310560703,-0.70614612102509,-0.47328293323517
656,0.67174690961838,0.63114809989929,0.31880739331245,-0.22083930671215
657,-0.33408042788506,0.20442777872086,0.67691195011139,0.62320923805237
658,-3.1892850582693e-09,-0.49827671051025,0.8670180439949,-4.4980044577869e-08
659,0.6884138584137,0.60099804401398,-0.3725600540638,0.16151368618011
660,0.75779277086258,1.2698917473131e-09,-4.3968566565411e-09,-0.65249532461166
661,0.81194353103638,-1.0427481988984e-08,-2.0238287490315e-08,0.58373600244522
662,-0.0013372950488701,0.49904152750969,0.50095653533936,0.70710557699203
663,-4.3618367584486e-08,0.78368198871613,0.62116223573685,4.6876644788085e-09
664,-0.058359544724226,0.45701482892036,0.53957140445709,0.70469450950623
665,0.70626199245453,0.52384865283966,0.47495523095131,-0.034555844962597
666,0.69178587198257,0.59269469976425,-0.38563299179077,0.14639839529991
667,-0.20857848227024,0.33025044202805,0.62524747848511,0.67564433813095
668,0.55692595243454,0.70189374685287,-0.085703879594803,0.4356988966465
669,0.57579547166824,0.1169415935874,-0.69736969470978,-0.41043850779533
670,0.67603993415833,0.62461805343628,-0.33143922686577,0.20729276537895
671,0.41841277480125,-0.41837137937546,-0.57001399993896,0.57007032632828
672,-0.2701330780983,0.27104768157005,0.65309482812881,0.65347409248352
673,0.32629066705704,0.6743016242981,0.21287819743156,0.62732344865799
674,0.64631658792496,0.65984469652176,-0.25417485833168,0.2868364751339
675,0.44536367058754,0.70328003168106,0.073460012674332,0.5492285490036
676,0.50223278999329,0.0031814901158214,-0.70709955692291,-0.49775725603104
677,0.46398109197617,-0.049206636846066,0.70539343357086,0.53359204530716
678,0.10625299066305,-1.2022995576899e-07,9.2118298766763e-08,0.9943391084671
679,0.55197530984879,0.70281577110291,-0.077779874205589,0.44195422530174
680,0.31661486625671,0.67095178365707,0.2232118844986,0.63226199150085
681,-0.27318197488785,0.2679942548275,0.65435373783112,0.65220540761948
682,0.61643022298813,0.68084961175919,-0.19090270996094,0.34643024206161
683,0.54183799028397,0.061897300183773,-0.70439231395721,-0.45432567596436
684,0.88641393184662,1.6490258758495e-06,-8.7971943685261e-07,-0.46289357542992
685,-0.011745188385248,0.49161374568939,0.50824767351151,0.70700943470001
686,0.51984494924545,0.70652687549591,-0.028629086911678,0.47933447360992
687,0.55284738540649,0.70266330242157,-0.079173997044563,0.44085782766342
688,0.61350232362747,-0.61344158649445,0.35162463784218,-0.35165956616402
689,0.1888510286808,2.0552015644881e-09,5.7739200087781e-09,0.98200577497482
690,0.096633605659008,0.5636288523674,0.42699193954468,0.70047295093536
691,0.68953883647919,0.59834814071655,-0.3768016397953,0.15664057433605
692,0.073255442082882,0.54909825325012,0.44552308320999,0.70330214500427
693,0.70709174871445,0.49672695994377,-0.50325155258179,-0.0046304198913276
694,0.68516445159912,0.36090716719627,-0.60806804895401,-0.17478267848492
695,0.45413333177567,0.70436996221542,0.062147535383701,0.5419996380806
696,0.53059637546539,1.0139389772235e-08,-7.3923978050061e-10,-0.84762459993362
697,7.2361530101261e-07,0.73136389255524,-0.68198752403259,-6.668221885775e-07
698,-8.6292328838056e-10,-0.26797929406166,0.96342468261719,3.8847257854968e-08
699,0.70059162378311,0.56312143802643,-0.42766118049622,0.095768354833126
700,-0.035375207662582,0.47434741258621,0.52439910173416,0.70622146129608
701,-0.38978624343872,-1.8807763524364e-07,1.6683105741322e-07,0.92090541124344
702,0.69309705495834,0.39107060432434,-0.58912110328674,-0.14005927741528
703,-0.34007331728935,0.19789278507233,0.678850710392,0.61995995044708
704,-0.2616611123085,0.27946919202805,0.64953577518463,0.6569122672081
705,-0.1211676299572,0.40691235661507,0.57829236984253,0.69664818048477
706,0.68518513441086,0.36097884178162,-0.6080247759819,-0.17470405995846
707,0.18452659249306,0.61314630508423,0.35220924019814,0.68260544538498
708,0.31857448816299,0.67164152860641,0.22112843394279,0.63127666711807
709,-0.35043331980705,0.18646880984306,0.68207722902298,0.61416333913803
710,-4.4721786274238e-09,-0.64711862802505,0.76238936185837,-2.8143292141181e-08
711,-0.092786185443401,0.43005296587944,0.56129604578018,0.70099347829819
712,0.40042051672935,0.69524383544922,0.12898257374763,0.58280605077744
713,0.62697559595108,0.67453849315643,-0.21212691068649,0.32695817947388
714,0.32353848218918,0.67336219549179,0.21583107113838,0.62874728441238
715,0.66208356618881,0.29261404275894,-0.6437206864357,-0.24828624725342
716,0.6937370300293,0.39378914237022,-0.58730733394623,-0.13685436546803
717,0.54697000980377,0.70362621545792,-0.06983820348978,0.4481703042984
718,0.66910880804062,0.63483834266663,-0.31141594052315,0.22867839038372
719,-0.030426686629653,0.47800955176353,0.52106297016144,0.70645207166672
720,0.53106683492661,0.045410439372063,-0.70564699172974,-0.46687066555023
721,-3.159658845675e-08,0.98475724458694,-0.17393444478512,2.3959721318079e-08
722,-2.8655868788974e-09,-0.56492972373962,0.82513904571533,-8.1127904394407e-09
723,-0.24157302081585,0.2990830540657,0.64074110984802,0.66456198692322
724,0.013788014650345,0.50964277982712,0.49016728997231,0.7069725394249
725,0.67969763278961,0.618488073349,-0.34274211525917,0.19496574997902
726,0.68449550867081,0.60945135354996,-0.3585649728775,0.17738725244999
727,0.17835503816605,0.60994082689285,0.35773181915283,0.68424385786057
728,0.70167326927185,0.43430399894714,-0.5580141544342,-0.087492652237415
729,0.56800466775894,0.10385561734438,-0.69943827390671,-0.42115414142609
730,0.6654040813446,0.3013559281826,-0.63967525959015,-0.23924380540848
731,0.2247556746006,0.63298863172531,0.31515890359879,0.67043656110764
732,0.29517176747322,-1.0561265639808e-08,-2.0010674006699e-08,0.95544421672821
733,0.11733106523752,-0.41008964180946,0.5760446190834,0.69730377197266
734,0.63758838176727,0.66704422235489,-0.23463137447834,0.30574718117714
735,-0.28761920332909,0.25337538123131,0.66015207767487,0.64596855640411
736,-0.16387066245079,0.37049973011017,0.60227048397064,0.68785655498505
737,0.45034366846085,3.7713774325709e-09,1.0234569441936e-10,0.89285534620285
738,0.62860924005508,0.67346525192261,-0.21550996601582,0.32380637526512
739,-0.18057158589363,0.35572436451912,0.61111384630203,0.6836621761322
740,0.65651726722717,0.27852118015289,-0.64994299411774,-0.26265016198158
741,0.61689454317093,0.6805927157402,-0.19181591272354,0.34560289978981
742,-0.14759483933449,2.7345681274937e-09,-3.0208489931738e-08,0.98904794454575
743,0.58317786455154,1.9877764145804e-07,-7.541549251755e-08,0.81234455108643
744,0.61460018157959,0.18735234439373,-0.68183493614197,-0.3496667444706
745,0.70682084560394,0.51403319835663,-0.48556101322174,0.020116051658988
746,1.5370869022036e-08,0.81587660312653,-0.57822608947754,-2.5035486572733e-08
747,0.32739025354385,0.67467421293259,0.21169488132,0.62674999237061
748,-1.1975922120655e-07,0.30776283144951,0.95146316289902,-3.040841818347e-07
749,-9.0693283993915e-09,-0.28887501358986,0.95736682415009,2.7738709107439e-09
750,-2.9361531872496e-08,0.49220502376556,0.87047928571701,-9.0052809653685e-10
751,0.81454855203629,-5.853011408874e-09,-2.3364929990777e-09,0.58009535074234
752,0.70620954036713,0.47418034076691,-0.52454918622971,-0.035626191645861
753,-6.022302159181e-07,0.94677555561066,-0.32189449667931,1.0017795375461e-06
754,0.82079118490219,1.5829652255661e-08,3.5126612729641e-09,0.57122838497162
755,0.99949592351913,9.9024233257694e-10,-5.987368378868e-09,0.031747579574585
756,0.43647903203964,0.70200914144516,0.084753274917603,0.55631470680237
757,-0.09471383690834,0.42850834131241,0.56247740983963,0.70073467493057
758,-0.051834344863892,4.2513250697596e-09,-1.4234802669932e-08,0.99865573644638
759,-0.28289756178856,0.25818622112274,0.65828531980515,0.64805036783218
760,0.2832957804203,2.7171003225135e-08,-3.5593629377217e-08,0.95903259515762
761,0.27605003118515,0.65548104047775,0.26517534255981,0.65101689100266
762,0.70702803134918,0.49184262752533,-0.50800681114197,-0.011459177359939
763,-0.35349527001381,-1.1917513376147e-07,-1.7090940218623e-08,0.93543636798859
764,0.065793685615063,0.54434329271317,0.45132058858871,0.70403927564621
765,0.68756133317947,0.60293459892273,-0.36941811442375,0.16510470211506
766,-1.8290501335727e-09,0.42080780863762,0.90714985132217,-4.3031604946009e-08
767,0.67473030090332,0.32755649089813,-0.62666308879852,-0.21151632070541
768,0.61065626144409,0.17972500622272,-0.68388497829437,-0.356509745121
769,0.46676722168922,-1.0522475335506e-08,8.8824041455382e-09,0.88438022136688
770,0.62039041519165,0.67859905958176,-0.19875359535217,0.33928769826889
771,0.62346017360687,0.20497247576714,-0.6767480969429,-0.33361005783081
772,0.69943362474442,0.5680365562439,-0.42111498117447,0.10387226939201
773,0.022853318601847,7.5352815542828e-08,1.2908995650207e-08,0.99973887205124
774,7.1378325472438e-10,-0.36369189620018,0.93151932954788,-2.8616709002449e-08
775,-0.20358388125896,0.33485823869705,0.62279200553894,0.67716598510742
776,2.8026972742623e-08,-0.22218863666058,0.97500371932983,-3.0616131851957e-08
777,0.67205590009689,0.31976145505905,-0.63067615032196,-0.21986600756645
778,-0.16391360759735,0.37046200037003,0.60229378938675,0.6878462433815
779,0.64555650949478,0.66051369905472,-0.25243085622787,0.28854313492775
780,0.28758829832077,0.66012787818909,0.2534384727478,0.64598226547241
781,0.51025611162186,0.014673018828034,-0.70695441961288,-0.48952928185463
782,0.18087723851204,0.61125600337982,0.35547995567322,0.68358147144318
783,-3.8029206450574e-08,0.99079811573029,0.13534799218178,6.0701559334575e-09
784,0.34727418422699,0.68110352754593,0.18999779224396,0.61595422029495
785,-1.7769426818859e-08,0.99654567241669,0.083046905696392,6.4212990480428e-09
786,-0.0054691741243005,0.49610584974289,0.50386393070221,0.70708572864532
787,0.65935474634171,0.28562369942665,-0.64685314893723,-0.25544354319572
788,0.66582494974136,0.3024837076664,-0.63914287090302,-0.23806960880756
789,0.64658898115158,0.25483366847038,-0.65959048271179,-0.28622174263
790,-1.0704692243735e-07,0.88317370414734,0.46904608607292,-1.2473063693008e-09
791,0.23636768758297,0.63836777210236,0.30411574244499,0.66643118858337
792,-0.048772402107716,0.46430918574333,0.53330737352371,0.70542287826538
793,-0.44879525899887,-1.7801887963742e-08,2.7500529853342e-08,0.89363461732864
794,-0.015638349577785,1.3165315060348e-08,-1.1610696404318e-08,0.99987775087357
795,0.64607352018356,0.66005951166153,-0.25361621379852,0.28738358616829
796,0.59337842464447,0.14765945076942,0.69151794910431,0.38457989692688
797,0.67917853593826,0.34113201498985,-0.61937779188156,-0.19676557183266
798,0.37289535999298,0.6884970664978,-0.16116416454315,-0.60078865289688
799,0.61601501703262,0.19011947512627,-0.68106853961945,-0.34716820716858
800,-0.0027862261049449,-1.4858674290963e-09,3.5333722614439e-09,0.99999612569809
801,-3.1961054247631e-08,0.15238679945469,0.98832094669342,-2.6978298706126e-08
802,0.85065215826035,2.4822020350257e-06,-1.5316954886657e-06,0.52572906017303
803,0.67711287736893,0.33472490310669,-0.62286341190338,-0.20376099646091
804,0.081203833222389,3.2700833152433e-09,-1.5071963233027e-08,0.99669754505157
805,-0.18766435980797,0.34935629367828,0.61477649211884,0.68174934387207
806,0.87084764242172,-3.0840510589769e-08,-4.9223292108991e-09,0.49155303835869
807,-0.049144268035889,0.46402803063393,0.53355211019516,0.70539700984955
808,0.58108854293823,0.12600773572922,-0.69578951597214,-0.40290832519531
809,0.626808822155,0.21181628108025,-0.67463612556458,-0.32727786898613
810,0.14006105065346,0.58912223577499,0.39106920361519,0.69309651851654
811,0.26216357946396,0.64973628520966,0.27900287508965,0.65671187639236
812,0.94311624765396,1.7307981714509e-09,-2.4083712801826e-10,-0.33246317505836
813,-0.029967630282044,0.47834804654121,0.52075225114822,0.70647168159485
814,-0.28857430815697,0.25239872932434,0.66052609682083,0.64554244279861
815,-3.5490156591322e-08,0.16991683840752,0.98545843362808,-7.4364407964822e-08
816,-1.7129050178255e-08,-0.37094885110855,0.9286532998085,9.3675183165942e-09
817,0.073914051055908,0.54951536655426,0.44500860571861,0.70323318243027
818,0.082975290715694,-0.43786013126373,0.55522853136063,0.70222145318985
819,0.68560302257538,0.60717248916626,-0.36241069436073,0.1730565726757
820,0.54048067331314,0.059796292334795,-0.70457375049591,-0.45593956112862
821,-0.12601852416992,0.40287321805954,0.58111357688904,0.6957870721817
822,0.18652766942978,-0.1865092664957,-0.68202990293503,0.6820974946022
823,0.66297286748886,0.64267724752426,-0.29490080475807,0.24589943885803
824,0.35332828760147,-9.5579615333463e-09,-1.3199705328759e-08,0.93549942970276
825,0.69542145729065,0.58227175474167,-0.40119695663452,0.12802188098431
826,3.1382317189355e-08,0.79729330539703,-0.60359215736389,-2.5586646135167e-09
827,0.69359761476517,0.39319342374802,0.58770662546158,0.13755804300308
828,-5.4883983580112e-08,0.68812149763107,0.72559553384781,4.700681444092e-08
829,0.70660471916199,0.48081982135773,0.51847130060196,0.026640556752682
830,0.65747761726379,0.64892816543579,-0.28088092803955,0.2602331340313
831,0.67833840847015,-0.67827141284943,-0.19974614679813,0.19976587593555
832,0.38163730502129,-2.2179049707916e-09,9.4776053671808e-10,0.92431217432022
833,0.44412931799889,0.70311397314072,-0.075038701295853,-0.55022639036179
834,0.25275632739067,0.64568465948105,0.2882553935051,0.66038966178894
835,-2.5865523056723e-09,0.9878688454628,-0.15529070794582,1.5968911748487e-09
836,-0.42357152700424,0.10084024071693,0.69987910985947,0.56620460748672
837,0.026238068938255,-0.4810902774334,0.51822036504745,0.70661967992783
838,-0.11313762515783,0.41354435682297,0.57356852293015,0.69799721240997
839,-0.43145906925201,0.091029085218906,0.70122283697128,0.56021720170975
840,0.69757544994354,0.57509732246399,-0.41141074895859,0.11572681367397
841,-0.44813168048859,-6.7048637752976e-09,3.1126514699054e-09,0.89396756887436
842,0.44759052991867,0.7035738825798,0.070601679384708,0.54741382598877
843,-0.47519642114639,-3.2907361280365e-09,-1.4158738181891e-08,0.87987977266312
844,-0.258440554142,0.28264728188515,0.64815926551819,0.65818583965302
845,-1.4907692857946e-08,0.9710009098053,0.23907577991486,2.1716228815194e-08
846,-0.091631971299648,0.43097704648972,0.56058770418167,0.70114463567734
847,0.34133905172348,0.67924398183823,0.19653850793839,0.61926400661469
848,0.27729564905167,0.65601992607117,0.26388949155807,0.6504670381546
849,0.47478371858597,-4.7924846313663e-09,-1.6750533404775e-08,0.88010251522064
850,-0.18489786982536,0.35184663534164,0.61335450410843,0.68250495195389
851,0.62944900989532,0.67292636632919,-0.21735000610352,0.32206055521965
852,0.13160626590252,0.58431375026703,0.39821779727936,0.69475167989731
853,0.52008724212646,2.6304276090627e-08,-2.1432210672856e-08,-0.85411316156387
854,0.4281712770462,0.7006733417511,0.095166824758053,0.56273400783539
855,4.610065662547e-09,0.99890214204788,-0.04684567078948,2.6003904807226e-08
856,-6.2499503350466e-09,0.19861033558846,0.9800785779953,3.5483818550119e-08
857,0.50493317842484,0.70706158876419,-0.006694199051708,0.49503695964813
858,0.67052209377289,0.31539970636368,-0.63286876678467,-0.22450044751167
859,-9.4451646504012e-09,0.88871073722839,-0.4584684073925,1.2232876045459e-08
860,0.75285083055496,9.6657792880706e-09,9.7098267204387e-09,-0.65819120407104
861,0.55123281478882,0.076633520424366,-0.70294153690338,-0.44288021326065
862,-0.29181969165802,0.2490711659193,0.66178780794144,0.64408206939697
863,-0.24720676243305,0.29363197088242,0.64325714111328,0.66248726844788
864,0.6985028386116,0.41616687178612,-0.57166850566864,-0.10997295379639
865,0.89203083515167,8.2955811109287e-09,-2.1132295913162e-08,-0.45197454094887
866,-0.13145309686661,0.39831879734993,0.58424472808838,0.69478076696396
867,0.87535059452057,-3.8093759258118e-07,2.1617915990646e-07,-0.48348867893219
868,-8.7375482848984e-08,0.7542849779129,-0.65654712915421,-2.335512050422e-08
869,0.97692561149597,-3.7648759665387e-09,2.6114386209031e-09,0.21357989311218
870,2.1829027474496e-08,0.98502105474472,0.17243412137032,2.2073576744219e-08
871,0.39370837807655,0.69371777772903,0.1369501054287,0.58736193180084
872,0.18379870057106,0.61277061700821,0.35286283493042,0.68280166387558
873,0.64518457651138,-0.64512056112289,0.28943029046059,-0.28945884108543
874,0.68893361091614,0.37453591823578,0.59976917505264,0.15928043425083
875,-0.41840428113937,-9.4586933840901e-09,1.5280647858162e-08,0.90826094150543
876,0.77465987205505,5.7114157847593e-09,3.6693610372396e-09,-0.63237810134888
877,0.8795194029808,-1.8497587461752e-07,-1.7474854985267e-07,-0.47586312890053
878,0.50595372915268,0.70707941055298,-0.0084786014631391,0.49394094944
879,0.70677012205124,0.51520347595215,-0.48431932926178,0.021821735426784
880,-1.6788691326042e-08,0.99110609292984,-0.1330740749836,1.5019773869085e-08
881,-0.11979574710131,0.40804216265678,0.5774592757225,0.69691562652588
882,0.62578600645065,1.2984219921464e-08,-9.874336015514e-09,0.77999478578568
883,-2.13687325612e-08,0.5309072136879,0.84742993116379,2.3038237983997e-10
884,0.95968860387802,5.2560999996842e-09,-1.0525440963249e-08,0.28106558322906
885,0.34126779437065,-7.0920708594713e-07,-1.0676634474294e-06,0.93996614217758
886,0.0033303590025753,0.50233745574951,0.49765133857727,0.7070991396904
887,0.53802466392517,0.70488727092743,-0.055980436503887,0.45883500576019
888,-3.9725584599637e-08,0.81596827507019,0.57809674739838,-8.4315679771407e-08
889,0.12753456830978,0.58197110891342,0.40163338184357,0.69551074504852
890,-0.24285630881786,0.29784482717514,0.64131742715836,0.66409432888031
891,0.75905579328537,-2.0962334090768e-08,1.4981807794356e-08,-0.65102559328079
892,0.44194969534874,0.70281141996384,0.077819027006626,0.55197894573212
893,0.59556376934052,-0.59550458192825,0.38121467828751,-0.38125246763229
894,-2.0121659005667e-08,-0.40151301026344,0.91585332155228,2.6684189080584e-08
895,0.43028348684311,0.70102602243423,0.092533610761166,0.56112056970596
896,3.4641232105059e-09,0.97304677963257,-0.23060786724091,1.9578964227662e-08
897,0.55763483047485,0.70175302028656,-0.08684653788805,0.43479165434837
898,0.50235426425934,0.70706009864807,-0.0030639790929854,0.4976914525032
899,0.55665725469589,0.70194792747498,-0.085277073085308,0.43603873252869
900,0.091103687882423,0.56024247407913,0.43142586946487,0.70121341943741
901,0.64409571886063,0.24913400411606,-0.6617643237114,-0.2917891740799
902,2.7310488093235e-08,0.76732033491135,0.64126402139664,-5.4053064246773e-08
903,-7.4615975620418e-08,0.96063596010208,0.27781042456627,2.6060282820595e-08
904,0.6336452960968,0.22615119814873,-0.6699646115303,-0.31384181976318
905,-3.3090362450139e-08,0.56838059425354,0.82276576757431,-2.8328482670759e-08
906,0.19047589600086,0.61619633436203,0.34684556722641,0.68096929788589
907,-0.44710528850555,0.071193091571331,0.70351356267929,0.54781121015549
908,3.349641275463e-08,-0.48079839348793,0.87683117389679,-4.748045512315e-08
909,0.70522648096085,0.53512126207352,-0.46221759915352,0.051533848047256
910,0.51035386323929,1.2243581259952e-08,1.0148012430378e-09,0.85996454954147
911,-1.0353660151452e-08,0.72770619392395,-0.68588900566101,3.8796152068699e-08
912,-1.3575436241808e-07,0.044574283063412,0.99900609254837,-2.5859817398555e-08
913,-0.40965786576271,0.11785335093737,0.69721615314484,0.57635116577148
914,0.61982750892639,0.67892742156982,-0.19762967526913,0.34031438827515
915,-0.29864746332169,0.2420246899128,0.66439741849899,0.64094454050064
916,0.51006770133972,0.014400902204216,-0.7069599032402,-0.48972570896149
917,-0.39092510938644,0.14019776880741,0.69306886196136,0.58921790122986
918,0.030901834368706,0.52136182785034,0.47768366336823,0.70643138885498
919,0.3862136900425,0.69192636013031,0.14575105905533,0.59231203794479
920,-3.1463848415569e-08,0.69123089313507,0.72263395786285,-7.2377983606486e-09
921,0.70686990022659,0.5096971988678,-0.49026799201965,0.013455447740853
922,0.99045425653458,4.5517953850549e-09,2.9965736558779e-09,-0.13784196972847
923,0.34980982542038,0.68187862634659,0.18719345331192,0.61451870203018
924,-0.27992188930511,-8.7589313579883e-08,6.6451598002004e-08,0.96002280712128
925,0.95098310709,-1.4112323754034e-08,2.1387660531502e-09,-0.30924290418625
926,0.70605200529099,0.52656674385071,-0.47193998098373,0.038609974086285
927,0.9973224401474,3.0944431461677e-09,9.7835197720997e-09,-0.073130339384079
928,0.45758005976677,0.7047621011734,0.057644933462143,0.53908061981201
929,0.5435152053833,0.70416170358658,-0.064467117190361,0.4523178935051
930,0.70123684406281,0.43161976337433,-0.56010246276855,-0.090865671634674
931,-0.04313562437892,0.46855464577675,0.52958130836487,0.70578998327255
932,0.16312651336193,0.60185194015503,0.37117940187454,0.68803328275681
933,0.36293831467628,0.6857448220253,0.17249305546284,0.60685747861862
934,0.27703228592873,0.65591377019882,0.26415294408798,0.65057933330536
935,0.75806540250778,3.0273021423e-08,7.613714103627e-09,0.65217852592468
936,0.62398689985275,0.20603451132774,-0.67642199993134,-0.3326310813427
937,0.70431524515152,0.45365542173386,0.54239928722382,0.062768206000328
938,-1.8505595278384e-08,0.22827564179897,0.97359657287598,-1.0217999779627e-09
939,0.97828555107117,9.6416945538635e-09,4.8061177260195e-09,-0.20726169645786
940,0.021653044968843,0.51506495475769,0.48446652293205,0.70677536725998
941,0.70650416612625,0.52022683620453,-0.47891932725906,0.029192114248872
942,0.31620541214943,0.67080670595169,0.22364656627178,0.63246721029282
943,0.5192883014679,0.70655995607376,-0.027809411287308,0.47993683815002
944,0.19873094558716,0.62036275863647,0.33933752775192,0.67860597372055
945,-0.36579570174217,6.2164442482526e-09,-1.3124699549394e-08,0.93069517612457
946,-1.7590193237993e-05,0.86438101530075,0.50283747911453,1.0780925549625e-05
947,0.57313460111618,0.69811534881592,-0.1124057918787,0.41414576768875
948,-0.27536502480507,0.26580092310905,0.65524798631668,0.65128648281097
949,-4.4190866077543e-08,0.56365185976028,0.82601249217987,-8.3402220241169e-08
950,0.69143587350845,0.38496896624565,-0.59329956769943,-0.14734679460526
951,0.96410292387009,3.3650633213256e-07,-1.1705965086151e-08,-0.26552897691727
952,0.53856760263443,0.70482975244522,-0.056676685810089,0.45820048451424
953,0.15951032936573,0.59989404678345,0.3743354678154,0.68888068199158
954,0.74979346990585,2.529455089828e-09,2.3569290519276e-08,-0.66167193651199
955,-0.42291963100433,0.10164861381054,0.69977790117264,0.56667226552963
956,0.51915484666824,-0.51910406351089,0.48008540272713,-0.48013266921043
957,0.66714376211166,0.30604711174965,-0.63744407892227,-0.2343490421772
958,0.33639115095139,0.67766052484512,0.20195299386978,0.62195837497711
959,-8.2567190418104e-08,0.49832162261009,0.86699223518372,-2.4978882962046e-08
960,0.62449729442596,2.8667413971561e-06,1.6185007325475e-06,0.78102695941925
961,-5.9155709664083e-08,0.97627687454224,0.21652606129646,3.319190966522e-08
962,-0.29098460078239,0.24992866814137,0.66146457195282,0.64445966482162
963,0.5587916970253,6.8493548610604e-09,-1.335875410291e-09,0.8293080329895
964,0.15963892638683,0.59996372461319,0.37422347068787,0.68885099887848